fk_word,ex_en,word_pos_en,ex_es,word_pos_esp
1,That book is on the table.,5,Ese libro está en la mesa.,0
2,She bought a book for her son,3,Ella compró un libro para su hijo,3
3,I really enjoy spending time with my friends.,1,Me encanta pasar tiempo con mis amigos.,0
4,I don't know what it is.,5,No sé qué es él.,5
5,She is studying and playing the guitar.,4,Estudia y toca el guitarra.,2
6,Can you pass the salt?,2,Puedes pasar la sal?,0
7,This is the book of my favorite author.,5,Esta es la libro de mi autor favorito.,5
8,I can see that you need help.,4,Puedo ver que necesitas ayuda.,0
9,The ball is in the park.,4,El balón está en el parque.,4
10,We are going to the store.,1,Nosotros vamos a la tienda.,1
11,She is studying for her exam tomorrow,4,Ella estudia para su exámino de maáana,3
12,I have a lot of books.,2,Tengo mucha literatura.,0
13,The light is shining on the wall.,5,La luz está brillando sobre la pared.,5
14,I'm going to this party tonight.,4,Estoy iba a este festival por la noche.,4
15,They are coming to the party tonight.,1,Están llegando al fiesta esta noche.,0
16,The manager is he who signs the checks.,4,El jefe es él quien firma los cheques.,4
17,I don't know what time the movie starts.,4,No sé qué hora comienza la película.,3
18,"I wanted to go, but I had a headache.",5,"Quería ir, pero tenía un dolor de cabeza.",3
19,She is going with her friends to the party.,4,Ella va con sus amigos al party.,3
20,The book is at the top shelf.,4,El libro está en la parte superior del estante.,4
21,I need to study all night if I want to pass this exam.,5,Necesito estudiar toda la noche si quiero aprobar este examen.,0
22,She sings as sweetly as a bird,3,Ella canta como una pava,3
23,I have one apple in my lunchbox.,3,Tengo una manzana en mi cajita de almuerzo.,0
24,She can speak three languages fluently.,2,Ella puede hablar tres idiomas con fluidez.,0
25,She will attend the concert tonight.,2,Ella voluntad asistir al concierto esta noche.,2
26,She stood up from her seat.,3,Ella se puso de pie desde su silla.,0
27,I like the way she sings,2,Me gusta la manera en que ella canta,0
28,This is my first day at college.,3,Esta es mi primera día en la universidad.,3
29,She is about town this weekend.,3,Ella está de pueblo este fin de semana.,0
30,She took a moment to think about her next move.,6,Ella tomó un momento para pensar en su próximo movimiento.,6
31,I don't have money if you lend me yours.,5,No tengo dinero si me prestas el tuyo.,4
32,"I don't want to go to the party, no one's coming.",9,"No voy al festival, nadie viene.",0
33,She wrote letters from Paris about her travels.,4,Ella escribió cartas de París sobre sus viajes.,4
34,Can you get me a coffee?,3,"Puedes darme un café, por favor.",0
35,She stepped out of the house and into the bright sunlight.,3,Ella salió de la casa y se adentró en el sol brillante.,0
36,I would love to travel the world someday.,2,Me encantaría viajar por todo el mundo algún día.,0
37,She knows her way around the city.,0,Conoce su camino por la ciudad.,0
38,She is going to the movies tonight.,1,Ella va al cine esta noche.,1
39,The view from the top of the hill was good.,10,La vista desde la cima de la colina era buenísima.,0
40,She decided to spend her free time reading a book.,7,Ella decidió pasar su tiempo libre leyendo un libro.,5
41,The people were cheering for their favorite team.,2,La gente estaba aprobando su equipo favorito.,2
42,She sees the beauty in the world around her.,0,Ella ve la belleza en el mundo que la rodea.,0
43,Who is going to be the CEO of this company?,1,¿Quién va a ser el director general de esta empresa?,0
44,She wants more money for her new project,3,Ella quiere más dinero para su nuevo proyecto,3
45,She chose between the red or blue dress.,6,Ella eligió entre la vestida roja o azul.,7
46,The play was performed by a renowned actor.,5,El espectáculo se estrenǳ por un renombrado actor.,5
47,I have some money left in my wallet.,3,Tengo algunos dinero restante en mi cartera.,2
48,She could speak three languages fluently.,2,Ella podía hablar tres idiomas con fluidez.,2
49,Can you tell me which restaurant is open late?,5,¿Puedes decirme cuál restaurante está abierto de noche?,3
50,She will come to visit us this weekend.,3,Ella virá a vernos el fin de semana.,0
51,Can you look at the map and find our destination?,3,Puedes mirar el mapa y encontrar nuestro destino,2
52,I want to go to the beach tomorrow.,2,Quiero ir a la playa mañana.,0
53,I'm late because I got stuck in traffic.,3,Estoy retrasado porque me quedé atascado en el tráfico.,3
54,She bought two apples at the market.,3,Compró dos manzanas en el mercado.,2
55,She was determined to be the first one to reach the summit.,7,Ella estaba decidida a ser la primera en alcanzar la cima.,0
56,I'll let you try it first.,2,Le daré la oportunidad de probarlo primero.,0
57,The sun will be over the horizon at sunset.,5,El sol estará sobre el horizonte al atardecer.,4
58,She loves to make beautiful paintings in her free time.,4,Ella disfruta hacer bellos cuadros en su tiempo libre.,3
59,She will say that she is sorry.,3,Ella dirá que se disculpa.,0
60,Can you hand me these books on the top shelf?,5,Puedes pasarme estos libros en la parte superior de la estantería.,3
61,I need to find a way out of this house,6,Necesito encontrar un camino para salir de esta casa,4
62,She took a bit of chocolate from the jar.,4,Ella tomó un pedazo de chocolate del frasco.,4
63,The book fell down from the top shelf.,4,La libro cayó abajo desde la estantería superior.,4
64,Please turn the light off before leaving the room.,5,"Por favor, apaga la luz antes de salir del salón.",0
65,Can you take my bag while I go to the restroom?,3,Puedes tomar mi mochila mientras yo entro al baño.,2
66,She needs help with her homework.,0,Ella necesita ayuda con su tarea de la escuela.,0
67,The little dog ran quickly around the corner.,2,El perro pequeño corrió rápidamente alrededor del esquina.,3
68,She prefers chocolate than vanilla ice cream.,4,Preferiría chocolate que helado de vainilla.,3
69,Do you have any books on this subject?,4,¿Tienes algún libro sobre este tema?,2
70,you should try the new recipe for dinner tonight,2,deberías probar la nueva receta para cenar esta noche,0
71,The concert was great and the band really delivered.,4,La presentacion fue gran y la banda realmente lo dio todo.,0
72,Today is a beautiful day to go for a hike.,5,Hoy es un hermoso día para ir de senderismo.,5
73,She has been working hard all day to meet the deadline.,0,Ha estado trabajando duro toda la mañana para cumplir con la fecha límite.,0
74,She put the book on the table.,2,Ella pone la libro en la mesa.,0
75,She won a lot of money in the lottery.,4,Ella ganó un lote de dinero en la lotería.,4
76,The new smartphone is a great upgrade from my old model.,2,El nuevo teléfono es una gran mejora en comparación con mi modelo antiguo.,2
77,The last person to leave the party received a prize.,2,La persona última en salir de la fiesta recibió un premio.,0
78,I'll meet you today at lunch.,4,Me encontraré contigo hoy a la hora de almuerzo.,4
79,"She walked through the park, enjoying the scenery.",3,"Ella caminó a través del parque, disfrutando del paisaje.",0
80,The biggest planet in our solar system is Jupiter.,0,El planeta más grande del nuestro sistema solar es Júpiter.,4
81,The book was a thing of great interest to the historian.,5,El libro era una cosa de gran interés para el historiador.,5
82,I will meet you after the concert.,5,Me veré después de el concierto.,0
83,I'm going to invite those friends to the party tonight.,5,Estoy invitando a esos amigos al partido esta noche.,4
84,"The score was three, which is a good number for a beginner.",4,"El resultado fue tres, lo cual es un buen número para un principiante.",4
85,She bought the flowers last year and they are still fresh.,6,Ella compró las flores el pasado año y todavía están frescas.,7
86,The next meeting is scheduled for Friday at 2 PM.,2,El próximo reunión está programada para el viernes a las 14:00 PM.,0
87,She will find a way to solve the problem.,3,Ella encontrará una manera de solucionar el problema.,0
88,I'll meet you before we leave the house.,4,Me encontraré con ustedes antes de salir de la casa.,0
89,she dreamed of a better world for all humanity,6,ella soñaba con un mundo mejor para toda la humanidad,5
90,She loves reading books in her free time.,0,Ella ama leer libros en su tiempo libre.,0
91,The city has many tourists visiting every summer,4,La ciudad tiene muchos turistas visitando cada verano,4
92,I'd like to thank you for your help today.,4,Me gustaría agradecerle su ayuda hoy.,0
93,She returned home to find her family waiting for her.,3,Llegó a su hogar y encontró que su familia lo esperaba.,4
94,She gives her brother a book for his birthday.,0,Le da un libro a su hermano en su cumpleaños.,0
95,The park is around the corner from my house.,4,El parque está alrededor de la esquina de mi casa.,0
96,The man walked into the room.,2,El hombre caminó en la sala.,2
97,I'm saving up all my money for the summer vacation,6,Estoy ahorriendo todo mi dinero para el viaje de verano,5
98,The view from the top of the hill was nice.,10,El paisaje desde la cima de la colina era agregaible.,0
99,She came home to her old house after being away for several years.,7,Ella llegó a su viejo hogar después de haber estado lejos durante varios años.,0
100,She will tell me about the new movie tonight.,3,Ella me dirá sobre el nuevo mñvil esta noche.,0
101,She found her life in the arms of her partner.,4,Ella encontró su vida en los brazos de su pareja.,4
102,The long drive was tiring and uneventful.,2,El viaje largo fue aburrido y sin eventos.,3
103,It might rain tomorrow,2,Podría llover mañana,0
104,The old car was sold at an auction yesterday.,2,El coche viejo se vendó en una subasta ayer.,3
105,I'm sure I locked the door,2,Estoy seguro de que cerró la puerta,2
106,The place where we meet is on the beach.,2,El lugar donde nos encontramos es en la playa.,2
107,The cat chases its tail.,4,El gato persigue su cola.,0
108,The circus show was a hit with the audience.,3,El espectáculo del circo fue un éxito entre el público.,2
109,She finally reached the end of her journey after many years.,5,Finalmente llegó al fin de su viaje después de muchos años.,4
110,She starts her new business with a small loan.,0,Comienza su nueva empresa con un pequeño pría,0
111,The president was elected by the people to run the government effectively.,11,La presidencia fue elegida por los ciudadanos para gobernar el gobierno eficazmente.,11
112,Can you help me move this heavy box?,3,Puedes ayudarme a mover este caja pesada?,0
113,We eat breakfast every morning before school.,4,Comemos desayuno cada mañana antes de la escuela.,3
114,She feels like she's going to throw up after eating that spicy food.,0,Ella siente que va a vomitar después de comer ese alimento picoso.,0
115,I will keep the book on the shelf until it's needed again.,3,Guardar el libro en la estantería hasta que se necesite de nuevo.,1
116,She is proud to call that place her own.,9,Ella se siente orgullosa de llamar ese lugar su propio.,10
117,The merry-go-round was spinning quickly around its axis.,0,La carrosa de fiestas giraba rápidamente alrededor de su eje.,0
118,"She meant well, but her actions hurt someone's feelings.",0,Ella quería lo mejor para alguien pero sus acciones lastimaron los sentimientos de esa persona.,0
119,The kids love to play outside in the park.,5,Los niños aman jugar al aire libre en el parque.,4
120,You may go to the movies tonight if you promise to be back by midnight.,2,Puedes ir al cine esta noche si prometes regresar antes de la medianoche.,0
121,"After the wedding, we'll have a family dinner with our parents and siblings.",7,"Después del matrimonio, tendremos una cena familiar con nuestros padres y hermanos.",0
122,Can you please pass the salt?,3,Puedes por favor pasarme la sal?,0
123,I have four friends coming over tonight.,3,Tengo cuatro amigos vieniendo esta noche.,2
124,The store only had a few employees on duty.,6,El almacén solo tenía unos pocos empleados de guardia.,6
125,She took her part in the play and received a standing ovation.,4,Ella tomó su parte en la obra de teatro y recibió un aplauso de pie de pie.,4
126,The management team met to discuss the company's financial situation.,3,El equipo de gestión se reunió para discutir la situación financiera de la empresa.,2
127,you must try the new recipe tonight.,2,debemos probar la receta nueva esta noche.,0
128,She enrolled in a course to learn photography.,5,Ella inscribió en un curso para aprender fotografía.,5
129,She takes a week off after her birthday.,4,Ella toma una semana libre después de su cumpleaños.,4
130,She picked different colors for her outfit.,3,Ella eligió colores diferentes para su vestido.,0
131,The stars come out at night to twinkle in the sky.,6,Las estrellas salen de noche para brillar en el cielo.,5
132,I'm sorry to hear that you lost your job.,2,Me lo siento tener que decirte que perdiste tu trabajo.,0
133,She decided to try the recipe before serving it to guests.,4,Decidir intentar una receta antes de servirla a invitados,2
134,She thought it was the same movie as she saw last week.,6,Ella pensaba que era el mismo cine con lo que había visto la semana pasada.,6
135,The lovely view from the top of the mountain was breathtaking.,2,La vista encantadora desde la cima de la montaña era impresionante.,0
136,The United States of America is a country in North America.,8,Los Estados Unidos de América son un país en Norteamérica.,8
137,She has five siblings.,3,Tiene cinco hermanos.,2
138,She reached the top of the mountain and took a breathtaking view.,4,Ella alcanzó la cima del monte y tomó una vista impresionante.,0
139,The name on your passport is required for entry.,2,El nombre en tu pasaporte es requerido para entrada.,2
140,She sorted the books by author and title.,0,Ella ordenó los libros por autor y título.,0
141,She won the silver medal as her second place finish was impressive.,8,"Ella ganó la medalla de plata en segundo lugar, lo cual fue muy impresionante.",8
142,She put her hand on the head of the sleeping child to comfort it.,7,Ella puso su mano en la cabeza del niño dormido para consolarlo.,7
143,She is looking for a job in the city.,6,Está buscando un trabajo en la ciudad.,4
144,What is the capital of France?,0,¿Qué es la capital de Francia?,0
145,Can you see the point where the two roads meet?,5,Puedes ver el punto donde se encuentran las dos carreteras.,4
146,she showed a kind heart by helping those in need,4,ella mostró un corazón bueno al ayudar a aquellos que necesitaban ayuda,0
147,She needs a room to study for her exams.,4,Necesita una habitación para estudiar sus exámenes.,3
148,The book is under the table.,4,El libro está bajo la mesa.,0
149,The rock was hard and unyielding to the pickaxe.,4,El granito era duro y inquebrantable para la picadera.,4
150,It's wrong to speed on the highway.,2,Es incorrecto acelerar en la carretera.,2
151,She set the clock to the correct time.,2,Ella estableció la hora del reloj en el momento correcto.,0
152,this is the moment we've been waiting for,4,esto es el momento que hemos estado esperando,4
153,I need to consider both options for my project.,5,Necesito considerar ambos opciones para mi proyecto.,3
154,She took the important documents to the bank for safekeeping.,4,Ella llevó los documentos importantes a la banca para su seguridad.,0
155,She prefers to use public transportation to reduce her carbon footprint.,4,Ella prefiere usar el transporte público para reducir su huella de carbono.,3
156,She had a great idea for a new business venture.,5,Ella tenía una excelente idea para un nuevo negocio,5
157,She has hope that her new business will be successful.,3,Ella tiene esperar que su nuevo negocio sea exitoso.,3
158,The movie was bad and I didn't finish it.,4,El cine era malo y no lo terminé.,4
159,She had a happy memory of her childhood.,4,Tenía una feliz recuerdo de su infancia.,3
160,She needs to know the number of students in her class.,6,Ella necesita saber el número de estudiantes en su clase.,5
161,She believes that he is going to show up on time.,0,Ella cree que él va a llegar a tiempo.,0
162,What is the answer to life's greatest mystery?,4,¿Cuál es la respuesta al misterio más grande de la vida?,4
163,The concert was held between the old and new buildings,5,El concierto se celebró entre el antiguo y el nuevo edificio,5
164,She cut the cake into half for dessert.,6,Ella cortó el pastel en mitad para el postre.,6
165,Please stop the car before it crashes.,2,Por favor detén el coche antes que choque.,0
166,She decided to take the side of the law.,6,Ella decidió tomar el lado de la ley.,5
167,The whole pizza was devoured by the hungry family.,2,La pizza entera fue consumida por la familia hambrienta.,0
168,The new game is available for download on your computer.,3,El nuevo juego se encuentra disponible para descarga en tu computadora.,3
169,I'll call you when I arrive,2,Llamarás cuando llegue,0
170,This is a real opportunity for us to grow.,4,Esta es una oportunidad real para que nos encontremos a crecer,5
171,We will meet each other at the party tonight.,4,Nosotros nos encontraremos con cada uno del equipo en la fiesta de esta noche.,5
172,The cool water from the fountain provided a refreshing drink on a hot summer day.,3,El agua refrescante del borde del estanque proporcionó un refresco en un día caluroso de verano.,2
173,The high mountain peak was covered in snow.,2,El pico de la montaña alta estaba cubierto de nieve.,0
174,The couple is hosting a party at their new home,6,La pareja está alquilando una fiesta en su nuevo hogar,6
175,"She stood against the wall, looking out at the city.",3,"Ella se colocó contra la pared, mirando hacia la ciudad.",4
176,She was ready to leave at the airport.,3,Ella estaba lista para salir del aeropuerto.,0
177,Can you talk to me about your plans for the weekend?,3,Puedes hablar conmigo sobre tus planes para el fin de semana.,2
178,She remembers the name of her childhood dog.,0,Ella recuerda el nombre del perro de su infancia.,0
179,The new policy has created a major problem for small businesses.,8,La nueva política ha creado un problema grave para las pequeñas empresas.,7
180,The young actress won the award for her outstanding performance.,2,La joven actriz ganó el premio por su interpretación excepcional.,2
181,The police officer stopped the car for speeding on the highway,2,El oficial de policía detuvo el coche por conducir demasiado rápido en la autopista,4
182,She looked at him with such concern on her face.,6,Ella miraba a él con tal preocupación en su rostro.,6
183,She lives in Paris with her husband and two children.,0,Vive ella con su esposo y sus dos hijos en París.,0
184,I love taking a walk in the morning,8,Me encanta tomar un paseo en la mañana,8
185,The ferry sailed across the lake.,4,El barco del ferri cruzó el lago.,0
186,She won the election with a landslide victory.,0,Ella ganó la elección con una victoria abrumadora.,0
187,I'm going to leave for Paris tomorrow,4,Me voy a salir para París mañana,0
188,She likes to run in the park every morning.,4,Ella disfruta correr en el parque todos los mornings.,3
189,She decided to move to a new city for work.,4,Ella decidió mudarse a una nueva ciudad para trabajar.,0
190,She wants to change her career after graduating.,4,Ella quiere cambiar de carrera después de graduarse.,3
191,She is very dedicated to her business.,7,Ella es muy dedicada a su negocio.,7
192,She brought six cookies to share with her friends.,3,Ella trajo seis galletas para compartir con sus amigos.,3
193,She needed to clear her mind before going to bed.,6,Ella necesitaba aclarar su mente antes de acostarse.,5
194,She was able to finish the project on time.,3,Ella pudo terminar el proyecto a tiempo.,0
195,The final result was announced at the press conference.,2,El resultado final fue anunciado en la conferencia de prensa.,3
196,I have been studying English since I was a child.,6,He ha estado estudiando inglés desde que era niño.,6
197,My mum is making dinner tonight.,2,Mi mam¡ está haciendo la cena esta noche.,0
198,She took the chance and applied for her dream job.,4,Ella tomó la oportunidad y se postuló para el trabajo de sus sueños.,4
199,I'll study while I eat breakfast.,3,Estudiaré mientras como desayuno.,2
200,She has always believed in the importance of facts.,0,Ella siempre ha creído en la importancia de los hechos,0
201,The school is located in the heart of the city.,2,La escuela se encuentra en el corazón de la ciudad.,2
202,The fireworks display was fantastic.,5,La presentación de fuegos artificiales fue fantástica.,0
203,We're going to watch a movie tonight.,7,Vamos a ver una película esta noche.,0
204,She drew a straight line across the page.,5,Ella dibujó una línea recta a lo largo de la página.,4
205,I love eating a variety of foods from different cultures.,0,Me encanta comer una variedad de alimentos de diferentes culturas.,0
206,You need to turn the corner to get to the park.,4,Necesitas girar la esquina para llegar al parque.,2
207,The local cinema shows art-house films.,2,El cine local muestra películas de arte caseras.,3
208,The public library is open every day until 8pm.,2,La biblioteca pública está abierta todos los días hasta las 8 de la noche.,0
209,"The coffee was fine, so we'll stay for another cup.",4,"El café era finito, así que nos quedamos para otro vaso.",0
210,She wiped her face with a tissue after blowing her nose.,4,Ella se limpió la cara con un paño después de toser la nariz.,5
211,I need a car for my job.,4,Necesito un auto para mi trabajo.,0
212,I hear the birds singing outside my window.,2,Puedo escuchar los pájaros cantando en mi ventana,2
213,She held out her hand to shake your hand.,5,Ella extendió su mano para estrechar tu mano.,4
214,The detective was working on the toughest case of her career.,8,El detective estaba trabajando en el caso más difícil de su carrera.,7
215,The small dog ran quickly around the corner.,2,El perro pequeño corrió rápidamente alrededor de la esquina.,3
216,"I just lent him my tools, thanks!",7,"Me prestó sus herramientas, gracias!",5
217,She decided to go despite the rain though she didn't have an umbrella.,8,Ella decidió ir a pesar de la lluvia aunque no tenía sombrero.,9
218,"The sunset was beautiful, with hues of pink and orange.",4,"El atardecer fue hermoso, con tonos de rosa y naranja.",0
219,She spent hours listening to her grandmother's life story.,9,Ella pasó horas escuchando a su abuela sobre su historia de vida.,10
220,She walked up to the front of the stage to greet her fans.,6,Ella se acercó a la parte delantera de la escena para saludar a sus fanáticos.,0
221,the book fell off the shelf and landed behind it,9,el libro cayo del estante y se resbaló detrás de el,0
222,She and her partner have been together for over a decade.,0,Ella y su pareja han estado juntos durante más de una década.,4
223,My dad is going to the game tonight.,2,Mi papá está asistiendo al juego de este noche.,2
224,The park is open from dawn till dusk.,4,El parque está abierto desde el amanecer hasta la medianoche.,4
225,,0,,0
226,Can you ask me what my birthday is?,3,Puedes preguntarme cuál es mi cumpleaños?,0
227,We will meet at the park at 5pm.,3,Nos encontraremos en el parque a las 5 pm.,0
228,The difficult hike was worth the scenic views at the summit,2,El difícil sendero valió la vista panorámica en el pico,2
229,The area of the park is perfect for a picnic.,2,El área del parque es ideal para un picnic.,2
230,Can you bring me a book?,3,Puedes traerme un libro.,0
231,I need to pay the bill before we can leave.,4,Necesito pagar la cuenta antes de que podamos salir.,2
232,The full tank was ready for the road trip.,2,El tanque lleno estaba listo para el viaje de carretera.,3
233,I will study until Friday morning.,4,Estudiaremos hasta viernes por la mañana.,2
234,"The tour guide took us through the bustling streets of Paris, showcasing its iconic landmarks.",0,"El guía de turismo nos llevó por las calles bulliciosas de París, mostrando sus famosos monumentos icónicos.",0
235,She picked up the stuff from the storage room and carried it to her office.,5,Ella puso la cosas desde el almacén y las llevó a su despacho.,4
236,She decided to stay home and watch the movie.,4,Ella decidió quedarse en casa y ver el película.,3
237,She decided whether to stay home or go out with friends.,3,Decidir si quedarse en casa o salir con amigos.,2
238,I have ten dollars in my wallet.,3,Tengo diez dólares en mi bolsillo.,2
239,The company made a million dollars last year.,5,La empresa ganó un millón de dólares el año pasado.,5
240,I'll wait for you at the train station.,2,Esperaré por ti en la estación del tren.,0
241,I'm going to buy a new laptop today.,4,Voy a comprar un nuevo portátil hoy.,3
242,The house is her property and she can do with it as she likes.,5,La casa es su propiedad y puede hacer con ella lo que le guste.,5
243,The clear sky made it perfect for a picnic.,2,El cielo claro hizo que fuera perfecto para un pícnic.,3
244,She double-checked the math to ensure it was correct.,9,Ella revisó el cálculo dos veces para asegurarse de que fuera correcto.,12
245,The firework display was amazing on the 4th of July.,5,El espectáculo de fuegos artificiales fue increíble en el 4 de julio.,7
246,The meeting will be inside the conference room.,5,La reunión se celebrará dentro del salón de conferencias.,0
247,She cut her hair to match her new style.,2,Ella corta su cabello para coincidir con su nuevo estilo.,0
248,The crowd was dancing to the live music at the festival.,8,La multitud bailaba al vivo a la música en el festival.,8
249,The war in the east is causing widespread destruction.,2,La guerra en el este está causando destrucción generalizada.,2
250,She is a remarkable person.,5,Ella es una persona notable.,4
251,She took care of her children while her husband was away.,3,Ella se encargó de sus hijos mientras su esposo estaba lejos.,0
252,She was thrilled to get a good deal on her new car.,8,Ella se sintió emocionada al obtener un buen trato en su nuevo coche.,9
253,The firework exploded in brilliant colors across the night sky.,5,El fuego artificial explotó en colores brillantes a través el cielo nocturno.,0
254,She answered true to her age and experience when she took the test.,3,Ella respondió verdadera a su edad y experiencia cuando tomó el examen.,0
255,"She walked along the beach, feeling the sand between her toes.",3,"Ella caminó a lo largo de la playa, sintiendo el arena entre los dedos.",0
256,She kicked the ball into the goal.,4,Ella metió la pelota en el gol.,4
257,"The fireworks display was wonderful, filling the night sky with color and light.",5,"La presentación de fuegos artificiales fue maravillosa, llenando el cielo nocturno con colores y luces.",0
258,She needs to hold onto the door handle while it's closing.,4,Ella necesita sostener el mango de la puerta mientras está cerrándose.,3
259,This restaurant is known for its special menu items.,7,Este restaurante es conocido por sus platos del menó especial.,10
260,The early bird catches the worm.,2,El pájaro que canta temprano siempre encuentra el huevo del pichicho.,5
261,"The accident was going to happen, but the rain stopped it.",6,"El accidente iba a ocurrir, pero la lluvia lo detuvo.",0
262,The huge hotel had a swimming pool on its rooftop.,2,El enorme hotel tenía una piscina de natación en su azotea.,2
263,I found the instructions easy to follow.,5,Encontrá las instrucciones fácil de seguir.,4
264,I have less money than I had last year.,3,Tengo menos dinero que tenía el año pasado.,2
265,The party was a lot of fun to attend.,7,La fiesta fue una gran diversión para asistir.,6
266,The baseball player swung his bat and hit the ball out of the park,8,El bateador de béisbol golpeó el balón fuera del estadio,0
267,I will watch the sunset tonight.,3,Yo veré el atardecer esta noche.,0
268,The sir at the front desk was very helpful with my inquiry.,2,El señor del mostrador frontal fue muy útil con mi inquietud.,2
269,We will explore the future of space travel.,5,Exploraremos el futuro de la exploración espacial.,3
270,She broke her heart after the breakup.,4,Ella rompió su corazón después de la ruptura.,4
271,The historical museum is dedicated to the past of American art.,8,El museo histórico está dedicado al pasado de la arte americana.,7
272,The girl walked into the room alone.,2,La chica camina sola en el salón.,2
273,The teacher asked the students to repeat after her the word they had learned earlier today.,11,La profesora pidió a sus estudiantes que repitieran después de ella la palabra que habían aprendido más temprano hoy.,13
274,The baby laughed at the silly clown.,2,El bebé se rió del loco payaso.,2
275,She believes that everyone has the power to make a difference.,7,Ella cree que todos tienen el poder de hacer una diferencia.,7
276,She is the mother of two children.,4,Ella es la madre de dos niños.,4
277,The astronauts traveled through space to reach Mars.,5,Los astronautas viajaron por el espacio para llegar a Marte.,6
278,The team's coach received support from the players during the game.,5,El entrenador del equipo recibió el apoyo de los jugadores durante el partido.,7
279,She's always there for her best friend.,7,Ella siempre está allí para su mejor amigo.,8
280,You need to take the highway and then get on the road to reach the city.,12,Necesitas tomar la autopista y luego entrar en la carretera para llegar a la ciudad.,10
281,She went to the bank to withdraw some cash.,5,Ella fue al banco para sacar efectivo.,4
282,I am the least favorite person in this group,4,Soy la persona menos favorita en este grupo,0
283,I think the advice was worth taking and it helped me a lot in my career.,6,Pensé que la consejería había sido valer la pena y me ayudó mucho en mi carrera.,0
284,"She spent hours in her beautiful garden, admiring the flowers.",7,"Ella pasó horas en su hermoso jardín, admirando las flores.",7
285,She thought the concert was perfect and asked for an encore.,6,Ella pensó que la actuación fue perfecta y pidió una repetición.,0
286,"After a long day, she likes to rest on the couch.",8,"Después de un largo día, ella prefiere descansar en el sofá.",0
287,I need to check the price before I buy it.,6,Necesito verificar el precio antes de comprarlo.,4
288,The light in the room was too dim.,2,La luz en la habitación era demasiado débil.,2
289,The hike was interesting because it offered breathtaking views of the surrounding mountains.,4,El pícnic fue interesante porque ofreció vistas impresionantes de las montañas circundantes.,4
290,She decided to become a doctor after graduating from medical school.,4,Ella decidió convertirse en médico después de graduarse de la escuela de medicina.,0
291,The boy ran quickly around the corner.,2,El chico corrió rápidamente alrededor de la esquina.,2
292,She took a piece of candy from the jar.,4,Tomó una pieza de caramelo del frasco.,3
293,The new film was released on Friday.,3,La nueva película salió el viernes.,3
294,The company relies on its IT system to manage all its operations.,7,La empresa confía en su sistema informático para gestionar todas sus operaciones.,6
295,The black cat was sitting on the windowsill.,2,El gato negro estaba sentado sobre la ventana.,3
296,You need to open the door before entering the room.,6,Necesitas abrir la puerta antes de entrar en el salón.,4
297,I have to go back tomorrow.,6,Tengo que ir de vuelta mañana.,6
298,The father took his children to the park for a picnic.,2,El padre llevó sus hijos al parque para una pícnic,2
299,The white cat purred contentedly on my lap.,2,El gato blanco me purría contentamente en mi regazo.,3
300,Can you listen carefully to what he is saying?,3,Puedes escuchar atentamente lo que está diciendo.,2
301,She shall attend the meeting tomorrow.,2,Debera asistir a la reunion de mañana.,0
302,She took her lucky break to win the lottery.,0,Ella tomó su momento de buena suerte para ganar el bolso.,7
303,The strong man lifted the heavy box with ease.,2,El hombre fuerte levantó el pesado cofre con facilidad.,3
304,She was fascinated by the history of her family's homeland.,6,Ella estaba fascinada por la historia de el hogar de su familia.,6
305,The concert was free and open to everyone who wanted to attend.,4,El concierto fue gratuito y estaba abierto a todos aquellos que querían asistir.,0
306,The teacher will stand at the front of the classroom to lead the lesson.,4,La profesora se plantará en la frente del aula para dirigir la lección.,0
307,your opinion matters greatly in this conversation,0,tu opinión es muy importante en esta conversación,0
308,She's gonna love her new job.,2,Ella írá amar su nuevo trabajo.,0
309,The 20th century saw significant technological advancements.,3,El siglo XX vio avances tecnológicos significativos.,2
310,The new skyscraper will be a prominent landmark for the city's financial district.,0,El nuevo rascacielos será un punto de referencia destacado para el distrito financiero de la ciudad.,0
311,The town is famous for its historic architecture.,2,El pueblo es famoso por su arquitectura histórica.,2
312,She couldn't shake the sense of unease that had been growing all day,5,No pude sacudir el sentido de inquietud que había estado creciendo todo el día,5
313,She stood at the middle of the stage,5,Ella se encontraba en el medio del escenario,6
314,The glass will break if dropped on the floor.,4,El vidrio rompe si lo arroja sobre el piso.,0
315,She took the stage every minute to thank her fans,6,Ella salió al escenario cada minuto para agradecer a sus seguidores,6
316,The link to the website is on the homepage.,2,El enlace a la página web está en la portada.,2
317,The CEO of the company will be speaking at the conference today.,5,El director ejecutivo de la empresa hablará en la conferencia hoy.,6
318,The current state of the economy is a matter of great concern.,3,El estado actual de la economía es una cuestión de gran preocupación.,2
319,She works at the market selling fresh produce.,5,Ella trabaja en el mercado vendiendo productos frescos.,5
320,She got eight tickets for the concert.,3,Ella recibió ocho boletos para el concierto.,3
321,The woman in the photo smiled at me.,2,La mujer en la foto sonrió conmigo.,2
322,the cool air on a hot summer day feels refreshing,3,el aire fresco del verano caluroso se siente reconfortante,2
323,She decided to sell her old guitar online.,4,Decidió vender su viejo violín en línea.,2
324,The grass was green and fresh on the first day of spring.,4,El césped estaba verde y fresco en el primer día de primavera.,4
325,She has seven years of experience in marketing.,3,Tiene siete años de experiencia en marketing.,2
326,"I miss my childhood home, it was so peaceful.",2,"Me extraño mi hogar infantil, era tan tranquilo.",0
327,Her parents were under a lot of financial pressure to pay off their mortgage.,9,Sus padres estaban bajo una gran presión para pagar la hipoteca.,7
328,"After finishing the book, she put it back on the shelf.",4,"Después de terminar el libro, la puso de regreso en la estantería.",5
329,"The meeting was called late, and we missed our chance to discuss it.",5,La reunión se reunió tarde y nos faltó la oportunidad de discutirla.,5
330,I love to eat pizza for dinner.,4,Me encanta comer pizza para cenar.,3
331,"She stood on the shore of the sea, feeling the cool breeze.",8,"Estaba de pie en la orilla del mar, sintiendo el fresco viento.",8
332,She began baking cookies in the kitchen while her mom was cooking dinner.,7,Ella empezó horneando galletas en la cocina mientras su mamá cocinaba el almuerzo.,7
333,The national flag of Japan features a white rectangle with a red disk.,2,La bandera nacional del Japón presenta una rectangular blanca con un disco rojo.,3
334,It was possible that he would pass the test.,3,Fue posible que él pasara el examen.,2
335,The company's new programme aims to reduce carbon emissions by 50%,4,El nuevo programa de la empresa tiene como objetivo reducir las emisiones de carbono en un 50%,3
336,She made a plan to travel around the world before turning 30.,4,Ella hizo un plan de viajar por todo el mundo antes de cumplir los 30 años.,4
337,"The gun fired a single shot, but the bullet missed its target.",6,"El arma disparó una sola toma, pero el proyectil perdió su objetivo.",0
338,I live on a quiet street near the park.,6,Vivo en una calle tranquila cerca del parque.,4
339,The company offers free customer service to its clients.,6,La empresa ofrece servicio al cliente gratuito a sus clientes.,4
340,She loves to go fishing in the morning.,0,Ella ama ir pescar por la mañana.,0
341,I love to walk in the park on sunny days.,4,Me encanta caminar en el parque en días soleados.,3
342,The new game is a challenge to anyone who wants to beat it.,6,El nuevo juego es un desafío para cualquier persona que quiera derrotarlo.,6
343,She picked up her phone to answer the call.,5,Ella tomó su teléfono para responder la llamada.,4
344,The family had to create a budget for their new home renovation.,7,La familia tuvo que crear un presupuesto para la reforma de su hogar.,7
345,There was no good reason why John didn't go to the party last night.,5,No había buena razón por la que Juan no fue al fiesta anoche.,4
346,The ground beneath her feet was soft and spongy.,2,El suelo bajo sus pies era suave y esponjoso.,2
347,"The actress stepped onto the stage, ready to perform.",6,"La actriz se subió al escenario, lista para actuar.",0
348,The sports team is a group of talented athletes.,6,El equipo deportivo es un grupo de atletas talentosas.,6
349,The shopping centre is located on the outskirts of town.,3,El centro commercial se encuentra en las afueras de la ciudad.,2
350,The fire department responded quickly to the blaze on the beach.,2,El departamento de bomberos respondió rápidamente al incendio en la playa.,0
351,She began to feel the effects of aging.,0,Ella comenzó a sentir los efectos del envejecimiento.,0
352,The company had several issues with the production line.,0,La empresa tenía varios asuntos con la línea de producción.,0
353,The musician was known for her lead vocals on that album.,7,La cantante era conocida por sus voces de liderazgo en ese álbum.,0
354,She inherited a beautiful piece of land from her grandfather.,7,Ella heredó un bonito pedazo de tierra de su abuelo.,7
355,The government raises taxes through various methods.,0,El gobierno eleva impuestos mediante varios métodos.,0
356,The concert was during the summer festival.,4,La fiesta del verano fue durante la fiesta de verano.,6
357,She took care of her body by eating healthy foods,6,Ella se tomaba cuidado de su cuerpo comiendo alimentos saludables,7
358,The meeting will take place at 2 o'clock in the afternoon.,0,La reunión tendrá lugar a las 14:00 del tarde.,0
359,Calculating the cost of shipping will add several dollars to the order total.,3,"Cálculo el costo de envío, lo que agregarán varios dólares al total del pedido.",3
360,She came in third place at the marathon.,4,Ella llegó tercera lugar en la maratón.,0
361,The board of directors made a difficult decision to cut costs.,8,El consejo de administración tomó una difícil decisión de reducir costos.,8
362,The auction house specialized in antique furniture was very popular among collectors.,2,La casa de subastas especializada en muebles antiguos era muy popular entre los coleccionistas.,0
363,The little boy threw his dog a ball in the park.,6,El niño pequeño arrojó una pelota al perro en el parque.,8
364,My son came home from school today.,2,Mi hijo vino a casa desde la escuela hoy.,2
365,The view from the top of the mountain was breathtaking.,2,La vista desde la cima de la montaña era impresionante.,2
366,The sound of the ocean is calming.,2,El sonido del mar es calmante.,2
367,Can you pick the ripest apple?,3,¿Puedes elegir la manzana más madura?,2
368,She was carefully positioned on the tightrope.,0,Ella estaba cuidadosamente colocada en el anillo estrecho.,0
369,She exercised her right to vote in the presidential election.,6,Ella ejerció su derecho al voto en la elección presidencial.,6
370,the blue sky sparkled with diamonds,2,el cielo azul brillaba con diamantes,3
371,I will guess the number you are thinking of.,3,Estoy adivinando el número que estás pensando.,0
372,The doctor took his patient's symptoms very seriously and ordered more tests.,0,El médico tomó muy seria la condición del paciente y ordenó más pruebas.,0
373,The government's economic policies have a significant impact on the overall economy.,12,Las políticas económicas del gobierno tienen un gran impacto en la economía en general,12
374,The judge tried to be fair in her decision-making process.,6,La jueza intentó actuar con justicia en su proceso de toma de decisiones.,0
375,"After completing her internship, she gained valuable experience that helped her land her first job.",8,"Después de completar su pasantía, ganó experiencia valiosa que le ayudó a aterrizar su primer trabajo.",7
376,The guy walked into the bar and ordered a beer.,2,El chico entró en la barra y pidió una cerveza.,2
377,The queen was greeted by the ladies as she entered the ballroom.,0,La reina fue recibida por las damas al entrar en el salón de baile.,0
378,She placed her order at the restaurant.,4,Ella colocó su orden en el restaurante.,4
379,"She is a single woman, traveling alone.",4,Ella es una mujer soltera que viaja solo,0
380,The dead body was found in the forest.,2,El cuerpo muerto se encontró en el bosque.,3
381,The political climate in Washington has been tense this year.,2,La atmósfera política en Washington ha sido tensa este año.,0
382,Her paintings showcased a unique blend of colors and emotions.,0,Sus pinturas mostraron una mezcla única de colores y emociones.,0
383,My wife always makes sure I have a clean shirt for work.,2,Mi esposa siempre se asegura de que tenga un camisa limpia para el trabajo.,2
384,She carefully cared for the child.,6,Ella cuidó con amor al niño.,6
385,The coffee was hot and refreshing on a warm summer day.,4,El café estaba caliente y refrescante en un día de verano caluroso.,4
386,The main character in the movie received a standing ovation.,2,El personaje principal en la película recibió un estallido de aplausos.,3
387,She worries about her upcoming exams,0,Ella se preocupa por sus exámenes,0
388,"She mourned the loss of her beloved husband, who died in a car accident.",0,"Ella lamentó la pérdida de su querido esposo, quien murió en un accidente de coche.",0
389,"The company received many bids for the contract, and chose the best one.",0,"La empresa recibió muchas ofertas para el contrato, y seleccionó la mejor.",0
390,Can you read me a chapter from that book?,3,Puedes leerme un capítulo de ese libro.,0
391,Maintaining good health requires regular exercise and a balanced diet.,3,Mantener buena salud requiere ejercicio regular y una dieta equilibrada.,3
392,She had to take control of the situation before it got out of hand.,5,Todavía tenía que tomar el control de la situación antes que se volviera demasiado peligrosa.,6
393,The mayor was the chair of the city council and had final say in all matters.,9,El alcalde era el presidente del concejo municipal y tenía la última palabra en todas las cuestiones.,7
394,You will need to pass the exam to get into the college.,5,Necesitarás pasar el examen para entrar en la universidad.,2
395,She sat on the couch to watch TV.,0,Ella se sentó en el sofá para ver televisión.,0
396,She decided to spend her vacation at the beach.,4,Ella decidió gastar su vacaciones en la playa.,3
397,She walked into the office to meet her client.,5,Ella caminó a la oficina para reunirse con su cliente.,5
398,She seems happy today.,0,Ella parece feliz hoy.,0
399,The quick brown fox can run circles around any dog.,2,El zorro marrón rápido puede correr circunferencias por encima de cualquier perro.,4
400,She caught my eye at the party.,4,Ella me atrapó con ojo en la fiesta.,5
401,She adjusted the level on her bike helmet to ensure a proper fit.,4,Ella ajustó el nivel en su casco de bicicleta para asegurarse de un ajuste adecuado.,4
402,her favourite colour is blue,2,su color favorito es azul,3
403,The picture on the wall was taken by my grandfather.,2,La imagen en la pared fue tomada por mi abuelo.,2
404,The short walk was refreshing.,2,La caminata corta fue refrescante.,0
405,The referee blew the whistle to signal the match had begun.,9,El árbitro golpeó el silbato para señalar que el partido había empezado.,10
406,We usually have dinner together in the evening and watch TV afterwards.,8,Solíamos cenar juntos en la tarde y mirar televisión después.,6
407,The dancer's movements were fluid and graceful.,0,Los movimientos del bailarín eran fluidos y graciosos.,0
408,We need to pack an umbrella for the weather tonight.,9,Necesitamos empaquetar un paraguas para el tiempo esta noche.,0
409,Can you pass me the box from the shelf?,6,Puedes pasarme la caja de la estantería.,4
410,The tough terrain made the hike almost impossible.,2,El terreno duro hizo que la marcha fuera casi imposible.,3
411,She went to her bed and fell asleep.,5,Se fue a su cama y se durmió.,5
412,The low tide revealed a hidden cove.,2,El agua baja expuso un estrecho de oculto.,0
413,The record of the band's concert tour was displayed on their official website.,2,El registro del gira de conciertos de la banda se mostró en su sitio web oficial.,0
414,"If I don't study for the exam, I will likely lose my chance at getting a good grade.",11,"Si no estudio para el examen, probablemente perderé mi oportunidad de obtener un buen grado.",0
415,The runners were training for the big race next weekend.,8,Los corredores estaban entrenando para la gran carrera del fin de semana siguiente.,8
416,The cold weather made it hard to shovel snow.,2,El frío tiempo hizo que fuera difícil arrojar la nieve.,2
417,Can I borrow some money from my mate?,8,Puedo pedir prestado algo de mi compañero,7
418,She had to appear in court to answer the charges.,6,Tuviera que comparecer en el tribunal para responder las acusaciones.,6
419,The large hotel had a beautiful view of the city.,2,El hotel grande tenía una vista hermosa de la ciudad.,3
420,The trophy was made of solid gold and weighed several pounds.,7,El trofeo estaba hecho de oro puro y pesaba varios kilogramos.,6
421,She put her book on the table.,7,Puso su libro sobre la mesa.,6
422,She agreed to help him move his house.,0,Ella estuvo de acuerdo en ayudarle a mover su casa.,0
423,You can park your car in the safe garage without worrying.,8,Puedes estacionar tu coche en el garaje seguro sin preocuparte.,8
424,The two teams will join forces to win the championship.,5,Los dos equipos se unirán para ganar el campeonato.,0
425,Can you touch the hot stove without getting burned?,3,¿Puedes tocar la estufa caliente sin quemarte?,0
426,She continued her studies despite the fact that she had failed the exam.,0,"A continuación, ella siguió sus estudios a pesar del hecho de que había fracasado el examen.",0
427,She placed her board game pieces on the table.,4,Ella colocó sus piezas del juego de mesa sobre la mesa.,0
428,She joined her favorite rock band at the club down the street.,9,Se unió a su banda de rock favorita en el club al pie de la calle.,11
429,The singer's powerful voice brought the song to life.,7,La voz potente del cantante llevó la canción al vida.,8
430,The community came together to support the local charity.,2,La comunidad se reunió para apoyar la caridad local.,2
431,I need to check the receipt before returning it.,4,Necesito comprobar el recibo antes de devolverlo.,2
432,The tourists visited the beach during their summer season.,9,Los turistas visitaron la playa durante su temporada de verano.,8
433,She has a double espresso to help her stay awake.,4,Ella tiene un café con leche doble para ayudarle a mantenerse despierta.,7
434,I have been waiting for 30 seconds.,7,He ha estado esperando durante 30 segundos.,7
435,I expect it to rain tomorrow.,2,Espero que llueva mañana.,0
436,The current economic situation in the country is quite challenging.,4,La situación económica actual en el país es muy desafiante.,2
437,You need to take a step back and re-evaluate your strategy.,6,Necesitas dar un paso atrás y reevaluar tu estrategia.,4
438,She took a bold action to stand up for her rights.,5,Ella tomó una acción valiente para defender sus derechos.,4
439,The professor asked the student to speak in front of the class.,7,El profesor le pidió al estudiante que hablara frente a la clase.,0
440,The annual report is due to the CEO by the end of March.,3,El informe anual es debido al CEO antes del final de marzo.,2
441,The difference in temperature made the plants thrive.,2,La diferencia en la temperatura hizo que las plantas prosperaran.,2
442,She carefully measured the size of the room to ensure it was large enough for all the guests.,5,Ella medió cuidadosamente el tamaño de la sala para asegurarse de que era lo suficientemente grande para todos los invitados.,5
443,The rain poured down on us as we walked through the city streets.,2,La lluvia cayó sobre nosotros mientras caminábamos por las calles de la ciudad.,2
444,She got into trouble at school for cheating on the test.,4,Se metió en problemas en la escuela por engañar en el examen.,0
445,I love spending my Saturday afternoon at the park with friends.,9,Me encanta pasar mi sábado por la tarde en el parque con amigos.,11
446,The form she created was simple yet effective.,2,La forma que creó era sencilla pero efectiva.,2
447,She was rushed to the hospital after a car accident.,6,Ella fue llevada al hospital después de un accidente de coche.,5
448,"Her birthday is in January, so she will turn another month next year.",11,"Su cumpleaños es en enero, por lo que celebrará otro mes la siguientes year.",11
449,The park is near the city center.,4,El parque está cerca de la ciudad centro.,0
450,She was the key player in securing the deal.,4,Ella fue el jugador clave en la secuencia del acuerdo.,5
451,The election of the president was a highly contested issue in the campaign.,2,La elección del presidente fue un tema altamente debatido durante la campaña.,2
452,The boxer was able to beat the champion in the final round.,6,El boxeador pudo vencer al campeón en el último asalto.,4
453,I try to imagine what it will be like when I graduate.,4,Trato de imaginar qué será cuando me gradué.,3
454,She couldn't pass up the opportunity to travel abroad.,6,No podía dejar de aprovechar la oportunidad de viajar al extranjero.,7
455,"The recipe was simple, requiring only a few ingredients.",4,"La receta fue sencilla, requiriendo solo unos pocos ingredientes.",0
456,She needed to calculate the amount of fuel required for the trip.,6,Necesitaba calcular la cantidad de combustible necesario para el viaje.,4
457,I have nine apples in my basket.,3,Tengo nueve manzanas en mi cesta.,2
458,"That concert was really cool, the singer's voice is amazing.",5,"Esa concierto fue realmente genial, la voz del cantante es increíble.",5
459,She decided to build a new treehouse in the backyard.,4,Ella decidió construir un nuevo árbol para niños en el jardín.,3
460,The human brain is capable of incredible feats.,2,El cerebro humano es capaz de logros increíbles,3
461,her research yielded a promising result.,6,sus investigaciones dieron como resultado un prometedor resultado.,5
462,The judge carefully reviewed the evidence presented in court before making her decision.,6,La jueza revisó cuidadosamente la evidencia presentada en el tribunal antes de tomar su decisión.,6
463,I love sipping hot coffee in the morning to wake up.,0,Me encanta tomar un café caliente por la mañana para despertar.,0
464,The student finally finished her homework after hours of studying.,0,El estudiante finalmente terminó su trabajo de casa después de horas de estudiar.,0
465,She wonders if she will be able to finish the project on time.,0,Ella se pregunta si podrá terminar el proyecto a tiempo,0
466,The company will conduct a test on its new software to ensure it meets the requirements.,6,La empresa realizará una prueba con su nuevo software para asegurarse de que cumple con los requisitos.,5
467,"The comedian's jokes were funny, but not original.",5,"Las burlas del comediante eran divertidas, pero no originales.",0
468,I'm going to the shop to buy some new clothes.,5,Voy a la tienda a comprar algunas nuevas ropas.,4
469,Can you save the document before submitting it?,3,Puedes guardar el documento antes de enviarlo.,2
470,The artist mixed the colours on her palette to create a beautiful sunset.,0,La artista mezcló el color en su paleta para crear un bonito atardecer.,5
471,The judge applied the law to the case and delivered a verdict.,5,El juez aplico la ley al caso y entrego una sentencia.,5
472,I wish I had more money.,2,Me gustaría tener más dinero.,0
473,The general consensus was that the plan would succeed.,2,El consenso general fue que el plan funcionaría.,3
474,She has a great interest in photography and spends most of her free time taking pictures.,5,Ella tiene un gran interés en la fotografía y pasa la mayor parte de su tiempo libre tomando fotos.,5
475,She enjoys the beautiful view from her balcony.,0,Ella disfruta del bonito paisaje desde su balcón.,0
476,The new policy is just a term in the debate.,7,El nuevo acuerdo es solo un término en la discusión.,7
477,The family struggled to make ends meet due to the poor economy.,11,La familia luchó por sobrevivir debido a la pobre economía.,9
478,The major course was much harder than I expected.,2,El curso mayor fue mucho más difícil de lo que esperaba.,3
479,The old castle had a beautiful stone wall surrounding its moat.,8,El viejo castillo tenía una hermosa pared de piedra rodeando el estanque.,7
480,Please wipe your feet on the floor before entering.,7,"Por favor, seca tus pies en el piso antes de entrar.",8
481,"She tried to catch the ball, but it slipped through her fingers",4,"Intenta atrapar el balón, pero el se desliza entre sus dedos",2
482,The company will undergo a rigorous process to improve its efficiency.,7,La empresa pasará por un proceso riguroso para mejorar su eficiencia.,6
483,I'm going to mine the gold for valuable minerals.,4,Voy a la mina del oro para extraer minerales valiosos.,4
484,The bright star in the night sky has been a source of inspiration for many artists.,3,La brillante estrella en el cielo nocturno ha sido una fuente de inspiración para muchos artistas.,3
485,She decided to fight for her rights in the meeting.,4,Ella decidió luchar por sus derechos en la reunión.,3
486,I forgot my phone at home.,0,Dejé mi teléfono en casa.,0
487,The massive mountain loomed over the city.,2,La montónica masiva dominaba la ciudad.,0
488,She searched for information on the company's financial situation.,4,Ella buscó información sobre la situación financiera de la empresa.,3
489,She likes to cook meals in her spare time.,4,A ella le gusta cocinar comidas en su tiempo libre.,5
490,He always dreamed of being a famous artist.,7,Siempre soñó con ser un famoso artista.,6
491,The soccer team's score was 3-2 after the final whistle.,4,El equipo de fútbol obtuvo una puntuación de 3-2 después del suspenso final.,7
492,She felt lucky to have won the contest.,3,Ella se sintióafortunada de haber ganado el concurso.,0
493,She brushed her hair before going out.,4,Ella peineó su cabello antes de salir.,4
494,The team had a meeting with the client to present their proposal.,5,El equipo tuvo una reunión con el cliente para presentar su propuesta.,5
495,She had to make a choice between two job offers.,6,Tuvieron que elegir entre dos ofrecimientos de trabajo.,0
496,She was afraid of the dark.,3,Ella estaba asustada de la oscuridad.,0
497,The captain was chosen as the leader of the team.,7,El capitán fue elegido como el líder del equipo.,7
498,"She supposed she had seen the movie, but it turned out to be a mistake.",0,"Creía que había visto la película, pero resultó ser un error.",0
499,Can you pass me a cup of tea?,8,Puedes pasarme una taza de té?,6
500,The doctor checked my patient's vital signs before administering medication.,2,El médico revisó los signos vitales del paciente antes de administrar medicación.,2
501,She loves herself for who she is,0,Amérsela por quién es,0
502,The modern art museum features a collection of contemporary paintings.,2,El museo de arte moderno presenta una colección de pinturas contemporáneas.,5
503,The church in the countryside was a popular tourist destination.,2,La iglesia en el campo era un destino turistico muy popular.,2
504,She tried to stick the note to the fridge with a magnet.,4,Intentaba pegar el billete al frigorífico con un imán.,2
505,The hotel offered an extra pillow for comfort,5,El hotel ofreció una almohada adicional para el confort,0
506,She needs to trust her instincts in order to make a decision.,4,Necesita confiar en sus instintos para tomar una decisión.,0
507,The particular look of the old mansion made it instantly recognizable.,2,El aspecto particular del antiguo palacio lo hizo reconocible de inmediato,3
508,The private investigator was hired by a wealthy client.,2,El investigador privado fue contratado por un cliente rico.,3
509,The musician strummed a power chord on her electric rock guitar.,10,La musicianas pegó un poderoso acorde de rócca en su gitarra eléctrica.,0
510,The new student felt nervous about joining the class.,9,El nuevo estudiante se sintió nervioso al unirse a la clase.,11
511,The silver necklace sparkled on her neck.,2,El collar de plata brillaba en su cuello.,4
512,She loves to watch the sun rise over the horizon every morning,6,Ella ama ver al sol salir sobre el horizonte cada mañana,5
513,her boundless energy inspired her to take on the challenge,3,su energía sin límites la inspiró a enfrentar el desafío,2
514,She fell off the bike and skinned her knee.,0,Ella cayó de la bicicleta y se rasguñó la rodilla.,0
515,He always looked up to my brother as a role model.,7,Mi hermano siempre fue mi modelo a seguir en todo momento.,2
516,She needs to learn how to play the guitar before she can join the band.,4,Ella necesita aprender a tocar la guitarra antes de poder unirse a la banda.,3
517,The company prioritizes quality in all aspects of its operations.,4,La empresa prioriza la calidad en todos los aspectos de sus operaciones.,5
518,Her salary represents a significant value to her overall well-being.,6,Su salario representa un valor significativo para su bienestar en general.,5
519,There was plenty of food left over for the party.,3,Había abundancia de comida para la fiesta.,2
520,The new employee will add value to the team.,5,El nuevo empleado agregará valor al equipo.,0
521,We love spending summers at the beach with our families.,0,Nos encanta pasar veranos en la playa con nuestras familias.,0
522,The company provided an example of how their new software worked.,5,La compañía proporcionó un ejemplo de cómo funcionaba su nuevo software.,5
523,She had to reduce her spending due to financial difficulties.,6,Tendría que reducir su gasto debido a las dificultades financieras.,5
524,we must do our part to protect the earth's environment.,0,debemos hacer nuestro parte para proteger el medio ambiente de la tierra.,12
525,She stood in the spot where her parents used to take her on vacation.,5,Estaba en el lugar donde sus padres la llevaban de vacaciones.,4
526,The office was busy with employees working late hours.,4,El despacho estaba ocupado con empleados trabajando horas extras.,4
527,The trees swayed in the wind.,6,Los árboles se inclinaron con el viento.,7
528,The new policy is worse than the old one in terms of employee satisfaction.,5,La nueva política es peor que la antigua en términos de satisfacción del personal.,5
529,She had a dream that she was flying over the ocean.,4,Ella soñó que estaba volando sobre el océano.,0
530,You need to drive carefully down this hill.,4,Debes conducir con cuidado por esta colina.,2
531,The period at the end of this sentence indicates its completion.,2,El período al final de esta oración indica su conclusión.,2
532,I am certain I left my keys in the living room.,3,Estoy cierto que dejé mis llaves en el salón.,2
533,The apartment was a flat in the city.,5,La habitación era una habitación plano en la ciudad.,6
534,She felt proud of her children after they achieved their degrees.,3,Ella se sintió orgullosa de sus hijos después de que lograron obtener sus títulos.,0
535,She rode her horse through the fields all day.,4,Ella montó su caballo por los campos todo el día.,4
536,"As she looked back, she knew that was the beginning of her journey.",10,"Mientras ella miraba hacia atrás, sabía que era el comienzo de su viaje.",10
537,The actor's big act on stage earned him a standing ovation.,4,El gran acto del actor en el escenario le valió un aplauso de pie,3
538,The company invested heavily in employee training programs.,7,La empresa invirtió grandes cantidades de dinero en programas de capacitación para los empleados.,0
539,The player controlled the robot during the tournament.,2,El jugador controlaba el robot durante el torneo.,2
540,The company will host a competition to choose its next CEO.,6,La empresa acogerá una competencia para elegir su próximo CEO.,5
541,The picture will hang on the wall when it is dry.,4,La imagen se colgó en el cuadro cuando esté seca.,0
542,The company is taking great risk by investing in the new technology.,6,La empresa asume un gran riesgo al invertir en la nueva tecnología.,6
543,The company implemented a new policy to reduce its carbon footprint.,6,La empresa implementó una nueva política para reducir su huella de carbono.,6
544,She scooped up a handful of ice and added it to her drink.,7,Ella tomó una manoña de hielo y la agregó a su bebida.,6
545,She has a great sense of style that makes her stand out in a crowd.,7,Ella tiene un gran sentido de estilo que le hace destacar en multitudes.,7
546,She loved the sweet taste of fresh strawberries.,4,Ella amaba el sabor dulce de fresas frescas.,5
547,The car needed new oil after the long road trip.,5,El automóvilo necesitaba aceite nuevo después del largo viaje.,4
548,She boarded the train at the station and headed home.,4,Ella subó a la estación y tomó el tren hacia su casa.,9
549,The new policy aims to promote social equality within the society.,11,El nuevo politica busca promover la igualdad social dentro de la sociedad.,12
550,She lost a lot of blood after her surgery,6,Pero perdió mucha sangre después de su cirugía,4
551,The sign on the road indicated that the next exit was up ahead.,2,El signs en la carretera indicaba que el próximo paso era adelante.,0
552,The deep blue ocean was home to many exotic species.,2,El mar azul profundo era hogar de muchas especies exóticas.,4
553,The company made a profit of $1 million last year.,5,La empresa ganó un beneficio de $1 millón el año pasado.,5
554,She loves playing tennis as a sport.,7,Ella ama jugar tenis como un deporte.,7
555,Her ultimate goal was to become a professional athlete.,3,Su objetivo final fue convertirse en un atleta profesional.,2
556,The total cost of the items was $100.,2,El costo total de los artículos fue de $100.,3
557,The television show is part of a popular science fiction series.,11,La serie de televisión forma parte de una popular serie de ciencia ficción.,2
558,Her exceptional performance earned her a promotion.,3,Su actuación excepcional le valió la promoción.,2
559,She is the daughter of a famous actress.,4,Es la hija de una actriz famosa.,3
560,She made an offer of employment to the successful candidate.,4,Hizo una oferta de empleo al candidato exitoso.,0
561,The social media platform helped people reconnect with old friends.,2,La plataforma de medios sociales ayudó a que las personas se reconnectaran con amigos viejos.,0
562,Her slender legs fit perfectly into the tight pants.,4,Sus piernas delgadas caben perfectamente en los pantalones estrechos.,0
563,She wiped the clean table with a cloth.,4,Ella limpió la mesa limpia con un paño.,0
564,The fireworks display was exciting and drew a large crowd,5,La presentación de fuegos artificiales fue emocionante y atraer una gran multitud,7
565,The dry earth crumbled beneath her feet.,2,La tierra seca se desmoronó bajo sus pies.,0
566,She will follow her dreams to become a successful artist.,3,Ella seguirá sus sueños para convertirse en una artista exitosa.,0
567,The island in the Caribbean was a popular vacation spot.,2,La isla en el Caribe era un lugar popular para vacaciones.,2
568,The grand hall was filled with music and laughter.,2,La gran sala estaba llena de música y risas.,2
569,She studied politics at university before deciding to pursue a career in law.,3,Estudió política en la universidad antes de decidirse a perseguir una carrera en derecho.,2
570,She applied all her force to finish the project on time.,5,Ella aplicó todo su esfuerzo para terminar el proyecto a tiempo.,0
571,She turned the corner and found a small café.,4,Ella dio la vuelta a la esquina y encontró un pequeño café.,7
572,The company made a billion dollars last year.,5,La empresa hizo un billón de dólares el año pasado.,0
573,The wild horses ran freely in the open field.,2,Los caballos salvajes corrieron libremente en el campo abierto.,0
574,She created a list of all the items she needed to buy at the store.,4,Ella creó una lista de todos los artículos que necesitaba comprar en la tienda.,4
575,She create a beautiful painting for her exhibition.,2,Ella crea una bello pintura para su exhibición.,0
576,The tall oak tree stood proudly in the forest.,4,El gran roble árbol se erguía orgulloso en el bosque.,4
577,She continued her education after high school.,0,Ella continuó su educación después de la secundaria.,0
578,Her face lit up with surprise when she saw her old friend again.,6,Su rostro se iluminó con sorpresa al ver de nuevo a su amigo viejo.,6
579,The team was complete after the new player joined.,4,La equipo estaba completo después del nuevo jugador se unio.,4
580,The new pop song is getting heavy rotation on the radio.,3,La nueva canción pop está obteniendo mucha rotación en la radio.,4
581,I need some cash for the bus fare.,4,Necesito efectivo para el boleto de tren.,2
582,The staff at the hospital were trained in first aid,2,El personal del hospital estaban entrenados en primeros auxilios,2
583,Can you send the package to London?,3,Puedes enviar el paquete a Londres?,2
584,Can you carry your heavy backpack?,3,¿Puedes llevar tu mochila pesada?,2
585,The strawberries gave her a sweet taste.,7,Las fresas le dieron un sabor dulce.,0
586,The finance sector is a key player in the global economy.,3,El sector financiero es un jugador clave en la economía global.,2
587,The book was left above the desk.,5,La libro fue dejado encima de la mesa.,0
588,The beautiful decorations made the wedding day even more special.,6,Las hermosas decoraciones hicieron el día de la boda aún más especial.,9
589,My husband is a great cook.,2,Mi esposo es un excelente cocinero.,2
590,The automotive industry is a major employer in many countries.,3,La industria automotriz es un importante empleador en muchos países.,2
591,She will play the role of a detective in the new TV series.,5,Ella jugará el rol de un detective en la nueva serie de televisión.,4
592,"After a long day, she likes to sleep on the beach.",8,"Después de un largo día, ella disfruta dormir en la playa.",8
593,She loves spending hours in the kitchen while cooking dinner for her family.,9,Ella se encanta pasar horas en la cocina mientras cocina el cenador para su familia.,8
594,The team is working on a new project to launch the product next quarter.,8,El equipo está trabajando en un nuevo proyecto para lanzar el producto al próximo cuarto.,8
595,She took a holiday to visit her family in the mountains.,4,Ella tomó vacaciones para visitar a su familia en las montañas.,3
596,"The hotel room was excellent, with a stunning view of the city.",5,"El cuarto del hotel era excelente, con una vista impresionante de la ciudad.",6
597,The birds will start to sing as soon as they wake up,6,Las aves empezarán a cantar tan pronto como se despertan,5
598,The team was waiting for a message from their manager before starting the project.,7,La equipo estaba esperando un mensaje de su jefe antes de empezar el proyecto.,6
599,The economic growth in the region was slow due to high unemployment.,2,La crecimiento económico en la región fue lento debido a la alta tasa de desempleo.,3
600,The company was found guilty and charged with environmental pollution.,0,La empresa fue encontrada culpable y se le imponen cargos por contaminación ambiental.,0
601,She pulled the rope to open the gate.,0,Ella tiró la cuerda para abrir la puerta.,0
602,The fireworks exploded in an incredible display of color and light.,6,Las explosiones de fuego saltaron en una increíble exhibición de colores y luz.,8
603,I'm meeting my friends at the restaurant for our date tonight.,10,Estoy cumpliendo con mis amigos en el restaurante para nuestra cita esta noche.,0
604,She carefully washed the dish after dinner.,5,Ella se aseguró de lavar el plato después del almuerzo.,7
605,You need to cross the river to get to the other side.,4,Necesitas cruzar el río para llegar al otro lado.,0
606,The student needed new paper for her science project.,5,La estudiante necesitaba nuevo papel para su proyecto científico.,5
607,The family is going to visit their grandparents for the holidays.,6,La familia va a hacer una visita a sus abuelos durante las fiestas.,7
608,The armies clashed in a fierce battle on the open plain.,7,Las tropas se enfrentaron en una intensa batalla en el vasto planicie abierta.,8
609,The dark room was filled with the sound of whispers.,2,El cuarto oscuro estaba lleno del sonido susurrados,3
610,The rock band was on tour across the country.,3,La banda de rock estaba en gira por todo el país.,2
611,I will decide whether to go to the movies tonight.,3,Decidiré si iré al cine esta noche.,0
612,The main character in the novel was a young woman with extraordinary abilities.,3,El carácter principal en la novela era una joven mujer con habilidades sobrenaturales.,2
613,She kept the secret to herself.,4,Ella guardó el secreto para sí misma,4
614,The zookeeper carefully examined the animal before releasing it back into its enclosure.,6,El zoológico verificó cuidadosamente al animales antes de dejarlo volverse en su jaula,0
615,This is the original version of the song,4,Esta es la versión original del cancñon,5
616,The plant will grow taller with more sunlight,4,La planta crecerá más alta con más luz solar,0
617,The new smartphone is an example of the latest type of technology,10,El nuevo teléfono es un ejemplo del tipo más reciente de tecnología,8
618,The river runs through the heart of the city.,2,El río corre por el corazón de la ciudad.,2
619,She believes that education is the key to a successful career.,4,Ella piensa que la educación es la clave para un éxito en carrera.,5
620,The politicians were engaged in a heated debate over the new tax policy.,8,Los políticos estaban envueltos en un debate apasionado sobre la política fiscal nueva.,7
621,She wants to share her toys with the children at the orphanage.,4,Ella quiere compartir sus juguetes con los niños en el orfanato.,3
622,The warm sunshine made me feel happy,2,El sol cálido me hizo sentir feliz,3
623,She placed her new ring on her engagement finger.,5,Ella coloco su nuevo anillo en el dedo del compromiso.,5
624,The village was surrounded by rolling hills and green pastures.,2,El pueblo estaba rodeado de colinas onduladas y prados verdes.,2
625,She stepped on my toe with her foot.,8,Ella pisó mi dedo gordo con su pie.,8
626,She will push the car down the hill.,3,Ella empujará el coche por la ladera del cerro.,0
627,She carefully handled the glass vase on her desk.,5,Ella manejo cuidadosamente el vaso de vidrio en su escritorio.,7
628,The player sprinted across the field before scoring the winning goal.,6,El jugador corrió con todo hacia el campo antes de marcar el gol ganador.,8
629,Her years of hard work finally led to great success.,10,Sus años de duro trabajo finalmente llevaron a un gran éxito.,11
630,This is the worst day of my life,4,Esta es la peor día de mi vida,4
631,She has to choose between two job offers.,4,Ella tiene que elegir entre dos ofertas de trabajo.,4
632,The police officer was forced to kill the dangerous suspect.,7,El oficial de policí fue obligado a matar al sospechoso peligroso.,8
633,The dancers performed a beautiful pair of ballet movements.,6,Los bailarines realizaron un hermoso par de movimientos de ballet.,6
634,The new restaurant became popular among the locals.,5,El nuevo restaurante se volvió popular entre los locales.,6
635,The car's speed was measured by the police during the traffic stop.,3,La velocidad del coche fue medida por la policía durante el parqueo del tráfico.,2
636,The long journey through the mountains was exhausting but exhilarating.,3,El largo viaje por las montañas fue agotador pero emocionante.,3
637,She was elected as the new member of the board of directors.,7,Ella fue elegida como la nueva miembro del consejo de administración.,7
638,what is the truth about her past?,4,¿qué verdad hay sobre su pasado?,2
639,She returned home after a long trip.,0,Ella regresó a casa después de un largo viaje.,0
640,The company's financial reports were audited annually.,3,Los informes financieros de la empresa fueron revisados anualmente.,0
641,The dangerous road was prone to landslides during heavy rain.,2,El camino peligroso estaba propenso a deslizamientos durante la lluvia intensa.,3
642,She gave her opponent a solid kick in the shin.,7,Le dio un golpe fuerte en el muslo de su oponente.,0
643,The normal temperature for the experiment was kept at 20 degrees Celsius.,2,La temperatura normal para el experimento se mantuvo en 20 grados Celsius.,3
644,The company prioritizes security in all its business operations.,4,La empresa prioriza la seguridad en todas sus operaciones comerciales.,5
645,"Wow, what a beautiful sunset!",0,¡Guau! ¡Qué hermoso atardecer!,0
646,The army was deployed to the border to defend against the enemy,2,El ejército se desplegó en la frontera para defender contra el enemigo,2
647,My sister is visiting from out of town.,2,Mi hermana se está visitando de fuera de ciudad.,2
648,The company experienced rapid growth due to its innovative products.,5,La empresa experimentó un crecimiento rápido debido a sus productos innovadores.,5
649,The eagle is about to fly over the mountain.,6,El águila está presto a volar sobre la montaña.,6
650,The politician was arrested for his involvement in the high-profile crime.,11,El político fue detenido por su participación en el alto perfil del crimen.,13
651,She lost her track of time while waiting in line.,4,Perdió la pista del tiempo mientras esperaba en fila.,3
652,She tried to eat the cake despite knowing she was on a diet.,7,Ella intentó comer el pastel a pesar de saber que estaba en dieta.,0
653,The CEO is the manager of the entire company.,5,El director ejecutivo es el gerente de toda la empresa.,6
654,The book belongs to yours.,5,El libro es tuyo.,4
655,The heavy suitcase was difficult to carry up the stairs.,2,La maleta pesada fue difícil de transportar por las escaleras.,0
656,"The concert is in session, so we need to wait for our turn.",0,"La actuación musical está en sesión, por lo que debemos esperar a nuestro giro.",0
657,The company ran an intensive campaign to raise awareness about its new product.,6,La empresa lanzó una campaña intensiva para generar conciencia sobre su nuevo producto.,5
658,The old man finally died in his sleep.,0,El viejo murió en su sueño.,0
659,The architect carefully considered the shape of each building to ensure it fit with the surrounding landscape.,6,El arquitecto consideró cuidadosamente la forma de cada edificio para asegurarse de que se ajustara al paisaje circundante.,6
660,The crowd was dancing to the music at the festival.,4,La multitud estaba bailando al ritmo de la música en el festival.,0
661,Please drop the ball so it doesn't break on impact.,2,Puedes soltar el balón para evitar que se rompa en el impacto.,2
662,The company's financial reports were the subject of an attack by rival investors.,10,Las informes financieros de la empresa fueron objeto de un ataque por parte de inversores rivales.,11
663,She likes to wear her coat even when it's warm outside.,4,Ella prefiere usar su abrigo incluso cuando hace frío afuera.,3
664,She loves to write poetry in her free time.,4,Ella disfruta escribir poesía en su tiempo libre.,3
665,The farmer picked fresh strawberries from her garden.,4,La agricultora seleccionó fresas frescas de su jardín.,0
666,The daily press featured a front-page article about the new policy.,3,El periülico diario destacó en la portada una noticia principal sobre la nueva política.,0
667,Her doubts about the project's feasibility were alleviated by the positive feedback from investors.,0,Sus dudas sobre la viabilidad del proyecto fueron aliviadas por el buen feedback de los inversores.,0
668,"Realising the error, she corrected it immediately.",0,"Darse cuenta del error, ella lo corrigió inmediatamente.",0
669,She needed to show her driver's card to get into the concert.,7,"Necesitaba mostrar su licencia de conducir, una tarjeta, para entrar al concierto.",8
670,She set her clock to the correct time.,4,Ella configuró su reloj para la hora correcta.,4
671,She took advantage of the sale on her birthday to buy a new outfit.,6,Ella aprovechó la venta de su cumpleaños para comprar una nueva ropa.,4
672,She spread a layer of whipped cream on top of her ice cream.,7,Ella esparció una capa de crema batida encima de su helado.,6
673,She is looking forward to attending the university's commencement ceremony.,0,Ella espera con emoción asistir a la ceremonia de graduación de la universidad.,13
674,Her powerful voice filled the entire auditorium with emotion.,3,Su voz poderosa llenó el auditorio completo con emoción.,2
675,The champion of the marathon was crowned on stage.,0,El campeón del maratón fue coronado en el escenario.,0
676,She needs a new bag for her daily commute.,5,Necesita una bolsa nueva para su viaje diario.,3
677,The family went on a boat ride in the lake.,6,La familia salió en bote en el lago.,5
678,the underworld is hell for anyone who dares to enter,4,el infierno es un lugar del mundo subterráneo para aquellos que osan entrar,2
679,The park's natural beauty was on full display during the summer solstice.,3,La belleza natural del parque se mostraba en todo su esplendor durante el solsticio de verano.,3
680,Her personal space is private.,2,Su espacio personal es privado.,3
681,The military put the defence of the city on high alert after receiving a threat.,5,El ejercito puso la defensa de la ciudad en alto estado de alerta después de recibir una amenaza.,5
682,She had the confidence to take on the challenging project.,4,Ella tenía la confianza para asumir el proyecto desafiante.,4
683,Her talent has great potential in the music industry.,5,Su talento tiene gran potencial en la industria musical.,5
684,There was none left in the jar after she drank from it.,3,Había ninguno en el frasco después que ella bebió de él.,2
685,She decided to throw the ball into the hoop.,4,Decidió tirar el balón en el cestero.,2
686,This is whose book?,3,Esto es el de quién libro?,0
687,The bear climbed the mountain,2,El oso subió la montaña,2
688,She hurt her leg while running down the stairs.,4,Ella se lastimó la pierna mientras bajaba las escaleras.,5
689,The terrible traffic made my late for work.,2,El tráfico terrible me hizo retrasarse para el trabajo.,3
690,The opposition formed a broad coalition to challenge the incumbent government.,6,La oposición formó una amplia coalición para desafiar el gobierno incumbiente.,6
691,The confident athlete won the gold medal.,2,El atleta confiado ganó el medalo de oro.,3
692,The ancient Greek sculptor was renowned for his ability to capture the human figure.,14,El escultor griego antiguo era conocido por su habilidad para capturar la figura humana.,13
693,She checked the post office to see if her package had arrived.,4,Ella revisó la oficina de correos para ver si su paquete había llegado.,0
694,The chances of winning the lottery are likely to be very low.,8,Las posibilidades de ganar la lotería son probablemente muy bajas.,0
695,She was nervous about her first day of school.,3,Ella estaba nerviosa por su primer día de escuela.,0
696,The tiny kitten curled up in a ball.,2,El gatito pequeñito se enrolló en una bola.,3
697,She enjoys drawing in her free time.,0,Le gusta dibujar en su tiempo libre.,3
698,The company will launch its new site next quarter.,7,La compañía lanzará su nuevo sitio web al cuarto trimestre del año.,6
699,The scenic hike followed the rugged coastline all day.,0,La hermosa caminata siguió la costa rugosa todo el día.,6
700,She needs to cover her face from the sun.,4,Necesita cubrir su rostro del sol.,2
701,The wealthy businessman lived a life of luxury and excess.,0,El rico empresario vivió una vida de lujo y exceso.,2
702,The company is facing a crisis due to financial struggles and must take drastic measures to avoid bankruptcy.,6,La empresa está enfrentando una crisis debido a problemas financieros y debe tomar medidas drásticas para evitar la quiebra.,6
703,The audience applauded the comedian's final joke.,2,La audiencia aplaudió el último chiste del comediante.,2
704,I need an excuse to get out of this meeting early.,4,Necesito un pretexto para salir temprano de esta reunión.,0
705,The ball will roll down the hill.,4,El balón se derramará por la cuesta.,0
706,The concert was an exciting event for music lovers in the city.,6,La concierto fue un evento emocionante para los amantes de la música en la ciudad.,5
707,The quiet room allowed her to study without distractions.,2,La habitación tranquila le permitió estudiar sin distracciones.,0
708,The teacher gave the student her full attention.,8,El profesor le dio a la estudiante toda su atención.,10
709,The conservative politician favored lower taxes and reduced government spending.,2,El político conservador favorecía impuestos más bajos y gastos gubernamentales reducidos.,3
710,The director worked hard to create an intimate scene for the dramatic finale.,9,El director trabajó duro para crear una escena íntima para el final dramático.,8
711,The company will raise its minimum wage next year.,4,La compañía aumentará su salario mínimo al año siguiente.,0
712,Can you shut the door?,3,Puedes cerrar la puerta?,2
713,The birds in the forest were singing their sweet melodies.,0,Los pájaros en el bosque cantaban sus melodías dulces.,0
714,The new policy is expected to have a significant impact on the environment.,10,La nueva política se espera que tenga un impacto significativo en el medio ambiente.,9
715,She wrote a letter to her pen pal from abroad.,4,Ella escribió una carta a su amigo de extranjero de afuera.,4
716,The captain navigated the vessel through treacherous waters.,2,El capitán navegó la nave por aguas turbulentas.,2
717,I was glad to hear the news.,3,Me sentí contento al saber la noticia.,3
718,She sought advice from her mentor on how to pursue her dream career.,3,Ella buscó consejo de su mentor sobre cómo perseguir su carrera de sueños.,3
719,She decided to pursue a career in medicine after shadowing doctors.,6,Decidió perseguir una carrera en medicina después de pasar tiempo como aprendiz con los médicos.,0
720,She walked per mile in the park.,3,Ella caminó por milla en el parque.,3
721,The injury caused her immense pain.,6,El daño la causó una intensa molestia.,0
722,She put on a beautiful black dress for the wedding.,7,Ella puso un hermoso vestido negro para la boda.,5
723,The company's rate of growth has been steadily increasing over the past few years.,3,La tasa de crecimiento de la empresa ha estado aumentando de manera constante durante los óltimos años.,2
724,The company prioritized safety in its manufacturing process.,4,La empresa priorizó la seguridad en su proceso de fabricación.,5
725,She's been keen on learning a new language for years now.,3,Ha estado siendo entusiasta de aprender una nueva lengua durante años ahora.,4
726,She was a careful driver and never got into an accident.,4,Ella era conducción cuidadosa y nunca se metió en un accidente.,0
727,The hotel requested that I provide proof of my travel condition.,11,El hotel solicitó el documento de mi condición de viaje.,8
728,She loved to jump over the waves at the beach.,4,Ella disfrutaba salto sobre las olas en la playa.,3
729,She poured a glass of wine to accompany her dinner.,6,Ella vertió un vaso de vino para acompañar su cena.,6
730,The daffodil's trumpet-shaped petals are a vibrant yellow.,8,El pétalo del naranjo es un vibrante amarillo.,8
731,Her hard work made her a successful entrepreneur.,7,Su dura trabajo la convirtió en empresaria exitosa,0
732,The honourable judge listened carefully to the evidence.,2,El juez honorable escuchó atentamente la evidencia.,3
733,"As I walked through the garden, I caught a whiff of freshly cut grass.",0,"Mientras caminaba por el jardín, percibñ un aroma de corte reciente de hierba.",0
734,She has a deep-seated fear of spiders.,5,Tiene un miedo profundo de las arañas.,3
735,She added sugar to her coffee in the morning.,3,Ella agrega azñcar al suero de su manana.,0
736,The new policy is expected to have a positive effect on the economy.,10,La nueva política se espera que tenga un efecto positivo en la economía.,9
737,Her brain is still recovering from the injury.,2,Su cerebro aún está recuperándose después de la lesión.,2
738,She picked up a stone to examine it closer.,5,Ella tomó una piedra para examinarla de cerca.,4
739,The company specializes in trade with several Asian countries.,5,La empresa se especializa en comercio con varios países asiáticos.,6
740,The beautiful view from the window made me feel serene.,6,La vista hermosa desde la ventana hizo que me sintiera sereno.,6
741,She pointed her camera at the breathtaking view to capture a memorable moment.,4,Ella apuntó su cámara hacia la vista impresionante para grabar un momento recordatorio.,4
742,The factory uses a complex machine to manufacture cars.,6,La fábrica utiliza una compleja máquina para fabricar coches.,6
743,She stayed till the party was over and everyone had gone home.,3,Ella se quedó hasta que la fiesta había terminado y toda la gente había ido a casa.,4
744,The liberal party has long been committed to social justice and equality for all citizens.,2,El partido liberal siempre ha estado comprometido con la justicia social y la igualdad para todos los ciudadanos.,3
745,The city's central business district is bustling with activity.,3,La ciudad centro comercial está llena de actividad.,0
746,The cat is sleeping on the couch.,2,El gato está durmiendo en el sofá,2
747,She became ill because of her long illness.,0,Se volvió enferma porque de su larga enfermedad.,0
748,The magic of the wizard's spell was evident in the way he made objects disappear.,2,La magia del hechizo del hechicero era evidente en la forma en que hacía desaparecer objetos.,0
749,The beauty of nature is reflected in its diverse landscapes and ecosystems.,4,La belleza de la naturaleza se refleja en sus diversas paisajes y ecosistemas.,5
750,The strange noise in the night kept me awake.,2,El ruido extraño de la noche me mantuvo despierto.,3
751,I am my own biggest critic,0,Soy mi propio mayor crítico,0
752,I accept your invitation to the party.,2,Acepto tu invitación al partido.,0
753,The new employee received a benefit package with health insurance and retirement savings.,6,El empleado nuevo recibió un paquete de beneficios con seguro médico y ahorro para la jubilación.,0
754,The teacher explained the math concept to her students.,0,El profesor explicó el concepto matemático a sus alumnos.,0
755,The kids love playing in the snow during winter break.,9,Los niños adoran jugar en la nieve durante las vacaciones de invierno.,12
756,The flight was available on Sunday morning.,4,El vuelo estaba disponible el domingo por la mañana.,4
757,It was pointless to continue searching for the missing book when it had already been found.,3,Era inútil seguir buscando el libro perdido cuando ya había sido encontrado.,2
758,She has several books on her shelf.,3,Tiene varios libros en su estantería.,2
759,She cooked the chicken in a spicy tomato sauce.,4,Ella cocinó el pollo en una salsa de tomate picante.,4
760,Many people think that pizza is a common food in Italy,8,Muchos personas piensan que la pizza es una comida común en Italia,10
761,The cell was alive and responded to the stimulus.,4,El celular estaba vivo y respondió al estimulo.,4
762,The fall hurt her badly.,3,El golpe la lastimó gravemente,0
763,She listened to her favorite music on the radio while driving down the highway.,9,Ella escuchó su música favorita en el radio mientras conducía por la autopista.,8
764,She travels around the world every year.,0,Ella viaja por todo el mundo cada año.,0
765,The bright sunshine filled the room with warmth.,2,El sol brillante llenó la sala con calefornidad.,0
766,She called him darling when he walked into the room.,4,Ella llamó cariño cuando entró él en la habitación.,3
767,She has spent years studying the language to become fluent.,7,Ella ha pasado años estudiando el idioma para volverse fluente.,7
768,She put her savings into a diversified investment portfolio to secure her retirement.,8,Ella puso sus ahorrados en un portafolio de inversión diversificado para asegurar su jubilación.,9
769,The military personnel were honored for their bravery.,2,El personal militar fue honrado por su valentía.,3
770,Calculating the weight of a package requires accurate measurements and consideration of gravitational forces.,3,Calcular el peso de un paquete requiere mediciones precisas y considerar las fuerzas gravitacionales.,3
771,I hate doing math problems,2,Odio hacer problemas de matemáticas,0
772,The train station was bustling with commuters on their way to work.,3,La estación de tren estaba abarrotada con commuters que iban a trabajar.,2
773,The current temperature is expected to rise today.,2,La temperatura actual se espera que aumente hoy.,3
774,The prisoner was released from prison after serving his sentence.,6,El reo fue liberado de prisión después de cumplir su sentencia.,6
775,The storm caused significant damage to the town's infrastructure.,5,La tormenta causó daño significativo en la infraestructura del pueblo.,4
776,She works hard to protect her children from harm.,5,Ella se esfuerza por proteger a sus hijos de daño.,5
777,The family owns a farm in the countryside.,5,La familia posee una granja en el campo,5
778,She was determined to reach the top of the mountain before nightfall.,5,Ella estaba decidida a alcanzar la cima de la montaña antes del atardecer.,5
779,The archer took careful aim at her target and fired.,8,El arquero tomó un cuidadoso giro en su mira al objetivo y lanzó.,11
780,She was aware of the danger and avoided it.,3,Ella era consciente del peligro y lo evitó.,3
781,She spent most of her free time tending to the new plant.,12,Ella pasó su mayor parte de tiempo atendiendo al nuevo ˗planta.,11
782,She will conduct a search for the missing book before bedtime.,5,Ella realizará una búsqueda del libro perdido antes de acostarse.,4
783,The unusual behavior of the animal was observed by many scientists.,2,El comportamiento extraño del animal fue observado por muchos científicos.,0
784,She was overjoyed when she won the prize at the contest,8,Ella se sintió muy feliz cuando ganó el premio en la competencia,9
785,She was crowned champion of the tournament.,4,Ella fue corona campeón del torneo.,4
786,She woke up feeling sad today.,5,Ella se despertó sintiéndose triste hoy.,5
787,"The train arrived late, and we had to wait for a long time because of the slow connection.",17,El tren llegó tarde y nos hicieron esperar mucho tiempo debido a la connección lenta.,0
788,She spread some cheese on her sandwich for lunch.,4,Ella esparció queso sobre su bocadillo para el almuerzo.,3
789,"The two paintings looked similar, but the older one had a more distinctive style.",5,"Las dos pinturas parecían similares, pero la más antigua tenía un estilo más distinto.",0
790,She loves to eat cake for her birthday.,5,Ella le gusta comer un pastel en su cumpleaños.,6
791,I love a good steak with my roasted vegetables.,0,Me encanta una buen carne con mis verduras asadas.,5
792,Her groundbreaking research in physics earned her a Nobel Prize in science.,12,Su investigación pionera en física le valió el Premio Nobel en ciencia.,12
793,The rid track offered a challenging hike.,2,El camino de riadas ofreció un paseo desafiante.,0
794,She bet her friend that she could eat the entire pizza by herself.,2,Ella apostó que podría comer toda la pizza entera sola.,0
795,The company will increase its production to meet the growing demand.,4,La empresa aumentará su producción para satisfacer la creciente demanda.,0
796,The company has a range of products to suit different markets.,5,La empresa tiene una gama de productos para satisfacer diferentes mercados.,0
797,She carefully placed the egg in its incubator to keep it warm.,5,Ella colocó el huevo cuidadosamente en su incubadora para mantenerlo caliente.,4
798,The flamingo's feathers are a bright pink color.,7,Las plumas del pico de la flamenco son un color rosado brillante.,11
799,The edge of the cliff was slippery with moss.,2,El borde de la grieta era escabroso con musgo.,2
800,Her positive attitude helped the team win the competition.,2,Su actitud positiva ayudó al equipo a ganar la competencia.,0
801,The sex of the animal was difficult to determine.,2,El sexo del animal era difícil de determinar.,2
802,The surgical team will lead the operation and monitor the patient's progress.,7,El equipo quirúrgico liderará la operación y monitoreará el progreso del paciente.,6
803,The researchers spent years conducting extensive research on the effects of climate change.,7,Los investigadores pasaron años realizando investigación exhaustiva sobre los efectos del cambio climático.,6
804,"She made a big mistake on the math test, getting almost all of the answers wrong.",5,"Ella cometio un gran error en el examen de matematicas, respondiendo casi todas las respuestas incorrectas.",5
805,She had to pay the bill due next month.,7,Tenia que pagar la factura debido el mes siguiente.,6
806,The family had to take on a significant debt to finance their dream home.,9,La familia tuvo que asumir una deuda significativa para financiar su casa de los sueños,7
807,She promised to meet him at the park if he won the game.,0,Ella prometió encontrarse con él en el parque si ganaba el juego.,0
808,The ground was covered in a thick layer of snow that prevented us from walking.,10,La superficie estaba cubierta con una capa espesa de nieve que impedía que pudiéramos caminar.,10
809,The beauty of the sunset is reflected in the vast expanse of the sky.,14,La belleza del atardecer se refleja en el vasto abismo del cielo.,12
810,The barbecue sauce added a rich flavor to the ribs.,3,La salsa barbacoa agregó un rico sabor a las costelas.,2
811,She thought her boyfriend was crazy for wanting to leave their small town,6,Ella pensaba que su pareja estaba loca por querer abandonar su pequeña ciudad,0
812,The store had a beautiful opening ceremony,6,La tienda tuvo una hermosa apertura de ceremonies,6
813,The new smartphone is expensive.,5,El nuevo smartphone es costoso.,5
814,The company operates in several regions across the globe.,0,La empresa opera en varias regiones de todo el mundo.,0
815,The kitchen was a mess after the party.,5,La cocina estaba llena de desorden después la fiesta.,6
816,The seat in the front row was occupied by a student.,2,El asiento en la primera fila estaba ocupado por un estudiante.,2
817,She thought he was stupid for not noticing the problem.,5,Ella pensó que era estúpido no haber notado el problema.,5
818,The company will provide funding for the project.,4,La empresa proporcionar financiamiento para el proyecto.,3
819,The charity donated millions of dollars to the local food bank.,2,La caridad donó millones de dólares a la bancoscaleta local.,2
820,The crowd began to rise and cheer as the concert started.,5,El público comenzó a subir y aplaudir cuando empezó la concierto.,0
821,She spent the afternoon working on her painting in the studio.,11,Ella pasó la tarde trabajando en su pintura en el estudio.,11
822,The commission was responsible for investigating the corruption allegations.,2,La comisión estuvo responsable de investigar las acusaciones de corrupción.,2
823,He got an A plus on the test.,5,Obtiene un A más en el examen.,4
824,She tried to maintain her focus during the long meeting.,6,Ella intentó mantener su enfoque durante la larga reunión.,5
825,The kid played happily in the park.,2,El niño jugaba felizmente en el parque.,2
826,The carpenter carefully selected the wood for his craft project.,6,El carpintero seleccionó con cuidado el madero para su proyecto artesanal.,0
827,She opened her mouth to take a deep breath.,4,Ella abrió su boca para tomar un gran respiro.,4
828,The room was a large square with high ceilings.,6,La habitación era un gran cuadrado con altas techos.,6
829,We will reckon with the consequences of our actions.,3,Estaremos contando con las consecuencias de nuestras acciones.,0
830,She enjoyed the ride to the beach.,4,Ella disfrutó el paseo hasta la playa.,4
831,"The movie was awful, and I didn't watch it again.",4,"La película fue horrible, y no la volví a ver",4
832,You can only attend the party unless you have prior commitments,7,Puedes asistir al partido a menos que tengas compromisos previos,0
833,The construction site was filled with constant noise.,8,La obra de construcción estaba llena de un constante ruido.,10
834,The experiment will prove that the new material is more durable.,4,El experimento probará que el nuevo material es más resistente.,0
835,She begins her new job tomorrow,0,Ella comienza su nuevo trabajo mañana,0
836,The baby started to laugh at the silly clown.,5,El bebé empezó a reír al loco payaso.,0
837,The crowd showed great respect to the visiting team.,5,El público mostró gran respeto al equipo visitante.,5
838,The car ran out of gas on the highway.,6,El coche se quedó sin gas en la autopista.,6
839,She looked beyond the horizon for any sign of hope.,3,Buscaba más allá de la orilla,0
840,She visited the capital city of France to explore its history.,4,Ella visitó la capital de Francia para explorar su historia.,4
841,We're having dinner at our friend's house tonight.,3,Estamos teniendo cena en casa de nuestro amigo esta noche.,3
842,The fat cat sat on the couch all day.,2,El gordo gato se sentó en el sofá todo el día.,2
843,The new thriller will be released under the title of 'Dark Shadow'.,9,La nueva película de terror saldrñ bajo el título de 'Sombra Oscura',9
844,The committee reviewed the proposal and made a unanimous decision.,2,El comité revisó la propuesta y tomó una decisión unánime.,2
845,The county seat was founded by pioneers in the late 19th century.,2,El asiento del condado fue fundado por pioneros en el siglo XIX tardía.,4
846,The family has managed the estate for generations.,6,La familia ha gestionado la finca durante generaciones.,6
847,The detective was about to reveal the identity of the suspect,6,El detective iba a revelar la identidad del sospechoso,5
848,She indulged in a piece of chocolate cake for dessert.,7,Ella se sumergió en un trozo de pastel de chocolate para postre.,10
849,The ship sailed across the ocean.,2,El barco navegó a través del océano.,2
850,The fluffy white cloud drifted lazily across the blue sky.,4,La nube blanda y blanca se deslizó suavemente sobre el cielo azul.,2
851,The artist's latest painting was unveiled at a gallery in New York City.,4,El último lienzo del artista fue presentado en una galería en la ciudad de Nueva York.,0
852,She told a lie about her age to get into the concert.,4,Ella dijo una mentira sobre su edad para entrar al concierto.,0
853,The fire was producing a lot of heat in the room.,8,El fuego estaba produciendo mucho calor en la sala.,6
854,The warning signs were false and did not indicate a real danger.,5,Las señales de advertencia fueron falsas y no indicaron un peligro real.,0
855,she put a lot of effort into her new project and received great feedback.,6,ella puso mucho esfuerzo en su nuevo proyecto y recibió una gran retroalimentación.,4
856,The crowd cheered as the concert began.,2,La multitud aplaudió cuando comenzó el concierto.,2
857,She stood up for her rights and demanded equal pay.,6,Ella se levantó por sus derechos y exigió el mismo salario que sus colegas.,6
858,She studied design at college to learn about architecture,3,Ella estudió diseño en la universidad para aprender sobre arquitectura,3
859,The family took a tour around Europe.,5,La familia hizo una gira por Europa.,5
860,The new president addressed her nation with a message of hope and unity.,6,La nueva presidenta se dirigió a su nación con un mensaje de esperanza y unidad.,8
861,She can afford a new car this year,3,Puede permitirse un nuevo coche este año,2
862,The dog fell into the hole and got dirty.,6,El perro cayó en el agujero y se hizo sucio.,6
863,Taking responsibility for her actions was a difficult but necessary step towards healing,2,Asumir la responsabilidad de sus acciones fue un paso difícil pero necesario hacia el sanamiento,3
864,She placed the pot on the stove to boil the water.,4,Ella coloco la olla en el estufa para hervir el agua.,4
865,She booked a room at the luxury hotel for her special night out.,8,Ella reservó un habitación en el hotel de lujo para su noche especial salida.,7
866,She put on her hat to shield her face from the sun.,5,Ella puso su sombrero para proteger su rostro del sol.,4
867,The foreign language course helped me improve my listening skills.,2,El curso de idiomas extranjeros me ayudó a mejorar mis habilidades de escucha.,0
868,I've been feeling sick all day and can't go to work.,4,He estado enfermo durante toda la semana y no pude ir al trabajo.,3
869,She allows her children to play outside all day.,0,Ella permite a sus hijos jugar afuera durante todo el día.,0
870,"She is the master of her craft, able to create stunning works of art.",4,"Ella es maestra de su arte, capaz de crear obras de arte impresionantes.",0
871,She gave her friend credit for helping with the project.,5,Le dio crédito a su amiga por ayudar con el proyecto.,3
872,The grass was wet after the rain.,4,La hierba estaba mojada después de la lluvia.,0
873,The photographer carefully cleaned the frame before taking the shot.,6,La fotógrafa revisó cuidadosamente el marco antes de tomar la foto.,6
874,The recent news has sparked a lot of interest.,2,El reciente anuncio ha generado mucha curiosidad.,2
875,The architect had to estimate the cost of materials before starting the project.,5,El arquitecto tenía que estimar el costo de los materiales antes de empezar el proyecto.,0
876,The row of seats was empty when we arrived.,2,El banco de asientos estaba vacío cuando llegamos.,0
877,Her skin was severely burned during the fire.,2,Su piel se quemó con el fuego.,2
878,The independent filmmaker was recognized for her innovative storytelling style.,2,El cineasta independiente fue reconocido por su estilo narrativo innovador.,3
879,The company's fault was due to the employee's lack of training.,3,La culpa del empleado fue la falta de capacitación,2
880,The warning sign indicated danger ahead of us.,5,La señal de advertencia nos indicaba peligro en nuestra cabeza.,7
881,"She took the bus for her daily commute, which was just a short trip to work.",14,"Ella tomó el autobús para su commutación diaria, que era solo un breve viaje al trabajo.",14
882,She needed access to her account to complete the transaction.,3,Necesitaba el acceso a su cuenta para completar la transacción.,3
883,The judge ruled that the contract was legal and enforceable.,8,El juez dictaminó que el contrato era legal y ejecutable.,8
884,She needed to lift the heavy box into the moving truck.,4,Necesitaba levantar el pesado cajas en el coche que se movía.,2
885,The weird behavior of the computer was causing it to freeze.,2,El comportamiento extraño del ordenador estaba causando que se congelara.,0
886,She treats her patients with great care and respect.,0,Ella trata a sus pacientes con gran cuidado y respeto.,0
887,Her grandmother was known for her traditional recipe that had been passed down for decades.,7,Su abuela era conocida por su receta tradicional que había sido transmitida durante décadas.,8
888,The company released a statement regarding the financial difficulties it was facing.,5,La empresa emitió una declaración sobre las dificultades financieras que estaba enfrentando.,5
889,"After work, I like to grab a beer at the bar down the street.",11,"Después del trabajo, me gusta ir al bar que está en la calle de enfrente.",8
890,The jury sought justice for the victim's family.,4,El jurado buscaba justicia para la familia del víctima.,4
891,The usual route to the beach is through this small town.,2,El camino habitual para llegar a la playa es a través de este pequeño pueblo.,3
892,She gained knowledge of the new language by watching TV in English,3,Ella adquirio conocimiento del nuevo idioma al ver TV en inglés,3
893,The world was finally at peace after the long and bloody war.,6,El mundo estaba finalmente en paz después de la larga y sangrienta guerra.,6
894,The subject of the experiment was a group of mice.,2,El sujeto del experimento fue un grupo de ratones.,2
895,She caught the bus to work.,4,Ella sali con el autobûs al trabajo.,0
896,The marketing department is responsible for promoting the company's products.,3,El departamento de marketing es responsable de promocionar los productos de la empresa.,2
897,The police officer arrived just in time to stop the robbery.,3,El oficial de policí llegó justo a tiempo para detener la robetería.,2
898,"The fireworks display was fabulous, filling the night sky with color and light.",5,"El espect¬culo de fuegos artificiales fue fabuloso, llenando el cielo de noche con colores y luz.",7
899,She has a fancy dress for the ball.,4,Ella tiene un vestido elegante para la fiesta.,5
900,She hung her clothes in the closet to put them away.,4,Ella colgó sus ropa en la puerta del armario para ponerlas en orden.,4
901,The full moon rises over the horizon at night.,3,El lunes completo se levanta sobre el horizonte por la noche.,0
902,The museum features a collection of ancient artifacts from around the world.,5,El museo exhibe una colección de artefactos antiguos de todo el mundo.,5
903,The tight band held the instrument securely against her body.,2,La banda apretada sostuvo el instrumento de manera segura contra su cuerpo.,0
904,The neurosurgeon is an expert in his field.,5,El neurólogo es un experto en su campo.,5
905,The preservation of wildlife habitats is crucial for the environment.,10,La conservación de los hábitats de la vida silvestre es esencial para el medio ambiente.,0
906,She was mad at her brother for breaking her toy.,3,Ella estaba loca con su hermano por romperle el juguete.,0
907,The workers went on strike to protest the company's poor working conditions.,5,Los trabajadores hicieron huelga para protestar las condiciones laborales pobres de la empresa.,4
908,She struggled to achieve balance in her busy life.,5,Ella luchó por lograr equilibrio en su vida ocupada.,5
909,She embodied the goodness in her actions.,4,Ella personificaba la bondad en sus acciones.,4
910,The highway stretches wide through the valley.,4,La autopista se extiende anchamente a través del valle.,0
911,Please pass the plate to me.,4,"Pásame el plato, por favor.",3
912,She poured herself a glass of cold milk to drink.,8,Ella se tomó un vaso de leche fría para beber.,7
913,She added a dash of cumin to give the soup an extra flavour.,13,Ella agregó una pizca de comino para darle la sopa un sabor adicional.,12
914,She carefully selected the ripest fruit from the tree.,6,Ella seleccionó cuidadosamente la fruta más madura del árbol.,5
915,Her voice was not part of the opposition to the new tax law.,8,Su voz no estaba presente en la oposición a la nueva ley de impuestos.,8
916,The calm waters reflected the serene beauty of nature.,2,Las aguas tranquilas reflejaban la hermosura serena de la naturaleza.,0
917,Her extensive travels allowed her to experience different cultures firsthand.,0,Sus amplias aventuras le permitieron experimentar diferentes culturas de primera mano.,0
918,She scored an average grade on her exams.,4,Ella obtuvo una nota promedio en sus exámenes,5
919,Her embarrassment at being caught cheating was palpable.,0,Su vergüenza por ser pillada robando era palpable.,2
920,She played with her wee brother on the beach.,5,Ella jugó con su hermano menor en la playa.,0
921,The doctor carefully examined the patient's symptoms before making a diagnosis.,0,El médico examinó cuidadosamente los síntomas del paciente antes de hacer un diagnóstico.,8
922,"The sunset was gorgeous, filling the sky with warm hues of orange and pink.",4,"El atardecer fue precioso, llena el cielo con calurosos tonos de naranja y rosa.",4
923,I'm going to grab some lunch before I head to the office.,6,Voy a tomar un almuerzo antes de ir al despacho.,5
924,The quality control team ensured that the products met all safety standards.,0,El equipo de calidad aseguró que los productos cumplan con todos los estñndares de seguridad.,0
925,The team celebrated their victory in the championship game.,5,El equipo celebró su victoria en el partido de campeonato.,5
926,She heard the knock at the door and got up to answer it.,4,Escuchó el golpe en la puerta y se levantó para abrirla.,0
927,"The family spent their summer vacation at the beach, building sandcastles and swimming in the ocean.",9,"La familia pasó su verano vacaciones en la playa, construyendo castillos de arena y nadando en el océano.",9
928,The sound of the rain on my roof was soothing.,8,El sonido del agua en mi techo era calmante.,7
929,The president delivered a powerful speech to rally the nation behind his economic plan.,6,El presidente dio un discurso poderoso para motivar al pueblo a apoyar su plan económico.,5
930,Can you make contact with the customer service team?,4,Puedes ponerse en contacto con el equipo de atención al cliente.,4
931,The entire population of the city was affected by the natural disaster.,2,La población toda del ciudad fue afectada por el desastre natural.,0
932,The company follows the standard for quality control.,5,La empresa sigue el estándar de calidad de control.,5
933,She pinched her nose shut to prevent sneezing.,4,Ella pinchó su nariz cerrando para evitar estornudar.,4
934,The captain and crew are responsible for the safety of all passengers.,4,El capitán y la tripulación son responsables de la seguridad de todos los pasajeros.,5
935,The company will waste a lot of money if they don't reduce their production costs.,4,La empresa gastará mucho dinero si no reducen sus costos de producción.,0
936,The company asked for reviews from customers who had recently purchased their product.,0,La empresa pidió reseñas de los clientes que habían comprado recientemente su producto.,0
937,She spent most of her day browsing the internet for recipes.,9,Ella pasó la mayor parte del día buscando recetas en Internet.,11
938,the athletes stood on the base of the mountain to get a good view,6,los atletas se colocaron en la base de la montaña para tener una buena visión,7
939,The company's sales will scale with the growth of its customer base.,5,La venta del negocio escalará con el crecimiento de su base de clientes.,0
940,The fan in the living room was quietly blowing air on a hot summer day.,2,El ventilador en la sala de estar estaba blando aire con un día caluroso de verano.,2
941,The manager will notice the employee who is late again.,4,El gerente notará al empleado que esté tarde una vez más.,0
942,The wind began to blow through the city.,5,El viento comenzó a soplar por la ciudad.,5
943,The baby smiled at her mother's face.,0,La bebé sonrió hacia la cara de su madre.,0
944,The majority voted in favor of the proposal.,2,La mayoría votó a favor de la propuesta.,2
945,The powerful engine made the car incredibly fast.,2,El motor poderoso del coche lo hizo extremadamente rápido.,3
946,The hikers climbed to the top of the hill for a breathtaking view.,9,Los caminantes subieron al borde de la colina para una vista impresionante.,8
947,She was angry about the delayed flight.,3,Ella estaba enojada por la atrasada vuelta.,0
948,Her dance was a beautiful display of movement that captivated the audience.,8,Su baile fue una bella exhibición de movimiento que cautivó al público.,8
949,She is an individual with her own unique style.,4,Ella es una individuo con su propio estilo único.,0
950,The survey counted over 100 participants.,0,El sondeo contó más de 100 participantes.,0
951,She had a previous job before moving to New York.,4,Tenía un trabajo anterior antes de mudarse a Nueva York.,4
952,The artist spent years honing her craft to create a stunning exhibition.,2,El artista pasó años perfeccionando su oficio para crear una exhibición impresionante.,2
953,The driver was responsible for navigating the road.,2,El conductor fue responsable de navegar la carretera.,2
954,The tourists will approach the ancient ruins with caution.,4,Los turistas se acercarán a las ruinas antiguas con precaución.,0
955,The company's development team worked tirelessly to launch the new product.,3,El equipo de desarrollo de la empresa trabajó incansablemente para lanzar el nuevo producto.,4
956,Let's grab a beer at the pub after work.,7,Vamos a tomar una cerveza en el pub después del trabajo.,8
957,She bought a small shop for a few quids.,0,Ella compró un pequeño tienda por unas libras esterlinas.,0
958,The news channel provides updates on current events from around the world through its live media broadcasts.,16,El canal de noticias ofrece actualizaciones sobre eventos actuales del mundo a través de sus transmisiones en vivo.,0
959,The new bridge opened up the entire area for development.,3,La nueva puentes abrieron todo el área para su desarrollo.,0
960,The new housing development is located on the outskirts of town.,3,El nuevo desarrollo de viviendas se encuentra en los alrededores de la ciudad.,0
961,The book is located below the table.,5,El libro está debajo de la mesa.,4
962,She loves to paint beautiful landscapes in her free time.,4,Ella disfruta pintar paisajes hermosos en su tiempo libre.,0
963,She loved to mix different colors of paint on her palette.,4,Ella disfrutaba mezclar diferentes colores de pintura en su paleta.,0
964,The farm will produce a new crop this season.,4,La granja producirá una nueva cosecha esta temporada.,0
965,She injured her arm while playing tennis.,4,Ella lastimó su brazo mientras jugaba tenis.,4
966,The room was filled with rubbish from the construction site.,6,La habitación estaba llena de basura del sitio de construcción.,6
967,This new software represents the future generation of artificial intelligence tools.,7,Este nuevo software representa la generación futura de herramientas de inteligencia artificial.,6
968,The fireworks display was truly impressive.,6,El espectáculo de fuegos artificiales fue impresionante.,7
969,The item on the shelf was purchased yesterday.,2,El artículo en la estantería fue comprado ayer.,2
970,The company's financial concerns were addressed during the meeting.,0,Las preocupaciones financieras de la empresa fueron abordadas durante la reunión.,0
971,The crowd's reaction to the surprise announcement was odd.,9,La reaccioón del público ante la sorpresa de anuncio fue extraña.,0
972,She saved her money for a quarter of the cost.,7,Ella ahorró su dinero para una cuarta parte del costo.,0
973,her perception of reality was distorted by the events that occurred,4,su percepcion de la realidad estaba distorsionada por los eventos que ocurrieron,5
974,The detective was tasked with solving the cold murder that had shaken the entire city.,9,El detective estaba encargado de resolver el asesinato frío que había sacudido toda la ciudad.,8
975,The detective was determined to solve the mystery of the missing treasure.,8,El detective estaba decidido a resolver el misterio del tesoro robado.,8
976,The discovery of the significant changes in climate made it clear that drastic measures were needed,5,La descubierta de los cambios significativos en el clima hizo evidente que se requerían medidas drásticas,0
977,The head chef was busy prepping for the evening service.,3,El chef jefe estaba ocupado preparando para el servicio de la noche.,2
978,She has a strong opinion about the new policy.,5,Tiene una fuerte opinión sobre la nueva política.,4
979,The company will need significant funding to develop the new technology.,6,La empresa necesitará fondos significativos para desarrollar la nueva tecnologù.,0
980,She sprinkled salt on her popcorn while watching the movie.,3,Ella espolvoreó sal en su palomitas de maíz mientras veía la película.,3
981,The teacher was responsible for supervising the class during recess.,4,El maestro fue responsable de supervisar la clase durante el recreo.,4
982,I will recognise the winner of the competition.,3,Le aceptaré al ganador de la competencia.,0
983,The new restaurant served classic Italian dishes in a cozy atmosphere.,5,El nuevo restaurante sirvió platos italianos clásicos en un ambiente acogedor.,0
984,The company will set up a new fund to invest in renewable energy.,8,La empresa establecerá un nuevo fondo para invertir en energía renovable.,6
985,She carefully carried the fragile bowl to the table without spilling a drop.,6,Ella transportó el tazón con cuidado sin derramar ni gota.,4
986,She broke some bread to accompany her soup.,4,Ella se rompió el pan para acompañar su sopa.,5
987,She looked forward to spending the rest of her life in happy marriage.,13,Ella se miraba hacia adelante para pasar el resto de su vida en un matrimonio feliz.,15
988,The company came up with a scheme to increase profits by cutting costs.,7,La empresa vino con un esquema para aumentar las ganancias reduciendo los costos.,6
989,She is a professional engineer with over 20 years of experience.,4,Ella es una ingeniera profesional con más de 20 años de experiencia.,5
990,The use of technology has revolutionized the way we communicate with each other.,4,El uso de la tecnología ha revolucionado la forma en que nos comunicamos entre nosotros.,5
991,The hunters were out in the forest to hunt deer.,9,Los cazadores estaban en el bosque para caza venados.,8
992,The delivery man drove his van to the store to pick up a package.,6,El camionero condujo su furgoneta al centro commercial para recoger un paquete.,5
993,"She asked me to turn down the volume, a big favour considering how much she loved the music.",11,"Ella me pidió que bajara el volumen, un gran favor considerando cuánto le encantaba la música.",10
994,She needed to find her direction in life after the accident.,6,Necesitaba encontrar su rumbo en la vida después del accidente.,0
995,"She stood among the crowd, looking around nervously.",3,"Ella se encontraba entre la multitud, mirando alrededor con ansiedad.",4
996,The courier service will deliver the package tomorrow.,5,El servicio de mensajeróa garantiza la entrega del paquete más tarde.,0
997,Please provide your home address for delivery purposes.,5,"Por favor, proporciona su dirección de envío para fines de entrega.",5
998,The judge listened carefully to both sides before rendering his verdict.,2,El juez escuchó cuidadosamente ambos lados antes de emitir su veredicto.,2
999,The customer gave a response to the sales representative about the product.,5,El cliente dio una respuesta al representante de ventas sobre el producto.,5
1000,The bird will feed on the seeds during the winter.,4,El pájaro se alimentará de las semillas durante el invierno.,0
1001,The park was beautiful in the spring with blooming flowers.,7,El parque era hermoso en primavera con flores en floración.,6
1002,The team's mission was to deliver the project on time.,3,La misión del equipo era entregar el proyecto a tiempo.,0
1003,The rare species of bird was seen by only a handful of people.,2,La especie rara de ave fue vista solo por un puñado de personas.,0
1004,The boss gave the employee a raise.,2,El jefe otorgó un aumento salarial al empleado.,2
1005,The king's new castle was the envy of all who saw it.,4,El nuevo castillo del rey era el orgullo de todos que lo veían.,3
1006,The company will build a strong brand identity for the new product launch.,7,La empresa construirá una fuerte identidad de marca para el lanzamiento del nuevo producto.,8
1007,She spread butter on her toast for breakfast.,3,Ella espolvorea mantequilla en su pan tostado para desayuno.,3
1008,"The turnout for the referendum was unexpectedly high, with many voters making their voices heard.",5,"La participación en el referéndum fue más alta de lo esperado, con muchos votantes haciendo que su voz se escuchara.",5
1009,The soft blanket was warm and cozy.,2,La manta suave era cálida y acogedora.,3
1010,She will consider the options before making a decision.,3,Ella considerará las opciones antes de tomar una decisión.,0
1011,The room was found to be empty after the party,7,La habitación se encontró vacía después de la fiesta,0
1012,She claims to have seen the accident from a distance.,0,Ella reclama haber visto el accidente desde una distancia.,0
1013,A firefighter was called to rescue people trapped in the burning building.,6,Un bombero fue llamado para realizar un rescate de personas atrapadas en el edificio que estaba ardiendo.,8
1014,She has made significant progress in her career since graduating.,5,Ha logrado progreso significativo en su carrera desde graduarse.,3
1015,She was involved in a serious accident while riding her bike.,7,Ella estuvo involucrada en un accidente grave mientras montaba su bicicleta.,6
1016,The teacher graded the assignments and provided feedback to her students.,2,El profesor calificó las tareas y proporcionó retroalimentación a sus alumnos.,2
1017,The female lead in the movie was praised for her performance,2,La protagonista femenina en el cine fue elogiada por su actuación,0
1018,She needs to balance her account to avoid overdraft fees.,6,Necesita equilibrar su cuenta para evitar cuotas de sobredisco.,4
1019,She always follows the rule of kindness to her customers.,5,Ella siempre sigue la regla de amabilidad hacia sus clientes.,5
1020,The company suffered a significant loss due to the economic downturn.,6,La empresa sufrió una pérdida significativa debido al deterioro económico.,5
1021,I love going shopping on weekends.,4,Me encanta ir a las compras fin de semana.,6
1022,Her experience gave her an advantage in the job interview.,6,Su experiencia le dio una ventaja en la entrevista laboral.,6
1023,"According to the last census, the population of New York City is approximately 8.4 million.",7,"Según el último censo, la población de Nueva York es aproximadamente 8,4 millones de personas.",6
1024,"The hikers trekked through the dense forest, taking in the sights and sounds of nature.",7,"Los senderistas caminaron a través del denso bosque, tomando en cuenta las vistas y los sonidos de la naturaleza.",8
1025,The blues singer's soulful voice echoed through the empty club.,2,La voz soulful del cantante de blues resonó a través del vacío del club.,7
1026,The flock of sheep grazed peacefully in the green meadow.,4,La manada de ovejas pastó pacíficamente en el prado verde.,0
1027,,0,,0
1028,The employee received a bonus for meeting the sales quota.,5,El empleado recibió un bono por alcanzar el cuota de ventas.,5
1029,The beauty of nature is a universal concept that inspires people around the world.,2,La belleza de la naturaleza es un concepto universal que inspira a las personas en todo el mundo.,2
1030,The new employee was chosen as the model for the team's training program.,8,El nuevo empleado fue elegido como el modelo del programa de entrenamiento del equipo.,8
1031,The police launched an investigation into the suspicious fire that had destroyed the building.,5,La policía inició una investigación sobre el incendio sospechoso que había destruido el edificio.,5
1032,She assigned the task of writing a report to her team member.,4,Le asignó la tarea de escribir un informe a su colega.,4
1033,She became her daughter's guide as she navigated the city for the first time.,5,Se convirtió en la guía de su hija mientras ella navegaba por la ciudad por primera vez.,5
1034,She decided to escape the traffic and take a different route.,4,Ella decidió escapar del tráfico y tomar un diferentes rute.,3
1035,The flowers will remain open until the first frost.,4,Las flores permanecerán abiertas hasta el primer helado.,0
1036,She found great pleasure in watching the sunset.,4,Ella encontró gran placer en ver al atardecer.,4
1037,The crowd erupted in a deafening doo as their team scored the winning goal.,7,La multitud estalló en un rugido aplastante de doo al anotarse el gol ganador del equipo,0
1038,The battlefield was a bloody mess after the battle,5,El campo de batalla estaba en un estado sangriento después de la batalla,9
1039,She likes to hide her face when she's embarrassed.,4,Ella prefiere esconder su rostro cuando se siente avergonzada.,3
1040,The company will blame the employee if they can't meet the sales target.,4,La empresa culpar© al empleado si no puede cumplir con el objetivo de ventas.,3
1041,The unique design of the artwork made it stand out in the gallery.,2,El diseño único de la obra de arte le hizo destacar en la galería.,3
1042,The Earth is just one of eight planets in our solar system.,0,La Tierra es solo uno de ocho planetas en nuestro sistema solar.,0
1043,The company held an assembly line meeting with all its employees.,5,La empresa organizó una reunión en línea en la línea de producción con todos sus empleados.,0
1044,She grabbed a hammer and began to build the house.,4,Ella tomó un martillo y comenzó a construir la casa.,4
1045,her spirit was unbroken despite the harsh conditions.,2,su espíritu permaneció intacto a pesar de las duras condiciones.,2
1046,She has always dreamed of achieve great things in her career.,6,Ella siempre ha soñado con lograr grandes cosas en su carrera.,6
1047,The chef spent years perfecting his recipe to make the dessert delicious.,12,El chef pasó años perfeccionando su receta para hacer el postre delicioso.,12
1048,The mattress was comfortable after a long night's sleep.,4,La cama era cómoda después de una larga noche de sueño.,0
1049,She sat down in the chair and began to read.,6,Ella se sentó en la silla y comenzó a leer.,6
1050,The male lead in the movie was played by a well-known actor.,2,El protagonista masculino de la película fue interpretado por un conocido actor,0
1051,She needs to restock her supplies before the big event.,0,Ella necesita reponer sus suministros antes del gran evento.,0
1052,She loves drinking coffee on a cold winter morning.,4,Ella ama tomar café en una mañana invierna helada.,4
1053,The director of the movie was awarded an Oscar.,2,El director del cine fue galardonado con un Óscar.,2
1054,She turned her neck to look at the sunset behind him.,4,Ella dio la vuelta a su cuello para mirar al atardecer detrás de él.,7
1055,The discovery of the virus was a major threat to global health,9,La detección del virus fue una amenaza significativa para la salud mundial,7
1056,She graduated from college and now works as a researcher.,4,Ella se graduó de la universidad y ahora trabaja como investigadora.,6
1057,She found her inner strength and began working towards her goals,5,Ella encontró su fuerza interior y comenzó a trabajar hacia sus objetivos,4
1058,She was the proud owner of her own home.,5,Ella era la propietaria orgullosa de su propia casa.,0
1059,The fire alarm went off during the emergency meeting.,8,El alarma de incendio se encendió durante la reunión de emergencia.,11
1060,I bought a cheap phone from a second-hand store.,4,Comprá un telífono barato en una tienda de segunda mano.,4
1061,"After a long day, she relaxed in the warm bath.",10,"Despues de un largo día, ella se relajó en la tépida baño.",12
1062,The judge carefully considered the argument presented by both sides before making her decision.,6,El juez consideró cuidadosamente el argumento presentado por ambos lados antes de tomar su decisión.,6
1063,She kissed her boyfriend on the cheek.,0,Ella besó la mejilla de su novio.,0
1064,The company offers high-quality products to its customers.,0,La empresa ofrece productos de alta calidad a sus clientes.,0
1065,The firefighter was brave as she entered the burning building to rescue the trapped family.,4,La bombera fue valiente mientras entraba en la habitación en llamas para rescatar a la familia atrapada.,4
1066,She carefully placed the bottle on the table.,5,Ella colocó la botella cuidadosamente en la mesa.,4
1067,The hikers climbed to the top of the mountain for a breathtaking view.,9,Los trepadores subieron al pico de la montaña para una vista impresionante.,8
1068,The juice of an orange is a popular ingredient in many healthy recipes.,5,El jugo de una naranja es un ingrediente popular en muchas recetas saludables.,5
1069,The charity organization provided significant relief to the victims of the disaster.,6,La organización benéfica proporcionó alivio significativo a las víctimas del desastre.,5
1070,The protesters were fighting for freedom and equality.,6,Los manifestantes luchaban por libertad y igualdad.,5
1071,I need to wake up for work tomorrow,4,Necesito despertar para el trabajo mañana,2
1072,The obvious solution to the puzzle was to start from the beginning.,2,La solución obvia del rompecabezas era empezar desde el principio.,0
1073,She found her perfect partner in him.,5,Encontró su socio perfecto en él.,3
1074,The crowd had a strong reaction to the surprise announcement.,6,El público tuvo una fuerte reacción al anuncio sorpresa.,6
1075,She decided to avoid the traffic on her way to work.,4,Ella decidió evitar el tráfico en su camino al trabajo.,3
1076,The team was given a penalty for unsportsmanlike conduct during the game.,6,El equipo recibió una penalización por conducta no deportiva durante el partido.,5
1077,The Grand Canyon is an awe-inspiring sight to behold.,7,El Gran Cañón es una vista impresionante de ver,6
1078,The image on the wall caught her attention.,2,La imagen en la pared capturó su atención.,2
1079,I have visited all the countries except Japan and China.,7,He has traveled to every country excepto Uruguay y Paraguay.,7
1080,She possesses a remarkable ability in playing the violin.,5,Tiene una habilidad excepcional para tocar el violín.,3
1081,She spent most of her day working on her computer.,10,Ella pasó su mayor parte del dín con su computadora.,10
1082,The astronaut had to calculate the distance to the nearest planet.,7,El astronauta tuvo que calcular la distancia al planeta más cercano.,7
1083,The vase needed to fill with flowers for the wedding.,5,El vaso necesitaba llenarse con flores para el boda.,0
1084,The giant of the forest towered above the trees.,2,El gigante del bosque se elevaba por encima de los árboles.,2
1085,She managed to survive the harsh winter by huddling together with her family.,4,Ella logró sobrevivir al duro invierno acurrucándose con su familia.,3
1086,The GPS device provided the precise location of our starting point.,7,El dispositivo de GPS proporcionó la ubicación precisa del punto de partida.,7
1087,her excellent behaviour in the meeting earned her a promotion.,3,su comportamiento excepcional en la reunión le valió una promoción.,2
1088,The athlete proudly held up her gold medal on the podium.,8,El atleta se llevó con orgullo su medalla de oro al podio.,8
1089,She enjoys drinking coffee on lazy mornings.,3,Ella disfruta bebiendo café en las mañanas relajadas.,0
1090,She reached into her pocket for her phone.,5,Ella se metió la mano en el bolsillo para su teléfono.,8
1091,The audience was split down the middle on the proposal.,4,El público se dividió por la mitad sobre la propuesta.,0
1092,The government implemented a series of reforms to improve the economy.,0,El gobierno implementó una serie de reformas para mejorar la economía.,0
1093,Eating a healthy diet is essential for maintaining good physical and mental health.,3,Comer una dieta saludable es esencial para mantener la buena salud física y mental.,4
1094,She attended a conference on artificial intelligence to learn from experts,4,Ella asistió a una conferencia sobre inteligencia artificial para aprender de expertos,5
1095,"She declined the invitation, saying non.",6,"Ella rechazó la invitación, diciendo no.",6
1096,The surface area of the continent was affected by climate change.,2,El área superficial del continente se vio afectada por los cambios climáticos.,0
1097,The horror movie was horrible and scared me to death.,5,El filme de terror fue horrible y me aterrizaron la muerte.,6
1098,The sound of the guitar is created by vibrating metal strings.,10,El sonido del guitarra se crea vibrando las cuerdas de metal.,11
1099,I'm going to the store to buy some milk,5,Voy a la tienda a comprar leche,4
1100,The architect paid close attention to every detail in the design.,8,El arquitecto presta atención minuciosa a cada detalle en el diseño.,8
1101,She suggested that we take a break.,0,Ella sugirió que tomáramos un descanso.,0
1102,Her fashion sense was always ahead of the curve.,2,Su sentido del moda siempre estaba por delante de la curva.,4
1103,The medical team worked tirelessly to save the patient's life.,2,El equipo médico trabajó incansablemente para salvar la vida del paciente.,3
1104,The ancient ruins were hidden behind thick foliage.,2,Las ruinas antiguas estaban escondidas detrás de una espesa vegetación.,0
1105,The news of her death was a huge shock to everyone.,9,La noticia de su muerte fue un choque para todos,8
1106,She has been studying English whilst she was living in the UK.,6,Estaba estudiando inglés mientras vivía en el Reino Unido.,4
1107,The company will reserve a few seats on the plane for its employees.,4,La empresa reservó unos puestos en el aviño para sus empleados.,0
1108,She checked her mail every day.,4,Ella revisaba su correo todos los días.,4
1109,I check my daily news on my phone in the morning.,4,Verifico mi noticia diaria en mi teléfono por la mañana.,0
1110,The country faced a budget deficit due to increased spending on defense.,6,El país enfrentó un déficit presupuestario debido a las mayores inversiones en defensa.,5
1111,The car needs fuel to run properly.,4,El coche necesita combustible para funcionar correctamente.,4
1112,"The scrum-half is an important position in rugby, requiring a combination of physical strength and tactical awareness.",8,"La mitad de escrum es una posición importante en el rugby, requiriendo una combinación de fuerza física y conciencia táctica.",11
1113,She began to pack her suitcase for the trip.,4,Ella comenzó a paquetear su maleta para el viaje.,0
1114,Her research was built on a solid basis of data analysis.,8,Su investigación se basó en una sólida base de análisis de datos.,8
1115,,0,,0
1116,We need to separate the items into two categories.,4,Necesitamos separar los artículos en dos categorías.,0
1117,The manager will have to manage the company's finances.,6,El gerente tendrá que gestionar las finanzas de la empresa.,5
1118,She made a note of the appointment on her calendar.,4,Ella hizo una nota del encuentro en su calendario.,4
1119,The enormous skyscraper dominated the city's skyline.,2,El edificio enorme dominaba el horizonte de la ciudad.,3
1120,The company's new marketing campaign helped spread the word about their new product.,7,La campaña de marketing del empresa ayudó a extender la palabra sobre su nuevo producto.,9
1121,The western coast of California is known for its beautiful beaches.,2,La costa occidental de California es conocida por sus hermosas playas.,3
1122,The new highway will greatly improve transportation in the area.,0,La nueva carretera mejorará significativamente el transporte en la zona.,7
1123,The new Marvel movie was released last week.,4,La nueva película de Marvel se estrenó hace una semana.,3
1124,She ran a mile in under four minutes.,4,Ella corrió una milla en menos de cuatro minutos.,4
1125,The golden sun sank slowly into the ocean.,2,El sol dorado se deslizaba lentamente hacia el mar.,3
1126,The senior manager oversaw the entire production process.,2,El gerente senior supervisó todo el proceso de producción.,3
1127,"The firework exploded with a bang, lighting up the night sky.",6,"El cohetéreo explotó con un golpe, iluminando el cielo nocturno.",6
1128,The detective followed every clue to crack the case.,5,El detective siguió cada pista para descubrir la verdad del caso.,5
1129,The project lacks the resources to be completed on time.,0,El proyecto carece de los recursos necesarios para ser completado a tiempo.,0
1130,The judge tried to remain civil despite the heated argument.,6,El juez trató de mantener la calma y la dignidad,0
1131,She needs to get in practice before the big game.,6,Necesita ponerse en práctica antes del gran juego.,4
1132,The company's mission is absolute and non-negotiable.,5,La misión de la empresa es absoluta e irrebatible.,0
1133,She felt a strong sense of duty towards her family.,7,Ella se sintió con una gran sensación de deber hacia su familia.,9
1134,The doctor recommended a treatment for the patient's chronic condition.,5,El médico recomendó un tratamiento para la condición crónica del paciente.,5
1135,She walked mid-way through the forest.,0,Ella caminó medio a travíes del bosque.,3
1136,She sat in front of the screen to watch the movie.,7,Ella sentóse frente a la pantalla para ver el filme.,6
1137,The little lamb ran quickly across the green meadow.,3,El cordero pequeñlo corre rápidamente a través del prado verde.,2
1138,the clown's antics were considered silly by the audience,6,los payos del payaso eran considerados tontos por el público,0
1139,The waiter will serve the soup to each guest.,4,El camarero servirá la sopa a cada invitado.,0
1140,The two parties were able to reach an agreement on the terms of the merger.,9,Las dos partes pudieron llegar a un acuerdo sobre los términos del fusión.,8
1141,The company's new software is designed to improve customer service,8,La nueva aplicación del cliente es diseñada para mejorar la atención al cliente,9
1142,She gave birth to a healthy baby girl.,3,Ella dio luz a una niña sana,0
1143,She decided to study abroad after graduation.,4,Decidió estudiar en el extranjero después de graduarse.,0
1144,The border between the two countries was heavily guarded.,2,La frontera entre los dos países estaba fuertemente vigilada.,2
1145,"She thought the hotel room was decent, despite being small.",7,"Ella pensó que el salón del hotel era decente, a pesar de ser pequeño.",9
1146,The symphony was a musical masterpiece,5,La sinfonia fue una obra maestra musical,7
1147,The fire caused a devastating disaster that destroyed the city.,6,El incendio causó un desastre devastador que destruyó la ciudad.,5
1148,She thought it was impossible to climb the mountain without proper training.,5,Ella pensó que era imposible subir la montaña sin la formación adecuada.,5
1149,The new restaurant will appear on the main street next year.,5,El nuevo restaurante aparecerá en la calle principal el próximo año.,0
1150,The option to travel was not available on that date.,2,La opción de viajar no estaba disponible el día elegido.,2
1151,The student carefully prepared for the exam.,2,El estudiante se preparó cuidadosamente para el examen.,2
1152,The government will release the hostages once they have secured the area.,4,El gobierno liberará a los rehenes una vez que haya asegurado el área.,0
1153,The entrepreneur had to find the right pitch for her new product.,8,La emprendedora tenía que encontrar el campo adecuado para su nuevo producto.,7
1154,The driver took the most efficient route to work.,7,El conductor tomó la ruta más eficiente al trabajo.,5
1155,She smiled at the thought of being reunited with her loved ones in heaven.,14,Ella sonreó de pensar que volvería a estar con sus seres queridos en el cielo.,15
1156,"She made an attempt at painting the ceiling, but it didn't turn out well.",4,"Ella hizo un intento de pintar la caja de techo, pero no salió muy bien.",4
1157,She had to pick up her pace to finish the project on time.,7,Ella tenía que aumentar su ritmo para completar el proyecto a tiempo.,6
1158,She had to undergo a trial by fire to prove her worth to the company.,6,Tenía que someterse a una prueba por el horno para demostrar su valor ante la empresa.,0
1159,The police officer carefully examined the gun before returning it to its holster.,7,La oficina del policía revisó cuidadosamente la arma antes de devolverla a su guanteleja.,8
1160,The password was crucial to accessing the secure file.,4,La contraseña fue crucial para acceder al archivo seguro.,4
1161,The city has struggled with violence and poverty for decades.,6,La ciudad ha luchado con violencia y pobreza durante décadas.,6
1162,"I'm craving some good Italian food, so I think we'll go to that new restaurant downtown.",15,Creo que queremos ir al nuevo restaurante de comida italiana en el centro.,7
1163,She drizzled honey onto her morning toast.,3,Ella vertió miel en su pan de la mañana.,3
1164,The company conducted an inquiry into the recent accident.,5,La empresa realizó una investigación sobre el reciente accidente.,5
1165,She developed a strategy to increase productivity in her team.,4,Ella desarrolló una estrategia para aumentar la productividad en su equipo.,4
1166,"The results of the test were actual, and they showed that the new drug was effective.",7,"Los resultados del prueba fueron reales, y demostraron que el nuevo medicamento era efectivo.",0
1167,She pan-fried the chicken for dinner.,0,Ella freí el pollo a la plancha para cenar.,0
1168,The study of different species helps us understand their behavior and habitats.,5,El estudio de las diferentes especies nos ayuda a entender su comportamiento y hábitats.,0
1169,She loves to chat with her friends on the weekends.,4,Ella disfruta charlar con sus amigos los fines de semana.,3
1170,"The teacher stood amongst her students, surveying the room.",4,"El profesor se puso de pie entre sus estudiantes, revisando la sala.",7
1171,The comedian told a joke about the weather.,5,El comediante contó una broma sobre el clima.,5
1172,,0,,0
1173,"The British Museum is one of the world's greatest museums, with a collection of over 8 million objects from all corners of the globe.",3,"El Museo Británico es uno de los museos más grandes del mundo, con una colección de más de ocho millones de objetos de todos los rincones del planeta.",2
1174,The team was desperate for victory after being down by two goals.,4,El equipo estaba desesperado por la victoria después de estar dos goles atrás.,4
1175,The journalist was conducting an interview with the celebrity at the premiere of her new film.,6,El periodista estaba llevando a cabo una entrevista con la celebridad en la gala de la película de su nueva película.,8
1176,The court ruled with the authority of the law.,6,La corte decidió con la autoridad de la ley.,6
1177,the ordinary people are the ones who make a big impact on their community,2,los personas ordinarias son las que hacen un gran impacto en su comunidad,0
1178,The judge was forced to hear the appeal of the defendant,8,El juez fue obligado a escuchar el appelación del acusado,0
1179,The boxer was determined to tackle the toughest opponent in the ring.,6,El boxeador estaba decidido a abordar al oponente más difícil del ring.,6
1180,Her vital energy allowed her to finish the marathon despite being severely injured.,2,Su energía vital le permitió completar la maratón a pesar de estar severamente lesionado.,3
1181,He bought a new suit for the wedding.,5,Ha comprado un traje nuevo para el casamiento.,4
1182,The scary movie had all the makings of a classic horror film.,2,El película asustadora tenía todos los elementos de una clásica película de terror.,0
1183,The company owns a large factory in China.,6,La empresa posee una gran fábrica en China.,6
1184,I've been feeling ill all day.,4,He sido enfermo todo el día.,3
1185,She will lay the book on the table.,3,Ella colocará el libro en la mesa.,0
1186,The global economy is heavily influenced by international trade agreements.,2,La economía global se ve profundamente influenciada por los acuerdos comerciales internacionales.,3
1187,The kids played on the grass all day long.,6,Los niños jugaron todo el día en la hierba.,9
1188,The pilot will be relieved of his flying duties after this flight.,12,El piloto estará librado de sus deberes de vuelo después de este vuelo.,9
1189,She purchased insurance to cover her home in case of a natural disaster.,3,Compró seguro para cubrir su hogar en caso de un desastre natural.,2
1190,She took a big bite of the juicy apple.,9,Ella tomó un mordisco grande de la manzana jugosa.,8
1191,The pilot controlled the plane to avoid turbulence.,5,El piloto controló el avión para evitar la turbulencia.,5
1192,The new policy is based on the unit of measurement.,8,La nueva política se basa en la unidad de medición.,8
1193,She sued the company for violating her civil rights.,0,Demandá a la empresa por violar sus derechos civiles.,0
1194,She adjusted her tie before meeting with the CEO.,4,Se ajustó su corbata antes de reunirse con el director ejecutivo.,4
1195,There is a gap in the fence where the dog got out.,4,Hay una brecha en la cerca donde el perro se salió.,3
1196,She struggles with memory loss due to her illness.,4,Ella tiene dificultades para recordar debido a su enfermedad.,0
1197,The teacher cast the students into groups for the project.,3,El profesor repartio a los estudiantes en grupos para el proyecto.,0
1198,Her unique talent for painting earned her a prestigious art scholarship.,3,Su talento único para la pintura le valió una beca de arte prestigiosa.,2
1199,The security zone was evacuated due to the threat of a bomb.,3,La zona de seguridad se evacuó debido al peligro de una bomba.,2
1200,The CEO of the company is a high-profile executive who sets its overall strategy.,9,El director general de la empresa es un ejecutivo altamente perfilado que define su estrategia global.,9
1201,She rode her bike to school every morning.,4,Ella montaba su bicicleta al colegio todos los matines.,4
1202,The euro has become a widely accepted form of payment during international travel.,2,El euro ha convertido en una forma de pago ampliamente aceptada durante viajes internacionales.,2
1203,She shook the bottle to mix the ingredients.,0,Ella agitó el frasco para mezclar los ingredientes.,0
1204,The fourth chapter of the book is quite interesting.,2,El cuarto capítulo del libro es bastante interesante.,2
1205,The official language of the country is widely spoken and understood.,2,El idioma oficial del país es ampliamente hablado y entendido.,3
1206,The guest was impressed by the beautiful view from the hotel room.,2,El invitado estaba impresionado por la hermosa vista desde la habitación del hotel.,2
1207,The cancer patient underwent a series of intensive treatments to combat the disease.,2,La paciente con cáncer sometió una serie de tratamientos intensivos para luchar contra la enfermedad.,4
1208,The guilty party was caught and punished severely.,2,El culpable fue atrapado y castigado severamente.,2
1209,The solid foundation of the house prevented the damage from spreading.,2,La sólida base de la casa impedía que el daño se extendiera.,0
1210,The racing team won the championship after a fierce battle on the track.,2,La equipo de carreras ganaron el campeonato después de una intensa batalla en el circuito.,4
1211,The warning signs on the road indicate that the bridge is out of order.,2,Las señales de advertencia en la carretera indican que el puente está fuera de orden.,4
1212,She asked him to fix the bike.,5,Ella le pidió que arreglara el bicicleta.,0
1213,The teacher administered a quiz to the class at the end of the semester.,5,El profesor administró un cuestionario a la clase al final del semestre.,5
1214,The family went to the camp by the lake.,6,La familia se dirigió al campamento junto al lago.,6
1215,She uses a mobile phone to stay in touch with her friends.,4,Utiliza un teléfono móvil para mantenerse en contacto con sus amigos.,4
1216,Her independence as a scientist allowed her to pursue unconventional research methods.,2,Su independencia como científica le permitió investigar métodos no convencionales.,2
1217,The dirty dishes were left in the sink all night.,2,Los platos sucios se dejaron en la fregadera toda la noche.,0
1218,The two economists would discuss the impact of the new tax policy on small businesses.,5,Los dos economistas discutirían el impacto del nuevo impuesto de las pequeñas empresas sobre los negocios.,0
1219,The nuclear power plant was shut down for maintenance after a series of safety concerns were raised.,2,La planta de energía nuclear fue dada de baja para reparaciones después de una serie de preocupaciones de seguridad que se levantarían.,5
1220,The material cost was significantly higher than expected.,2,El costo del material fue significativamente más alto que se esperaba.,4
1221,The high unemployment rate in the region led to widespread economic hardship.,3,La alta tasa de desempleo en la región generó dificultades económicas a gran escala.,5
1222,The judge thought the defendant's argument was ridiculous.,8,El juez pensó que la defensa del acusado era ridícula.,0
1223,She tried to block the entrance with a large piece of wood.,4,Intentó bloquear la entrada con un grande pedazo de madera.,0
1224,She suffered an injury while playing sports.,4,Ella sufrió una lesión mientras jugaba deportes.,4
1225,The teacher will teach the class about fractions today.,4,El profesor enseñara la clase sobre fracciones hoy.,0
1226,The commander reviewed the troops before sending them into battle.,5,El comandante revisó las tropas antes de enviarlas al campo de batalla.,5
1227,The host will mention the winner of the award during the ceremony.,4,El anfitrión mencionará al ganador del premio durante la ceremonia.,0
1228,The basic math problem is simple enough for kids to understand.,2,El problema de matemáticas básico es lo suficientemente sencillo para que los niños puedan entender.,5
1229,The baby cried when she fell down.,0,El bebé lloró cuando se cayó.,0
1230,The customer will demand a refund for the defective product.,4,El cliente exigirá un reembolso por el producto defectuoso.,0
1231,The detective was hesitant to arrest the suspect without more evidence.,8,La policía inicialmente no detuvo al sospechoso sin más pruebas.,0
1232,The team's solution to the crisis was met with widespread approval.,3,La solución del equipo al crisis fue recibida con el pleno apoyo de la población.,2
1233,She is an avid hunter and spends most of her free time hunting in the forest.,13,Ella es una cazadora apasionada y dedica la mayor parte de su tiempo libre a caza en el bosque.,16
1234,"The hotel had created a wonderful atmosphere, with soft music and delicious food.",7,El hotel había creado una atmósfera maravillosa con música suave y comida deliciosa.,6
1235,Her vision for the company's future was to become a leading player in the industry.,2,Su visión para el futuro de la empresa era convertirse en un jugador líder en la industria.,2
1236,My uncle travels the world for his work and always brings back new stories.,2,Mi tío viaja por el mundo para su trabajo y siempre trae historias nuevas.,2
1237,She reminds me to pick up milk on my way home.,0,Ella me recuerda que debo comprar leche en el camino a casa.,0
1238,She had a passion for photography that took her all around the world,4,Ella tenía una pasion por la fotografñ que la llevó hasta todos lados del mundo,0
1239,She watched the latest video on her phone.,5,Ella miró el vídeo más reciente en su teléfono.,0
1240,The city has various museums showcasing its rich history and culture.,4,La ciudad tiene varios museos que muestran su rico patrimonio y cultura.,4
1241,She drew the knife with a sharp edge.,7,Ella desenfundó la cuchilla con una punta afilada.,0
1242,She loves swimming in the ocean.,3,Ella ama natación en el océano.,3
1243,She tried to grab the last slice of cake before it disappeared.,4,Ella intentó agarrar el último trozo de pastel antes que desapareciera.,3
1244,The surfer waited for the perfect wave to ride it all the way to shore.,7,La surfista esperaba la onda perfecta para montarla hasta la orilla.,0
1245,Her struggles with the language made it hard for her to communicate effectively.,0,Las luchas de ella con el idioma la hicieron muy difícil de comunicarse efectivamente.,0
1246,A first aid kit is a necessary item to have in an emergency situation.,7,Un kit de primeros auxilios es un artículo necesario en una situación de emergencia.,9
1247,The stunning view from the top of the mountain took my breath away.,2,La vista impresionante desde la cima de la montaña me dejó sin aliento.,3
1248,She left a generous tip for the excellent service she received.,5,Ella dejó una propina generosa por el excelente servicio que recibió.,4
1249,"After dinner, we always order a slice of pie for dessert.",9,"Después del almuerzo, siempre pedimos una porción de pastel para postre.",9
1250,The criminal was sentenced to life in prison.,2,El criminal fue condenado a pasar el resto de su vida en la cárcel.,2
1251,The movie production was filmed on location in Los Angeles.,3,La producción del cine se filmó en locaciones en Los Ángeles.,2
1252,I'm feeling hungry after skipping breakfast.,3,Me siento hambriento después de pasar el desayuno.,3
1253,The company has been struggling to recover from the recession that hit the economy in 2008.,10,La empresa ha estado luchando para recuperarse del recesión que golpeó la economía en 2008.,9
1254,The band released their new album this month.,6,La banda lanzó su nuevo álbum este mes.,6
1255,She enjoys fishing on her days off.,3,Ella disfruta pesca en sus días libres.,3
1256,The ideal location for a vacation is by the beach.,2,El lugar ideal para un viaje de vacaciones es por la playa.,3
1257,I don't like neither coffee nor tea.,4,No me gustan el café ni la té,0
1258,The rural landscape was dotted with rolling hills and green pastures.,2,El paisaje rural estaba cubierto de colinas onduladas y prados verdes.,3
1259,The gardener tends to the plants every morning.,0,El jardinero tiende a las plantas todas la mañana.,0
1260,The company will reduce production to meet the new demand.,4,La empresa reducirá la producción para cumplir con la nueva demanda.,0
1261,The new employee will be meeting with the management of the firm.,12,El nuevo empleado se reunirá con la gerencia de la empresa.,11
1262,The sudden rain stopped the outdoor concert.,2,La lluvia repentina interrumpió el concierto al aire libre.,0
1263,She is an anti-smoking activist.,0,Ella es una activista contra el tabaquismo.,0
1264,She quickly cleaned the toilet after her pet accident.,5,Ella limpió rápidamente el baño después del accidente de su mascota.,5
1265,The comedy show was hilarious and left the audience in stitches.,2,El programa de comedia fue cómico y dejó al público en los estornudos.,4
1266,She won the award to honour her contributions to the community.,6,Ella ganó el premio para honrar sus aportaciones a la comunidad.,0
1267,"The new movie was gay, even though it wasn't intended for an audience of children.",5,"La nueva película fue gay, aunque no estaba dirigida a un público de niños.",5
1268,The kids spent the day lounging by the cool pool on a hot summer day.,10,Los ninos pasaron el dia relajandose al lado de la piscina fresca en un dia caluroso de verano.,11
1269,She washed her hands thoroughly before eating.,0,Ella lavó sus manos con cuidado antes de comer.,0
1270,The school's bell rang out at 8am to signal the start of classes.,3,La campana de la escuela sonó a las 8am para señalar el inicio de clases.,2
1271,The plane was going to crash if the engine failed.,6,El avión se chocaría si el motor fallaba.,0
1272,The traffic on the highway was terrible due to the accident.,2,El tráfico en la autopista era muy malo debido al accidente.,2
1273,She checked the version number on her phone before installing the new app.,4,Ella comprobó la número de versión en su teléfono antes de instalar la aplicación nueva.,6
1274,She is the opposite of her former self after the transformation.,4,Ella es la opuesta a su forma anterior después de la transformación.,0
1275,Please preheat the oven to 350 degrees before baking.,4,"Por favor, calienta el horno a 350 grados antes de hornear.",5
1276,The actor received an Oscar for his outstanding performance.,2,El actor recibió un Óscar por su actuación excepcional.,2
1277,The young entrepreneur's leadership skills were evident in her ability to motivate her team.,4,Los habilidades de liderazgo del joven emprendedor eran evidentes en su capacidad para motivar a su equipo.,4
1278,The news that the team made it to the finals was unbelievable.,12,La noticia de que el equipo llegó a la final fue increíble.,12
1279,The vast expanse of the desert stretched out before us.,2,El vasto extenso del desierto se extendió ante nosotros.,2
1280,She takes the time to appreciate her children's accomplishments.,6,Ella se toma el tiempo para apreciar los logros de sus hijos,7
1281,The team will celebrate their victory at the championship party.,4,El equipo celebrará su victoria en la fiesta de campeones.,0
1282,The team worked tirelessly to establish the new organisation and prepare it for launch.,9,El equipo trabajó incansablemente para establecer la nueva organización y prepararla para su lanzamiento.,9
1283,The loud noise of the breaking glass was followed by a long crack in the wall.,13,El fuerte ruido del cristal rotando fue seguido de una larga grieta en la pared.,12
1284,She was known for being a wise businesswoman.,7,Ella era conocida por ser una empresaria sabia.,0
1285,She hurt her finger while closing a drawer.,4,Ella le dio un dedo al cerrar un armario.,5
1286,The little duck swam quickly across the pond.,3,El pato pequeñ se movió rápidamente a travíes del estanque.,2
1287,The queen wore her wedding crown to the ceremony.,6,La reina llevó su corona de bodas al acto.,5
1288,The rent on the apartment is due next month.,2,El alquiler del apartamento es debido al mes siguiente.,2
1289,The mass of the object was measured carefully.,2,La masa del objeto se medió cuidadosamente.,2
1290,The result of the calculation is minus one,7,El resultado de la calculaÉ es un± unero,0
1291,The hunter carefully aimed and pulled the trigger to shoot a rabbit.,10,El cazador miró cuidadosamente y apretó el gatillo para disparar con una coneja.,10
1292,The fishermen carefully lifted the net from the water.,6,Los pescadores levantaron cuidadosamente la red del agua.,6
1293,The charity organization provided aid to the victims of the natural disaster.,5,La organización benéfica proporcionó ayuda a los víctimas del desastre natural.,5
1294,She was a hero to her community after surviving the natural disaster.,4,Ella fue un héroe para su comunidad después de sobrevivir al desastre natural.,4
1295,"She sat down for her lunch, taking a break from her busy schedule.",0,"Ella se sentó para su almuerzo, tomando una pausa de su rutura ocupada.",0
1296,her soul was lost in the darkness,2,su alma se perdió en la oscuridad,2
1297,Can you hurry up and finish the project so we can submit it today?,3,Puedes acelerarte y terminar el proyecto antes de que lo envíemos hoy,0
1298,The fire produced a thick smoke that filled the entire room.,6,El incendio produjo un humo espeso que llenó todo el salón.,5
1299,The drummer kept a steady beat throughout the performance.,5,El baterista mantuvo un ritmo constante durante toda la presentación.,6
1300,The company will review each section individually.,6,La empresa revisará cada sección individualmente.,5
1301,The new software requires state-of-the-art equipment to function efficiently.,6,La nueva aplicación requiere equipo de última generación para funcionar eficientemente.,5
1302,The children laughed with joy as they played in the park.,5,Los niños se riñeron con alegría mientras jugaban en el parque.,6
1303,She turned the page to see what was next.,4,Ella volvió a la página para ver qué estaba siguiente.,5
1304,The regular meeting is held every Thursday.,2,La reunión regular se celebra todos los jueves.,3
1305,The wall was thick with ivy and moss.,4,La pared estaba llena de musgo y musgo.,0
1306,The direct flight saved us several hours of travel time.,2,El vuelo directo nos ahorró varios horas de tiempo de viaje.,3
1307,The correspondent will meet with the client to discuss the project.,2,El corresponsal se reunirá con el cliente para discutir el proyecto.,2
1308,She loves playing golf on the weekends.,4,Ella ama jugar golf los fines de semana.,4
1309,The Roman architecture is renowned for its grandeur and engineering prowess.,2,La arquitectura romana es reconocida por su granza y destreza en ingeniería.,0
1310,The energy and idealism of youth is inspiring to watch.,6,La energía y la entusiasmo de la juventud son inspiradores de ver.,8
1311,"After a serious illness, her recovery was slow but eventual.",6,"Después de una grave enfermedad, su recuperación fue lenta pero eventual.",7
1312,The actress's personal drama was all over the tabloids after her breakup.,4,El drama personal de la actriz estaba todo en las páginas de las revistas después de su ruptura.,2
1313,She needs a shower after a long workout,4,Necesita ducharse después de un largo entrenamiento,0
1314,The bartender warned her that drinking too much alcohol could lead to a hangover.,9,El bartender la advirtió que beber demasiado alcohol podía llevar a una tempestad de cabeza.,8
1315,The philosopher spent years searching for the meaning of life.,8,El filósofo pasó años buscando el significado de la vida.,7
1316,The emotional toll of losing a loved one can be overwhelming for years after the loss.,2,El impacto emocional del perder a alguien querido puede ser abrumador durante años después de la pérdida.,3
1317,The firework display was truly remarkable.,6,La presentacion del fuego artificial fue realmente notable.,8
1318,"The rain will affect the parade, so we're canceling it.",4,"La lluvia afectará el desfile, así que lo estamos cancelando.",0
1319,The car was parked in the driveway.,0,El coche estuvo aparcado en la puerta de entrada.,0
1320,The living room was filled with comfortable furniture that matched the rest of the house.,8,La sala de estar estaba llena de muebles cómodos que coincidían con el resto de la casa.,8
1321,The blacksmith carefully heated the iron in the forge to shape it into a blade.,6,El herrero calentó cuidadosamente el hierro en la forja para darle forma de espada.,6
1322,She studied the map to plan her road trip.,4,Estudió el mapa para planificar su viaje en carretera.,3
1323,She was willing to help her friend move house.,3,Estaba dispuesta a ayudar a su amigo a mudarse a una casa.,0
1324,The doctor carefully extracted the bone from her patient's knee.,6,El médico extraía con cuidado el hueso del tobillo de su paciente.,7
1325,The tall building dominated the city skyline.,2,El edificio alto dominaba la perspectiva urbana.,3
1326,She had to pound the meat with a hammer to flatten it.,4,Tenía que golpear el carne con un martillo para aplastarla.,0
1327,The new coach was able to turn the team's season around with her innovative strategies.,3,El nuevo entrenador pudo revolucionar la temporada del equipo con sus innovadoras estrategias.,3
1328,The toolbox was very useful in the project.,5,El armarrojo fue muy útil en el proyecto.,5
1329,"I've lived in this city my whole life, it's very familiar to me.",11,"Vivo en esta ciudad toda mi vida, es muy familiar para mí.",10
1330,The referee blew the whistle to stop the game.,2,El árbitro sonó la silbata para detener el partido.,2
1331,I would like to introduce you to my friend.,5,Me gustaría presentarle a mi amigo.,0
1332,The connection between the two cities was made by a new highway.,2,La conexión entre las dos ciudades se hizo con una nueva autopista.,2
1333,The farmer carefully fed the pig in the pen before taking it to market.,6,La persona agricultor alimentó cuidadosamente el cerdo en la pensa antes de llevarlo al mercado.,7
1334,She will have to cope with the stress of her new job.,5,Ella tendrá que lidiar con el estrés de su nuevo trabajo.,4
1335,She found her purpose in life by helping others.,4,Encontró su propósito en la vida ayudando a otros.,3
1336,The fake ID she found online was completely useless.,2,La identidad falsa que encontró en línea fue completamente inútil.,0
1337,The town held its annual summer festival to celebrate the solstice.,7,La ciudad organizó su festival anual de verano para celebrar el solsticio.,5
1338,The child built a castle on the sand at the beach.,8,El niño construyó un castillo sobre la arena en la playa.,8
1339,Effective management of the company's resources was crucial to its success.,2,La gestión efectiva de los recursos de la empresa fue esencial para su éxito.,2
1340,She inherited a large fortune from her wealthy relatives.,5,Ella heredó una gran fortuna de sus ricos parientes.,5
1341,"She pedaled the bicycle with her feet, using the wheel to propel herself forward.",10,"Ella pisaba el bicicleta con sus pies, utilizando la rueda para impulsarse adelante.",10
1342,The grey clouds blocked the sunlight.,2,Los nubes gris bloquearon la luz del sol.,3
1343,You'll need to show your ticket at the gate before boarding the plane.,6,Necesitarás mostrar tu billete en la puerta antes de entrar en el avión.,4
1344,the tricky math problem required a lot of concentration,2,el problema de matemáticas complicado requirió mucho conciencia,5
1345,"She is a typical student, always well-organized and punctual.",4,"Ella es una estudiante típica, siempre bien organizada y puntual.",0
1346,She is a huge celebrity in Hollywood and loves being recognized on the street.,5,Ella es una gran celebridad en Hollywood y ama ser reconocida en la calle.,5
1347,"The fireworks exploded in a spectacular boom, filling the sky with colorful sparks.",7,"Las fogatas estallaron en un espectacular auge, llenando el cielo de estrellas coloridas",7
1348,She changed her mood after watching the funny video.,4,Cambió su estado de ánimo después de ver el video gracioso.,0
1349,The company will receive the award for its innovative marketing strategy.,6,La compañia recibirá el premio por su estrategia de marketing innovadora.,5
1350,"The tower stood at the edge of the forest, a sentinel against the darkness.",2,"La torre se erguí en el borde del bosque, un sentinelo contra la oscuridad.",2
1351,The party had a clear theme of tropical islands,6,La fiesta tenía un claro tema de las islas del Pacífico,6
1352,The beautiful garden was filled with vibrant flowers.,0,El hermoso jardín estaba lleno de flores vibrantes.,0
1353,The engine in the car purrs smoothly as it runs down the highway.,2,El motor del coche rugida suavemente mientras se desliza por la autopista.,2
1354,The doctor prescribed the drug to treat the patient's fever.,5,El médico recetó la droga para tratar la fiebre del paciente.,5
1355,The northern and southern states have distinct cultural traditions.,4,Los estados norte y sur tienen tradiciones culturales distintas.,0
1356,The hotel staff were friendly and helpful during my stay.,5,El personal del hotel fue amigable y disponible durante mi estancia.,6
1357,The nurse checked my blood pressure before the surgery.,2,El enfermero revisó mi presión arterial antes de la cirugía.,2
1358,She spent the summer renting a cozy cottage by the lake.,8,Ella pasó el verano alquilando un casona acogedora cerca del lago.,0
1359,The company signed a contract with the supplier to deliver goods by next month.,5,La empresa firmó un contrato con el proveedor para entregar bienes al mes siguiente.,5
1360,,0,,0
1361,He found a fellow traveler in the hostel lobby.,4,Encuentre un compañero en el vestíbulo del albergue.,3
1362,The economic downturn was a major factor in her decision to switch careers.,7,La crisis económica fue un factor clave en su decisión de cambiar de carrera.,6
1363,The fireworks display was truly marvellous on the summer evening.,6,La presentacion de fuegos artificiales fue verdaderamente maravillosa en la tarde del verano.,0
1364,The tree's shadow fell across the grass.,3,La sombra del árbol cañ sobre la hierba.,2
1365,The serene lake at sunset was a breathtaking sight.,3,El hermoso lago al atardecer era una vista deslumbrante.,3
1366,"The ocean waves crashed against the shore, causing erosion and destruction.",2,"Las olas del océano golpeaban las costas, causando erosión y destrucción.",4
1367,The new legislation aims to reduce carbon emissions from industries.,3,La nueva legislación busca reducir las emisiones de carbono de las industrias.,3
1368,The alternative route to work was much shorter than the main road.,2,El camino alternativo al trabajo era mucho más corto que la carretera principal.,0
1369,"The firework exploded with a loud boom, making it look like a real bomb had been planted.",14,"La pirotecnia explotó con un fuerte BOOM, haciéndolo parecer que había sido plantada una verdadera bomba.",16
1370,The port city is bustling with activity.,2,La ciudad puerto está llena de vida.,3
1371,She needed to load the truck with boxes before she could leave for her trip.,4,Necesitaba cargar el camioneta con cajas antes de poder irse de viaje.,0
1372,The new vaccine helped prevent the spread of the disease among the community.,10,El nuevo vacuno ayudó a prevenir la propagación de la enfermedad entre la comunidad.,11
1373,The company prioritizes the welfare of its employees.,5,La empresa prioriza el bienestar de sus empleados.,5
1374,She took a deep breath before going skydiving.,5,Ella tomó un profundo aliento antes de saltar en paracaídas.,5
1375,The magnificent view from the top of the mountain took my breath away.,2,El espectáculo magnífico desde la cima de la montaña me robó el aliento.,3
1376,The university awarded her a degree in engineering for her outstanding performance.,6,La universidad le otorgó un grado en ingeniería por su excelente desempeño.,6
1377,Please put the trash in the bin on your way out.,7,"Por favor, coloque la basura en la cubeta al salir.",8
1378,She dropped her penny on the floor and picked it up quickly.,4,Ella cayó su penique en el piso y lo recogió rápidamente.,4
1379,She carefully sliced the vegetables with a knife.,8,Ella cortó las verduras con un cuchillo,7
1380,Her reputation as a brilliant scientist was tarnished by the scandal.,2,Su reputación como científica brillante fue manchada por el escándalo.,2
1381,The hikers had to remove their shoes before crossing the river on a rickety chain.,15,Los senderistas tuvieron que quitar sus zapatos antes de cruzar el río sobre una cadena rizosa.,15
1382,The marketing team is the agent in this new campaign.,6,El equipo de marketing es el agente en esta nueva campaña.,7
1383,She tried to describe the beautiful sunset she had seen.,4,Ella intentó describir el hermoso atardecer que había visto.,3
1384,She is determined to aim for a record in the marathon.,5,Ella se esfuerza por alcanzar un récord en la maratón.,0
1385,The DJ was playing a new tune that everyone in the crowd loved.,7,El DJ estaba tocando una nueva tonada que todos en la sala la amaban.,7
1386,She is a smart student who always gets top grades.,4,Ella es una estudiante inteligente que siempre obtiene calificaciones de primer lugar.,5
1387,her commitment to his sake was admirable,5,su compromiso con su bien era admirable,5
1388,The project failed to meet its deadline.,0,El proyecto no cumplió con la fecha límite.,0
1389,She ran to her maximum potential during the marathon.,5,Ella corrió al máximo de su potencial durante la maratón.,4
1390,The museum collects artifacts from around the world.,0,El museo recopila artefactos de todo el mundo.,0
1391,She worked hard all day and deserved a break.,0,Ella trabajó duro todo el día y merecía un descanso.,0
1392,Her words had a profound influence on the group's decision to change their strategy.,6,Sus palabras tuvieron un profundo impacto en la decisión del grupo de cambiar su estrategia.,0
1393,The factory was built with modern industrial equipment.,7,La fábrica se construyó con equipo de máquinas industriales modernas.,0
1394,The concert was incredibly loud.,5,La fiesta fue increíblemente alta.,0
1395,The family's secret recipe for homemade pasta was passed down from generation to generation.,4,La receta secreta familiar para fideos caseros fue pasada de generación en generación.,2
1396,The singer's powerful voice filled the entire auditorium.,0,La voz potente del cantante llena el recinto completo,5
1397,She spent all day sorting through her papers.,8,Ella pasó toda la día organizando sus papeles.,8
1398,"The child was left alone with the keys to the car, making her vulnerable to theft.",14,"La niña se dejó sola con las llaves del auto, lo que la hacía vulnerable al robo.",15
1399,The shepherd listened to the baa of his nervous lamb.,6,El pastor escuchó el balido ansioso de su cordero,5
1400,The hikers followed the winding path through the forest.,6,Los caminantes siguieron el sendero curvo por el bosque.,0
1401,She removed her sweater to show off her new exercise vest that rested over her chest.,16,Ella quitó su chaút para mostrar su nuevo conjunto de ejercicio que reposaba sobre su pecho.,16
1402,The engineer used a tape measure to ensure the fence was straight,6,El ingeniero utilizó una regla de medir para asegurarse de que la cerca fuera recta,0
1403,She admitted to being late for her own wedding.,0,Ella admitió ser tarde para su propia boda.,0
1404,She liked dining out at nice restaurants.,3,Ella disfrutaba comiendo en restaurantes bonitos,0
1405,The deadly virus spread rapidly across the globe.,2,El virus mortal se propagó rápidamente por todo el mundo.,3
1406,Her great pride in her art was evident in the exhibition she curated,3,Su gran orgullo por su arte estaba evidente en la exposición que curó,3
1407,The rise of the Arab Spring marked a revolution in the way people demanded change,9,El levantamiento del verano árabe marcó una revolución en cómo las personas demandaban cambios,8
1408,The chef spent all morning preparing the meal,0,El chef pasó toda la mañana preparando el plato,0
1409,The home team suffered defeat at the hands of their arch-rivals,5,El equipo de casa sufrió derrota a manos de sus rivales arquitectos,6
1410,She prefers coffee to tea.,0,Preferir café al té.,1
1411,She bought a hundred boxes of pens.,4,Compró cien cajas de lápices.,2
1412,The meteorologist took the thermometer's reading to calculate the current temperature outside.,11,El meteorólogo tomó la lectura del termómetro para calcular la temperatura actual fuera.,11
1413,The company's supply chain was disrupted by the natural disaster.,3,La cadena de suministros de la empresa fue interrumpida por el desastre natural.,0
1414,The prehistoric humans lived in the area long before the city was built.,0,Los humanos prehistóricos vivieron en el área mucho antes de que se construyera la ciudad.,0
1415,The sheet was too thin for my needs.,5,La hoja era delgado para mis necesidades.,4
1416,The object on the table was used to hold the papers.,2,El objeto en la mesa fue utilizado para sostener los papeles.,2
1417,The family has kept the tradition of baking Christmas cookies every year since she was a child.,6,La familia ha mantenido la tradición de hornear galletas de Navidad cada año desde que era niña.,6
1418,I love drinking beer on a hot summer day.,4,Me encanta beber cerveza en un día caluroso de verano.,4
1419,the specific instructions for the project were provided by the lead engineer.,2,Las instrucciones específicas para el proyecto fueron proporcionadas por el ingeniero jefe.,0
1420,The company will need to develop a robust structure to support its rapid growth.,9,La empresa necesitar¡ desarrollar una estructura sólida para apoyar su crecimiento rápido.,6
1421,"The documentary was fascinating, I couldn't take my eyes off the screen.",4,"La documental fue fascinante, no podí parar de mirar la pantalla.",4
1422,She wore a new shirt to the party tonight.,5,Ella llevó una nueva camisa al baile esta noche.,5
1423,The wedding was the perfect occasion to celebrate with friends and family.,6,La boda fue la ocasión ideal para celebrar con amigos y familia.,5
1424,The new agency was responsible for implementing the environmental regulations.,3,La nueva agencia era responsable de implementar las regulaciones ambientales.,3
1425,The train will arrive on time tomorrow.,4,El tren llegará puntualmente mañana.,0
1426,The maker of the car is responsible for its quality.,2,El fabricante del coche es responsable de su calidad.,2
1427,The ambulance screeched to a halt outside the hospital.,2,La ambulancia se detuvo con un estruendo fuera del hospital.,2
1428,The crowd filled the entire stadium and cheered on their team.,6,La multitud llena el estadio y animó a su equipo.,5
1429,The city's climate makes it an ideal location for growing exotic plants,3,La ciudad tiene un clima que la hace un lugar ideal para cultivar plantas exóticas,5
1430,The storm outside was so loud that we could hardly hear each other.,2,La tormenta fuera era tan alta que podiamos escuchar un poco cada uno de nosotros.,2
1431,She spent the weekend working on her car in the garage.,11,Ella pasó el fin de semana trabajando en su coche en el garaje.,13
1432,The patient underwent successful surgery to remove the tumor.,5,El paciente tuvo una cirugía exitosa para eliminar el tumor.,5
1433,The dramatic finale left the audience gasping in shock.,2,El final dramático dejó el pûsuelo asombrado.,3
1434,The coach tried to encourage the team during their game.,5,El entrenador intentó de animar al equipo durante su partido.,5
1435,She put her shoulder down to lift the heavy box.,4,Ella puso su hombro abajo para levantar la caja pesada.,4
1436,The musician was able to perform with the orchestra.,6,La música fue capaz de realizar con la orquesta.,6
1437,The fire department provides protection to the people in the burning building.,5,El departamento de bomberos proporciona protección a las personas en el edificio en llamas.,6
1438,The therapist listened attentively to the conversation with her patient.,7,El terapeuta escuchó atentamente la conversación con su paciente.,6
1439,She squeezed the lemon juice into her tea for extra flavor.,4,Ella exprimió el jugo de limón en su té para agregar un sabor adicional.,6
1440,The Eiffel Tower's height is an iconic symbol of Paris.,4,El estadio tiene una altura impresionante que ofrece una vista panorámica del valle.,5
1441,She pressed the button on her shirt to change the design.,4,Ella presionó el botón en su camiseta para cambiar el diseño.,4
1442,The rough terrain made the hike challenging.,2,El terreno áspero hizo la caminata desafiante.,3
1443,The company has experienced significant growth over the past five decades.,0,La empresa ha experimentado crecimiento significativo en los últimos cinco décadas.,0
1444,The chest was filled with treasure that had been hidden for centuries.,6,El cofre estaba lleno de tesoro que había sido escondido durante siglos.,6
1445,She had a lovely pet cat named Whiskers.,5,Ella tenía un encantador gato de mascota llamado Whiskers.,7
1446,She needed a lesson in patience to deal with her difficult boss.,4,Necesitaba una lección en paciencia para manejar su jefe difícil.,3
1447,She needed permission from her parents before going out with friends.,3,Ella necesitaba permiso de sus padres antes de salir con amigos.,3
1448,The constituency in question has been consistently voting for the same local politician for over a decade.,2,La circunscripción en cuestión ha estado votando consistentemente por el mismo político local durante más de una década.,2
1449,The company's new product was showcased on a large display at the trade show.,10,La nueva marca presentó su producto en una gran pantalla durante el feria del comercio.,0
1450,The element of music refers to a single sound or pitch used in a composition.,2,El elemento de la música se refiere al único sonido o nota utilizada en una composición.,2
1451,Their bond as friends remained unbroken despite the distance.,2,Su vínculo como amigos permaneció intacto a pesar de la distancia.,2
1452,The eagle spread its wings to catch the fish.,0,El halcón extendió sus alas para cazar el pescado.,0
1453,The kids loved to play on the swing in the park all day long.,8,Los niños amaban jugar en el columpio del parque durante todo el día.,7
1454,"After one too many beers, he was drunk and stumbled out of the bar.",8,"Después de beber demasiadas cervezas, él estaba borracho y se tambaleó fuera del bar.",8
1455,The company will develop new technologies to stay competitive in the market.,4,La empresa desarrollará nuevas tecnologías para mantenerse competitiva en el mercado.,0
1456,The juicy beef burger was the highlight of my lunch.,3,El delicioso burger con carne de res fue el pimiento del mediodia,0
1457,The physical exercise helped him improve his overall health.,2,El ejercicio físico ayudó a mejorar su salud en general.,3
1458,The lion's mighty roar echoed through the savannah.,0,El rugido del león se escuchó en la sabana.,4
1459,She loved to climb the mountains on her summer vacations.,4,Ella disfrutaba de escalar las montñas durante sus vacaciones de verano.,4
1460,She thought the rotten fish was nasty.,7,Ella pensó el pescado podrido era desagradable.,7
1461,The new smartphone is equipped with advanced camera features.,0,El nuevo teléfono inteligente cuenta con características de cámara avanzadas.,0
1462,Can you measure the length of this room without using a ruler?,5,¿Puedes medir la longitud de esta sala sin usar un règol?,4
1463,The sound of the cricket in the backyard was soothing.,5,El sonido del grillo en la azotea era relajante.,4
1464,She added a clove of garlic to the pasta sauce for extra flavor.,6,Agregó una cebolla de ajo al sopa de pasta para aderezar con más sabor.,5
1465,The illegal drug trade is a major concern for law enforcement agencies worldwide.,2,El tráfico de drogas ilegales es una gran preocupacion para las agencias de aplicacion de la ley en todo el mundo.,0
1466,"She stood in front of the mirror, adjusting her hair.",7,"Ella se colocó frente al espejo, ajustando su cabello.",6
1467,The dark forest was home to all manner of monsters that lurked in the shadows.,0,El bosque oscuro era hogar de todos los monstruos que se escondían en la sombra.,0
1468,The evil intentions of the villain led to great suffering.,2,Las maldosas intenciones del villano llevaron a gran sufrimiento.,0
1469,Regular exercise can help reduce stress and anxiety.,2,Realizar ejercicio regularmente puede ayudar a reducir el estrés y la ansiedad.,2
1470,her career path presented her with a multitude of possibilities,0,Su carrera presentó a ella una multiplicidad de posibilidades,0
1471,The dog wagged its tail excitedly as it chased after the ball.,5,El perro sacudió su cola emocionadamente mientras corría detrás del balón.,5
1472,The angle of the sun was just right for a great photo.,2,El ángulo del sol estaba justo para una excelente foto.,2
1473,The constant noise bothered me all day.,0,El ruido constante me molestó todo el día.,0
1474,The dog's teeth are sharp enough to give a good bite.,11,Los dientes del perro son afilados lo suficiente como para dar una buena mordida.,14
1475,She studied banking to understand how the financial system works.,3,Ella estudió banca para comprender cómo funciona el sistema financiero.,3
1476,The company takes measures to secure its financial information.,6,La empresa toma medidas para asegurar su información financiera.,6
1477,The lecture was boring and I fell asleep halfway through.,4,La charla fue aburrida y me dormí a mitad del curso.,0
1478,The theory of gravity explains how objects attract each other.,2,La teoría de la gravedad explica cómo los objetos se atraen entre sí.,2
1479,The restaurant offered a variety of cuisines.,5,El restaurante ofreció una variedad de platos.,5
1480,She pulled out her art kit to start working on the painting.,6,Ella sacó su kit de arte para empezar a trabajar en la pintura.,4
1481,"The puzzle was complex, requiring patience and persistence to solve.",4,"El rompecabezas era complejo, requiriendo paciencia y perseverancia para resolverlo.",4
1482,The city's electricity grid was designed to meet the growing demand from new homes.,3,La red de electricidad de la ciudad fue diseñada para satisfacer la creciente demanda de nuevos hogares.,4
1483,He was just a bloke who liked to play football.,5,Era solo un tipo que disfrutaba de jugar fútbol.,4
1484,The current regime in the country has been facing criticism for its human rights record.,3,El actual régimen del país ha estado enfrentando críticas por su registro de derechos humanos.,3
1485,Her positive attitude helped her overcome the challenges of the new job.,3,Su actitud positiva le ayudó a superar los desafios del nuevo empleo.,2
1486,Her commitment to the cause inspired others to follow suit.,2,El compromiso que tenía ella con la causa inspiró a otros a seguir el ejemplo.,2
1487,The farmer carefully led the cow into the barn at night.,6,El agricultor cuidadosamente llevaba la vaca al pesebre por la noche.,6
1488,The traffic was a real rush this morning.,6,El tráfico fue un verdadero apresuramiento esta mañana.,0
1489,The company was criticized for its abuse of power by the CEO.,7,La empresa fue criticada por su abuso de poder por parte del director ejecutivo.,7
1490,We kept a spare tire in case we got a flat on our road trip.,4,Guardamos un neumático de repuesto en caso de que nos salgamos con una grieta durante nuestro viaje.,0
1491,She poured herself a glass of fresh orange juice for breakfast.,9,Ella se sirvió una taza de jugo de naranja fresco para desayuno.,7
1492,"She argued that the new policy was unfair, but her colleague disagreed.",0,"Ella argumentó que la nueva política era injusta, pero su colega no estaba de acuerdo.",0
1493,The gardener will remove the dead plants from the garden.,4,El jardinería quitarán los plantas muertas del jardín.,0
1494,She loved eating pudding for breakfast.,4,Ella amaba comer pudín para desayunar.,4
1495,She will apply for the job next week.,3,Ella aplicará para el trabajo la semana siguiente.,0
1496,The source of the river is a beautiful place to visit.,2,La fuente del río es un lugar hermoso para visitar.,2
1497,The doctor carefully evaluated the patient's symptoms to determine if they were critical.,13,El médico evaluó cuidadosamente los síntomas del paciente para determinar si estaban críticos.,0
1498,The company's financial limit was reached after just one quarter of sales.,4,El límite financiero de la empresa se alcanzó después de solo un cuarto de ventas.,2
1499,She boiled the potato and served it with butter.,4,Ella hervió la papa y la sirvió con mantequilla.,4
1500,She thought her new hairstyle made her look attractive.,9,Ella pensó que su nuevo corte de cabello la hacía parecer atractiva.,0
1501,She worked in the commercial sector of the company.,5,Trabajó en el sector comercial de la empresa.,5
1502,The archaeologist had to dig carefully to avoid damaging the artifacts.,5,El arqueólogo tuvo que cavar con cuidado para no dañar las piezas.,5
1503,She gave him a gift of money for his birthday.,5,Le dio un regalo de dinero en su cumpleaños.,4
1504,She had to make a shift to accommodate the new software requirements.,6,Tuvieron que hacer un cambio para adaptarse a los nuevos requisitos del software.,0
1505,She served an ace in the tennis match against her rival.,7,Ella lanzó un serve ace en el partido de tenis contra su rival.,10
1506,The farmer gathered a bunch of eggs from the chicken coop.,5,El campesino recogió un racimo de huevos del gallinero.,0
1507,Her mental health began to decline after the loss of her mother.,2,La salud mental de ella comenzó a disminuir después de perder a su madre.,3
1508,She carefully sorted the plastic bottles to recycle them.,5,Ella clasificó cuidadosamente las botellas de plástico para reciclarlas.,7
1509,She is pregnant and expects to give birth next month.,3,Ella está embarazada y espera dar a luz el próximo mes.,3
1510,The lad was very kind to his little sister.,2,El chico era muy amable con su hermanita pequeña.,2
1511,She experienced failure in her first attempt at skydiving and had to take a course again.,3,Ella experimentó fracaso en su primera tentativa de saltar con paracaídas y tuvo que tomar otro curso.,3
1512,Her visit to the art museum gave her a strong impression of the artist's style.,11,Su visita al museo de arte le dio una impresión fuerte del estilo del artista.,10
1513,The fireworks display was spectacular during the 4th of July celebrations.,5,El espectacular disparo de fuegos artificiales fue durante las celebraciones del 4 de julio.,2
1514,The religious leaders of the town organized a charity event.,2,Los líderes religiosos de la ciudad organizaron un evento benéfico.,0
1515,She decided to marry her college sweetheart.,4,Ella decidió casarse con su novio de la universidad.,3
1516,The fireworks display was terrific!,5,La exhibición de fuegos artificiales fue magnífica.,0
1517,She thought the price was reasonable for what you get.,6,Ella pensaba que el precio era razonable lo que se obtiene.,7
1518,"The crowd began to shout in unison, their voices hoarse from cheering.",5,"La multitud empezó a gritar en conjunto, sus voces rugosas debido al entusiasmo.",5
1519,The author's latest novel has become a bestseller overnight.,4,La última novela del autor se convirtió en un éxito instantáneo,3
1520,Participating in sports is a great way to get exercise and stay active.,0,Participar en los deportes es una excelente manera de obtener ejercicio y mantenerse activo.,0
1521,The new policy includes all employees in the meeting.,0,La nueva política incluye a todos los empleados en la reunión.,0
1522,She embarked on an exciting adventure through the jungle.,6,Ella se embarcó en una emocionante aventura por el bosque.,7
1523,She put on her warmest boots for the winter hike.,0,Ella puso sus botas más abrigadas para la caminata invernal.,0
1524,The eastern coast of the United States is known for its beaches and vibrant cities.,2,La costa oriental de los Estados Unidos es conocida por sus playas y ciudades vibrantes.,3
1525,Please enter your PIN to complete the transaction.,2,"Por favor, ingresa tu PIN para completar la transacción.",0
1526,She turned the key in the lock to open the door.,7,Ella dio la vuelta de la llave en la cerradura para abrir la puerta.,10
1527,She took a photo of the beautiful sunset.,4,Ella tomó una foto de ese hermoso atardecer.,4
1528,The extreme weather conditions made the hiking trip extremely challenging.,2,Las condiciones climáticas extremas hicieron que la travesía de montaña fuera muy desafiante.,0
1529,The archaeologists were thrilled to discover the ancient city.,6,Los arqueólogos estaban emocionados al descubrir la ciudad antigua.,6
1530,Her teaching methods were innovative and engaging for her students.,2,Sus métodos de enseñanza eran innovadores y atractivos para sus estudiantes.,4
1531,"She wore her cap backwards, revealing a portion of her hair.",4,"Ella llevaba su gorra hacia atrás, revelando una parte de su cabello.",4
1532,She had to navigate through the dark room with her hands outstretched.,0,Tuvieron que navegar por la habitación oscura con las manos extendidas.,0
1533,The new policy has been effective in reducing carbon emissions.,6,La nueva política ha sido efectivo en reducir las emisiones de carbono.,6
1534,The oxygen we breathe is essential for human life.,6,El oxígeno que respiramos es esencial para la vida humana.,6
1535,The company apologized for its role in the victim of the natural disaster.,9,La empresa se disculpó por su papel como víctima del desastre natural.,9
1536,"The company plans to advance its research and development,",5,,0
1537,She added rice to her stir-fry for extra flavor.,3,Ella agregó arroz a su fritura estirada para agregar sabor adicional.,3
1538,The flag waved proudly in the wind as the parade marched by.,2,La bandera ondeaba orgullosamente en el viento mientras la marcha pasaba por alli.,2
1539,The car's frame was made of high-quality steel.,8,El marco del coche estó hecho de acero de alta calidad.,8
1540,The country's new prime minister promised to maintain democracy in the region.,9,El nuevo primer ministro del país prometió mantener la democracia en la región.,10
1541,The chef's technique for making pasta is renowned throughout the region.,3,La técnica del chef para hacer pasta es conocida por toda la región.,2
1542,She loves to swim in the ocean every summer.,4,Ella ama nadar en el océano cada verano.,3
1543,The chef added vegetables to the soup for extra flavor.,7,El chef añadió verduras a la sopa para un sabor adicional.,7
1544,She tried to tighten the loose thread on her sweater.,6,Intentó ajustar la higuera suelta del sudador.,0
1545,She carefully placed the mouse onto the test surface.,5,Ella colocó cuidadosamente el ratón sobre la superficie de prueba.,5
1546,She will receive her paycheck on Friday.,3,Ella recibirá su salario viernes.,0
1547,She put on a coat to warm up outside.,5,Ella puso un abrigo para calentarse al salir afuera.,4
1548,The smell of wood smoke and damp earth fills the air during autumn.,13,El olor del humo de madera y la tierra húmeda llena el aire durante otoño.,15
1549,The dancer's spin across the stage was mesmerizing.,3,"El ballet de la coreógrafa fue envolvente, y su giro alrededor del escenario cautivó a todos los espectadores.",10
1550,The programmer spent all day writing code for the new app.,7,El desarrollador pasó toda el día escribiendo código para la nueva aplicación.,8
1551,The finance team worked tirelessly to balance the company's budget for the year.,2,La equipe de finanzas trabajó incansablemente para equilibrar el presupuesto de la empresa para el año.,4
1552,The soprano's powerful voice was perfectly suited to the opera,10,La voz poderosa del sopranista fue ideal para la ópera,10
1553,The kids played outside on a sunny day.,7,Los nños jugaron afuera en un día soleado.,8
1554,The writer of the bestselling novel was thrilled to receive a literary award.,2,El escritor del mejor libro de bestseller estuvo emocionado al recibir un premio literario.,2
1555,The company specializes in trading commodities worldwide.,5,La empresa se especializa en el comercio de bienes en todo el mundo.,7
1556,The movie belongs to the action category.,7,El filme pertenece a la categoría de acción.,6
1557,The project manager prioritized the tasks based on their urgency and importance.,0,El gerente del proyecto priorizó las tareas según su urgencia y importancia.,0
1558,She looks forward to retiring and receiving her pension after 30 years of service.,9,Ella se encuentra con que recibir su pensión después de 30 años de servicio.,8
1559,The news sparked panic among the crowd as they realized their tickets were lost.,4,La noticia generó pánico entre la multitud cuando se dieron cuenta que habían perdido sus boletos.,4
1560,She kept the precious gemstone in a safe place,4,Ella guardaba el joyero precioso en un lugar seguro,5
1561,The old painting was valuable because of its historical significance.,5,La antigua pintura era valiosa debido a su significación histórica.,0
1562,The competitive nature of the market led to innovative products.,2,La naturaleza competitiva del mercado dio lugar a productos innovadores.,0
1563,The doctor was a leading specialist in her field for many years.,6,El doctor fue una pionera en su campo durante muchos anos.,0
1564,She tilted her head to one side to hear better.,0,Ella inclinó su cabeza hacia un lado para escuchar mejor.,0
1565,The philosopher argued that true knowledge can only exist through direct experience.,9,El filósofo argumentó que la verdadera sabiduría solo puede existir a través de la experiencia directa.,10
1566,"The statue was made of pure bronze, its surface gleaming in the sunlight",7,"La estatua estaba hecha de bronce puro, su superficie brillaba bajo la luz del sol",6
1567,The company's new policy is a combination of its previous initiatives.,7,La política de la empresa es una combinación de sus iniciativas anteriores.,8
1568,"Who did she give the gift to, whom?",8,"Quién le dio el regalo a ella, a quién?",0
1569,The builder of the new house was known for his exceptional craftsmanship.,2,El constructor del nuevo hogar era conocido por su excelente destreza artesanal.,2
1570,"I'm neither here nor there, so I'll just leave.",4,"Estoy ni aquí ni allí, así que voy a irme.",2
1571,The baby bird snuggled into its cozy nest at the top of the tree.,8,El pollito se acurrucó en su cálido nido en la parte más alta del árbol.,8
1572,She's now considered an adult and is allowed to vote.,5,Ella ahora se considera una adulta y tiene derecho a votar.,0
1573,She gave the puzzle a clever twist to solve it,7,Ella dio al rompecabezas un astuto giro para resolverlo,7
1574,The text on the page explained the history of the company.,2,El texto en la página explicó la historia de la empresa.,2
1575,The candle will burn brightly until it's snuffed out.,4,La vela arderá intensamente hasta que sea apagada.,0
1576,She began her new job and immediately started to look for employment opportunities elsewhere.,12,Ella comenzó su nuevo trabajo y inmediatamente empezó a buscar oportunidades de empleo en otros lugares.,13
1577,"The physicist was a genius in his field, making groundbreaking discoveries that changed the course of history.",5,"El físico era un genio en su campo, haciendo descubrimientos pioneros que cambiaron el curso de la historia.",5
1578,The primary school is where children learn their basic subjects,2,La escuela primaria es donde los niños aprenden sus materias básicas,0
1579,She made saving up for the vacation her top priority this year.,0,Ella priorizó este año hacer sus ahorros para el viaje durante todo el año.,7
1580,She is in her room.,0,Está en su habitación.,2
1581,This was the era of great scientific discovery in our country.,4,Era este el período de gran descubrimiento científico en nuestro país.,1
1582,The puppy was so cute that I couldn't resist giving it a hug.,5,El perro era tan lindo que no pude resistir abrazarlo.,5
1583,She has a skill for painting and is known for her beautiful works.,4,Ella tiene una habilidad para pintar y es conocida por sus bellas obras.,4
1584,"The train ran along the rail, its wheels screeching in protest as it took the curve.",6,"La locomotora corrió a lo largo del carril, sus ruedas chirriando en protesta mientras tomaba la curva.",8
1585,The company is shipping high-quality goods to our warehouse this month.,6,La empresa envña productos de alta calidad a nuestro almacén este mes.,0
1586,The extent of the damage was devastating.,2,El alcance del daño fue devastador.,0
1587,The hotel reception was very friendly and helpful.,3,La recepción del hotel fue muy amable y útil.,2
1588,"The auctioneer stood at the podium, his voice booming as he called out the next bid.",2,"El subastador se puso en la plataforma, su voz truenando como él llamaba al siguiente precio.",2
1589,She decided not to dare him to eat the spicy soup.,5,Ella decidió no treversele el caldo picoso.,0
1590,The hotel host checked in the guests before letting them enter their rooms.,3,El anfitrión del hotel revisó las credenciales de los huéspedes antes de dejarlos entrar en sus habitaciones.,2
1591,The sound of the bell was a cue for me to arrive on time.,8,El sonido de la campana fue una señal para que llegara puntualmente.,8
1592,The child played with her new toy car on the living room floor.,7,El niño juega con su nuevo coche de juguete en el piso del salón.,9
1593,She will seek your advice on this matter.,3,Ella buscará tu consejo sobre este asunto.,0
1594,The luxurious hotel suite came with a private balcony and stunning city views.,4,La Suite lujosa del hotel tenía un balcón privado y vistas impresionantes de la ciudad.,2
1595,She sifted the flour onto the cake before baking.,4,Ella espoloneó la harina sobre el pastel antes de hornear.,4
1596,The old factory emitted thick steam into the atmosphere.,6,La antigua fábrica emitió espesos vapor hacia el aire,6
1597,The community came together to fight poverty in their neighborhood.,7,La comunidad se unió para luchar contra la pobreza en su barrio.,9
1598,The ambassador will represent the United States at the meeting.,4,El embajador representará los Estados Unidos en la reunión.,0
1599,She met with her local mayor to discuss the new community center.,6,Ella se reunió con su alcaldesa local para discutir la nueva biblioteca comunitaria.,0
1600,The squad huddled around the coach to discuss their strategy.,2,El escuadrón se reunía alrededor del entrenador para discutir su estrategia.,2
1601,The queen entered her private chamber to rest.,6,La reina entró en su sala privada para descansar.,0
1602,She ought to have studied harder for the exam.,2,Debería haber estudiado más para el examen.,1
1603,She followed the morning routine to get ready for work on time.,5,Ella sigue la rutina matutina para despertar con tiempo antes de salir a trabajar.,0
1604,The shooting on the movie set was carefully planned to achieve a specific effect.,2,El tiro en la película de rodaje se planificó cuidadosamente para lograr un efecto específico.,0
1605,The snail's shell protects its soft body.,3,La concha del caracol protege su cuerpo suave.,2
1606,"After the argument, she began to settle on a compromise.",7,"Después del debate, ella comenzó a establecerse en una solución de compromiso.",7
1607,The engagement ring featured a stunning diamond surrounded by intricate filigree.,7,El anillo de compromiso mostraba un diamante impresionante rodeado de filigrana intrincada.,7
1608,The disappointing news about the team's performance was hard to hear.,2,La noticias decepcionantes sobre el rendimiento del equipo fue difícil de escuchar.,0
1609,The rabbit hopped quickly across the field.,2,El conejo saltó con rapidez a través del campo.,2
1610,The roast pork was tender and flavorful.,3,El cerdo asado era tierno y sabroso.,2
1611,The minimum wage in the city is $10 an hour.,2,El salario mínimo en la ciudad es de $10 por hora.,3
1612,The police were called to investigate the gang that had been terrorizing the neighborhood.,8,Llamaron al policía para investigar la pandilla que había estado asustando el vecindario.,7
1613,The city council decided to replace the old panel with a new one.,9,El consejo de la ciudad decidió reemplazar el antiguo panel con un nuevo.,10
1614,"The fire alarm went off during the concert, causing a chaotic incident on stage.",12,"El sireno de advertencia se activó durante la función, lo que provocó un incidente caótico en el escenario.",14
1615,The vacuum cleaner helped to reduce the dust in the room.,8,La aspiradora ayudó a reducir el polvo en la habitacion.,7
1616,The carbon footprint of her family's car is significantly higher than they thought it was.,2,El huésped redujo su huella de carbono en un tercio gracias a los esfuerzos de aislamiento de la casa.,7
1617,The cat scratched the arm of the person who was sitting next to it.,0,El gato raspó el brazo de la persona sentada al lado de él.,0
1618,The religion played a central role in her daily life.,2,La religión jugó un papel central en su vida diaria.,2
1619,The plot of the novel was complex and engaging.,2,La trama de la novela era compleja y atractiva.,2
1620,She picked up her guitar and began to play a soft melody.,5,Ella tomó su guitarra y comenzó a tocar una melodia suave.,4
1621,The editor carefully reviewed the manuscript before its publication.,2,El editor revisó cuidadosamente el manuscrito antes de su publicación.,2
1622,She shed her old clothes before going to the party.,2,Ella cobertizó sus viejos trajes antes de ir al festival.,0
1623,She added a handful of greens to her salad for extra nutrition.,9,Ella añadió una manzana mediana de hojas verdes a su ensalada para obtener más nutrientes.,11
1624,Her social status improved significantly after graduating from college.,3,Su estatus social mejoró significativamente después de graduarse de la universidad.,2
1625,She had to stretch her arms over the top of the car.,4,Ella tenía que estirar sus brazos por encima del techo del coche.,0
1626,Her exceptional intelligence allowed her to solve complex problems in record time.,3,Su alta inteligencia le permitió resolver problemas complejos en un tiempo récord.,3
1627,The company guarantees the quality of their products.,0,La empresa garantiza la calidad de sus productos.,0
1628,"The fireworks display was superb, filling the sky with colorful explosions.",5,La espectacularidad de los cohetes llenó el cielo con explosiones coloridas,0
1629,,0,,0
1630,The mischievous little boy climbed up the tree after seeing a monkey.,12,El pequeñn travieso niño subi la arbor despues de ver un mono.,12
1631,"The fireworks display was tremendous, filling the entire sky with colorful lights.",5,"La presentacion fue tremenda, llenando el cielo con luces coloridas",0
1632,Can you make a copy of this document?,5,Puedes hacer una copia de este documento?,4
1633,She likes to pretend that she is a princess for the day,4,Ella le gusta fingir que es una princesa durante el día,4
1634,The customer service representative will assist you with your inquiry.,2,El representante del servicio al cliente te ayudará con tu inquiri.,6
1635,"The brave explorer trekked through the jungle, seeking exotic creatures.",7,El valiente explorador caminó por la selva en busca de criaturas exóticas.,7
1636,She felt grateful for the help she received from her friends.,3,Ella se sintió agradecida por la ayuda que recibió de sus amigos.,0
1637,She wore appropriate clothing for the formal event.,3,Ella se vistió de acuerdo con la indumentaria formal del evento.,0
1638,The helicopter flew over the city during the parade.,2,El helicóptero volaba sobre la ciudad durante el desfile.,2
1639,He has made many enemies throughout his career for speaking out against corruption.,0,Había muchos enemigos de él debido a sus voces en contra de la corrupción.,0
1640,The pressure to meet the deadline was causing a lot of stress at work.,12,La presión para cumplir con la fecha límite estaba causando mucho estrés en el trabajo.,12
1641,She is unlike her brother in terms of her personality.,3,Ella es a diferencia de su hermano en términos de su personalidad.,0
1642,The artist's use of patterns created a visually striking effect.,0,El uso del artista de patrones creó un efecto visual impresionante.,0
1643,She picked up her pen and began to sign the contract.,5,Ella tomó su bolígrafo y comenzó a firmar el contrato.,4
1644,The discovery of dark matter has significantly expanded our understanding of the universe.,13,La detección de la materia oscura ha ampliado significativamente nuestra comprensión del universo.,13
1645,The United States has territory in Central and South America.,5,Los Estados Unidos tienen territorio en Centroamérica y América del Sur.,5
1646,The two team leaders engaged in a discussion to determine the project timeline.,8,Los dos jefes de equipo se discutieron para determinar la fecha del proyecto.,0
1647,The surprising news about her retirement was met with a mix of emotions.,2,La noticia sorprendente sobre su retiro fue recibida con una mezcla de emociones.,3
1648,The champion lifted the trophy above his head in victory.,5,El campeón levantó el trofeo sobre su cabeza en victoria.,5
1649,The experienced pilot navigated the plane through challenging weather conditions.,3,El piloto experimentado dirigió el avión a través de las condiciones climáticas difíciles.,2
1650,The gymnast performed a perfect circle around the track.,6,El gimnasta realizó un círculo perfecto alrededor del pista.,5
1651,She felt a sense of glory when she won the championship.,6,Ella sintió una sensación de gloria cuando ganó el campeonato.,6
1652,The baker carefully placed the croissant into the oven to bake the flaky pastry.,14,El panadero colocó cuidadosamente el cuerno en el horno para hornear la pastelería delgada,13
1653,She had to replace her hip after a severe accident.,6,Ella tuvo que reemplazar su cadera después de un accidente severo.,6
1654,She flipped the switch and the lights turned on,4,Ella encendió el interruptor y se encendieron las luces,0
1655,The killer was arrested for the murder.,2,El asesino fue arrestado por el asesinato.,2
1656,She has a genuine smile that can light up a room.,4,Ella tiene una sonrisa genuina que puede iluminar una habitación.,0
1657,The new light fixture produced an electric glow in the dark room.,7,La nueva lámpara produjo una luz eléctrica en la habitación oscura.,0
1658,She adjusted the gear to make it easier to ride the bike.,4,Ella ajustó el engranaje para hacerlo más fácil de montar el bicicleta.,4
1659,She had always dreamed of a romantic getaway to Paris.,7,Ella siempre había soñado con un fin de semana romántico en París.,10
1660,The delivery of the package was scheduled for the next morning.,2,La entrega del paquete estaba programada para el siguiente mañana.,2
1661,The domestic cat purrs contentedly in its owner's lap.,2,La gata doméstica pura contentamente en el pecho de su dueño.,0
1662,The children played in the mud at the park.,6,Los niños jugaron en el barro del parque.,6
1663,The ultimate goal was to reach the top of the mountain.,2,El objetivo último era llegar al cuello de la montaña.,3
1664,The brave soldier risked his life to save his comrades.,3,El valiente soldado arriesgó su vida para salvar a sus compañeros.,3
1665,She was considered a capable pilot and flew many dangerous missions.,5,Ella era considerada una piloto capaz y voló muchas misiones peligrosas.,6
1666,The conflict between the two teams led to a stalemate in the championship game.,2,El conflicto entre las dos equipos provocó un empate en el partido de campeñn.,2
1667,Can you show me the menu for tonight?,6,¿Puedes mostrarme el menú para esta noche?,4
1668,She carefully inserted the hot tongue into the pan to test its doneness.,6,Ella colocó delicadamente la lengua caliente en el sartén para probar si estaba listo,5
1669,The movie director's comment on the film was widely publicized.,4,El comentario del director del filme fue ampliamente publicado.,2
1670,"After serving his sentence, John was released from the jail and returned home.",10,"Después de cumplir su sentencia, Juan fue liberado de la cárcel y regresó a casa.",11
1671,The rocket is ready to launch at midnight.,6,El cohete esta listo para lanzamiento a medianoche.,6
1672,He always seems like a fool in these tricky situations.,6,Siempre parece un tonto en estas situaciones complicadas.,4
1673,She sits at the piano to practice her evening exercises.,5,Ella se sienta al piano para practicar sus ejercicios de la tarde.,5
1674,She needs to concentrate on her homework to get good grades.,4,Necesita concentrarse en sus tareas para obtener buenas notas.,2
1675,The tiger is an apex predator in its natural habitat.,2,El tigre es un depredador aparente en su hábitat natural.,2
1676,The skateboarder landed smoothly on the concrete.,0,El patinador deslizó suavemente sobre el concreto.,0
1677,She bought a thousand flowers for the wedding.,4,Compró un mil flores para la boda.,3
1678,The plain surrounding the village was flat and green.,2,El llano que rodea el pueblo es plano y verde.,2
1679,I apologise for stepping on your toes.,2,Me disculpo por pisotear tus dedos del pie.,0
1680,The snake hid in the tall grass to ambush its prey.,2,La serpiente se escondí en la hierba alta para cazar a su presa.,2
1681,She earns a good salary from her job.,0,Ella gana una buena salaria de su trabajo.,0
1682,She had to squeeze the last drop of juice from the orange.,4,Todavía tenía que exprimir el último goteo de jugo del naranjo.,0
1683,She carefully selected each piece of jewellery to wear to the formal event.,7,Ella seleccionó cuidadosamente cada pieza de joyería que usar a la fiesta formal.,7
1684,The water was pure and safe to drink.,4,El agua era puro y segura para beber.,4
1685,She counted only zero apples in the basket.,4,Ella contó solo cero manzanas en el wicker.,4
1686,the harsh winter weather caused harm to the crops,6,los malos tiempos del invierno causaron daño a las culturas,7
1687,The farmer carefully tended to his fields every day.,2,El granjero cuidaba sus campos con gran atención cada día.,2
1688,The police made the suspect's arrest during the traffic stop.,6,La policía hizo el arresto del sospechoso durante la detención en la parada de tráfico.,5
1689,She added a mixture of flour and water to make the dough.,4,Ella agregó una mezcla de harina y agua para hacer el masa.,4
1690,She carefully unpacked the package from its cardboard box.,5,Ella abrió con cuidado el paquete de su caja de cartón.,6
1691,She decided to invest her savings in a small business.,4,Ella decidió invertir su ahorro en una pequeña empresa.,3
1692,The lonely child played alone in the empty house.,2,El niño solitario jugaba solo en la casa vacía.,3
1693,"She chose a practical outfit for the job, knowing it would be comfortable all day.",4,"Ella eligió un traje práctico para el trabajo, sabiendo que sería cómodo todo el día.",5
1694,The soldier will defend her country against the invading force.,4,El soldado defenderá su país con la fuerza invasora.,0
1695,The doctor took steps to prevent the spread of the disease.,6,El médico tomó medidas para prevenir la propagación de la enfermedad.,6
1696,The ham and cheese sandwich was delicious.,2,El sándwich de jamón y queso fue delicioso.,4
1697,She took a deep breath before speaking publicly.,0,Ella tomó un profundo respiro antes de hablar en público.,0
1698,Her paintings were inspired by the beauty of nature.,0,Sus pinturas estuvieron inspiradas por la belleza de la naturaleza.,0
1699,Her identity as an artist was reflected in her bold brushstrokes.,2,Su identidad como artista se reflejaba en sus vigorosas pinceladas.,2
1700,The family's rich heritage was reflected in their cultural practices and historical ties to the land.,4,El rico patrimonio de la familia se reflejaba en sus prácticas culturales y en sus vínculos históricos con la tierra.,3
1701,The historic museum exhibited artifacts from ancient civilizations.,2,El museo histórico exhibió artefactos de las civilizaciones antiguas.,3
1702,The tin can was heavy due to its low density.,2,El barril de estaño pesaba mucho debido a su baja densidad.,4
1703,"The garden needed fresh soil to grow,",5,,0
1704,The company will host a contest for its employees.,6,La empresa alberga un concurso para sus empleados.,5
1705,The scientist conducted an experiment to test the effectiveness of the new medication.,5,El científico llevó a cabo un experimento para probar la eficacia de la nueva medicina.,7
1706,The winner of the tournament was announced at the final round.,5,El ganador del torneo fue anunciado en el último turno.,4
1707,The smoky flavor of the bacon added a richness to the salad.,6,El sabor ahumado del tocino añadió una riqueza a la ensalada.,5
1708,The team reviewed the agenda before the meeting.,5,El equipo revisó la agenda antes de la reunión.,5
1709,"The sky began to lighten at dawn, signaling the start of a new day.",7,"El cielo comenzó a iluminarse al amanecer, señalando el inicio de un nuevo día.",7
1710,The crowd began to cheer as the home team scored the winning goal.,5,La multitud empezó a animar cuando el equipo local marcó el gol ganador.,5
1711,He always looked up to his grandfather as a legend in the world of sports.,10,Siempre mirá al abuelo como una leyenda en el mundo del deporte.,7
1712,The tank was filled with gasoline before driving to the beach.,2,El tanque fue llenado con gasolina antes de dirigirse a la playa.,2
1713,Can you fix the broken toy with some clear tape?,10,Puedes arreglar el juguete roto con cinta transparente.,7
1714,She opened the gate to let her dog out.,4,Ella abrió la puerta para dejar que su perro saliera.,4
1715,The pickpocket stole my wallet at the crowded concert.,0,El ladrón del bolso me robó el dinero en la gran conciencia.,0
1716,The sexual differences between the two species are still not fully understood,2,Las diferencias sexuales entre las dos especies no se comprenden completamente todavíal,0
1717,The company decided to make an extension to the new office building.,7,La empresa decidió hacer una extensión al nuevo edificio de oficina.,6
1718,She put a layer of strawberry jam on her morning toast.,7,Ella colocó un capa de mermelada de fresa en su panecillo de desayuno.,6
1719,The DNA sample provided as proof of her identity was sufficient to convince the authorities.,6,El muestrado de ADN proporcionado como prueba de su identidad fue suficiente para convencer a las autoridades.,7
1720,The crowd erupted in a violent protest against the government's decision.,6,La multitud estalló en un protesta violenta contra la decisión del gobierno.,0
1721,The elephant wandered slowly through the jungle in search of food.,2,El elefante se deslizó lentamente por el bosque a la búsqueda de comida.,2
1722,"He always thinks he's an expert, but really he's just an idiot.",12,"Él siempre cree que es un experto, pero en realidad es solo un idiota.",14
1723,Her warm presence made everyone feel at ease.,3,Su presencia cálida hizo que todos se sintieran a gusto.,2
1724,"She wore a sensible outfit to the party, not wanting to draw attention to herself.",4,"Ella llevaba un traje sensato al evento, no quería llamar la atención sobre sí misma.",5
1725,She had a negative experience with the company.,4,Tuvo una experiencia negativa con la compañía.,0
1726,She focused on her breathing to calm her nerves.,5,Ella se centró en su respiración para calmar sus nervios.,6
1727,The damp basement made the new furniture difficult to move.,2,La bodega húmeda hacía que el mueble nuevo fuera difícil de mover.,0
1728,She gained a new skill through her job training.,0,Ella ganá un nuevo ídito gracias al entrenamiento en el trabajo.,0
1729,The chef grilled a fresh salmon for dinner.,6,El chef asaba un salmón fresco para cenar.,5
1730,The students held a peaceful protest outside the school to express their grievances.,6,Los estudiantes organizaron un protesta pacífica frente a la escuela para expresar sus quejas.,5
1731,The stars shine brightly in the night sky.,3,Los estrellas brillan con gran intensidad en el cielo nocturno.,0
1732,The judge delivered a harsh sentence for the crime.,6,El juez entregó una sentencia dura por el crimen.,0
1733,She sat at her desk to work on the project.,5,Ella se sentó a su escritorio para trabajar en el proyecto.,6
1734,The students spent most of their free time studying in the university library.,13,Los estudiantes pasaron la mayor parte de su tiempo libre estudiando en la biblioteca universitaria.,14
1735,She was a creative problem solver in her field.,4,Ella era una solucionista de problemas creativa en su campo.,0
1736,It was unlikely that she would win the contest.,3,Era improbable que ella ganara el concurso.,2
1737,The plane will land safely on the runway.,0,El avion hará terrizaje de manera segura en la pista de aterrizaje.,12
1738,The drummer's energetic performance brought the audience to their feet.,0,La interpretación animada del baterista hizo que el público se levantara de sus asientos.,0
1739,The company's financial situation is weak due to the recent economic downturn.,6,La situación financiera de la empresa es débil debido al reciente deterioro económico.,8
1740,The company held a meeting to discuss the project's progress during the session.,13,La empresa tuvo una reunión para discutir el progreso del proyecto durante la sesión.,14
1741,The crowd's excitement was palpable as the concert began.,3,La emoción del público era palpable al comienzo del concierto.,2
1742,She slipped on the ice and fell hard.,0,Ella resbaló sobre el hielo y cayó duramente.,0
1743,The kids played tag in the yard on a sunny Saturday morning.,7,Los niños jugaron con el dedo en el patio sobre un sábado soleado por la mañana.,9
1744,The crowd erupted into motion as the concert began,5,La multitud salió a la acción como el concierto comenzó,0
1745,The new employee will replace the retiring manager.,5,El nuevo empleado reemplazará al gerente jubilado.,0
1746,The defendant posted bail in order to be released on her own recognizance.,4,El acusado puso fianza para ser liberado a su propia reconocimiento.,4
1747,The company is very active in its industry.,5,La empresa es muy activa en su industria.,0
1748,The technical difficulties made the project challenging.,2,Las dificultades técnicas hicieron que el proyecto fuera desafiante.,0
1749,She tapped the glass to get her attention.,0,Ella dio un golpe en la vidra para llamar su atención.,0
1750,She checked her calendar to see if she had any appointments today.,4,Ella revisó su calendario para ver si tenía ninguna cita hoy.,4
1751,She worked hard to build her wealth and invest it wisely.,7,Ella trabajó duro para construir su riqueza y invertirla sabiamente.,7
1752,Can you identify the symptoms of this disease?,3,¿Puedes identificar los síntomas de esta enfermedad?,2
1753,I'm going to watch my favorite show on the telly tonight.,10,Voy a ver mi programa favorito en el tele esta noche.,9
1754,The tourists decided to explore the ancient ruins.,5,Los turistas decidieron explorar las ruinas antiguas.,4
1755,Watching a movie can be a great form of entertainment.,10,Ver una película puede ser una forma excelente de entretenimiento.,10
1756,The news program used the latest footage to report on the breaking story.,7,El programa de noticias utilizó el último metraje para informar sobre la historia en curso.,8
1757,The guard stood watch at the entrance.,2,La guardia se quedó de guardia en la entrada.,2
1758,The hush of silence was broken by the sound of footsteps.,4,El susurro del silencio fue roto por el sonido de los pasos.,4
1759,Taking on that challenging project was a huge accomplishment for her.,4,Asumir ese proyecto desafiante fue una gran realización para ella.,4
1760,The rocket successfully landed back on Earth after its orbit around the moon.,2,El cohete volo exitosamente regresando a la Tierra después de su órbita alrededor de la luna.,2
1761,My aunt came to visit me for the weekend.,2,Mi tía vino a visitarme el fin de semana.,2
1762,The coal mine was closed due to safety concerns.,2,El minero cerró debido a preocupaciones de seguridad.,0
1763,The politician's controversial stance on the issue sparked heated debate.,3,La postura controvertida del político sobre el tema generó gran debate apasionado.,0
1764,The company's financial importance was a major factor in its decision to invest.,4,La importancia financiera de la empresa fue un factor clave en su decisión de invertir.,2
1765,She adjusted her belt and headed out the door.,4,Ella ajustó su cinturón y salió a la puerta.,4
1766,The elderly person needed help with her groceries.,2,La persona anciana necesitaba ayuda con sus compras.,0
1767,The remote server was down for maintenance.,2,El servidor remoto estaba bajo mantenimiento.,3
1768,The company will compete against its competitors for market share.,4,La empresa competerá contra sus competidores por compartir el mercado.,0
1769,"I need to call my mom, I'm going to grab the telephone.",12,"Necesito llamar a mi mamá, voy a coger el teléfono.",10
1770,She was known for her striking appearance on the runway.,7,Ella era conocida por su impresionante apariencia en la pasarela.,7
1771,The farmer drove his tractor into the old barn.,9,El agricultor condujo su tractor al antiguo granero.,8
1772,The keeper of the keys had to unlock the door,2,El guardián de las llaves tenía que desbloquear la puerta,2
1773,She has always relied on her instincts to make important decisions,0,Confía en sus instintos para tomar decisiones importantes,0
1774,The severe weather made it impossible to travel by car.,2,El tiempo severo hizo imposible viajar en coche.,0
1775,The raw coffee beans were ground and brewed in the French press.,2,Los granos de café crudos fueron molidos y exprimidos en la presa francesa.,0
1776,The water flow through the pipe was reduced due to the blockage.,3,El flujo del agua a través del tubo se redujo debido al bloqueo.,2
1777,She took out a loan to start her own business.,5,Ella tomó un préstamo para empezar su propio negocio.,4
1778,She gave him a quick punch in the face.,6,Ella le dio un rápido golpe en la cara.,6
1779,The new exercise program helped boost her physical fitness.,6,El nuevo programa de ejercicios ayudó a impulsar su condición física.,0
1780,The construction of the new highway was completed ahead of schedule.,2,La construcción del nuevo puente fue finalizada con anticipación al plazo.,2
1781,Her hard work and dedication led her to achieve a level of perfection in her craft.,13,Su dedicación y esfuerzo la llevaron a lograr un nivel de perfección en su arte.,12
1782,The family gathered for the ceremony to exchange their vows,6,La familia se reunió para la ceremonia de intercambiar sus votos,7
1783,The company's legacy continues to influence its business decisions today.,3,La herencia de la empresa continúa influyendo en sus decisiones comerciales hoy.,0
1784,The hikers used a pole to navigate the difficult terrain.,5,Los excursionistas usaron un polo para navegar el terreno difícil.,5
1785,The wizard's spell cast a powerful protection around the kingdom.,3,El hechicero lanzó un poderoso hechizo que protegió el reino con una fuerte defensa,6
1786,She left a glass of water in the fridge to chill before drinking it.,9,Ella dejó una taza de agua en el refrigerador para enfriarla antes de beberla.,9
1787,The new policy is an instance of the company's efforts to reduce waste.,6,La nueva política es un ejemplo del esfuerzo de la empresa para reducir el desperdicio.,0
1788,The recent surge in inflation has led to increased costs for consumers.,5,El reciente salto en la inflación ha llevado a aumentos de costos para los consumidores.,6
1789,I'm going to the cinema tonight to watch a movie.,5,Iré al cine esta noche a ver una película.,0
1790,She needed to obtain a licence before driving her new car.,6,Ella necesitaba obtener una licencia antes de conducir su nuevo coche.,5
1791,The news was shocking to everyone in the room,4,La noticia fue impactante para todos en la sala,4
1792,This is our first year of marriage.,0,Esta es nuestra primera años de matrimonio,0
1793,She suffers from chronic back pain after the accident.,0,Ella sufre de artritis reumatoide después del accidente.,0
1794,The soft blanket brought me comfort on a cold winter night.,6,El manto suave me dio consuelo en una noche de invierno fría.,6
1795,The company's core values are what make it successful.,3,Los valores fundamentales de la empresa son lo que hacen que sea exitosa.,0
1796,She will repeat the recipe to make sure everything is right.,3,Ella repetirá la receta para asegurarse de que todo salga bien.,0
1797,The fluorescent light began to buzz in the ceiling fan.,6,La lámpara fluorescente comenzó a hacer un zumbido en la ventiladora del techo.,8
1798,This is the fifth year of her publishing career.,4,Este es el quinto año de su carrera editorial.,4
1799,"The two teams played an equal game, and neither team could win.",6,Las dos equipos jugaron un juego igual y ninguno pudo ganar.,7
1800,She has a bubbly personality that makes her a joy to be around.,5,Ella tiene una personalidad alegre que la hace una alegría de estar cerca de ella.,4
1801,Looking back on her childhood memories brings a mix of happiness and nostalgia.,5,Mirando hacia atrás en mis recuerdos de infancia me trae una mezcla de felicidad y nostalgia.,8
1802,"The creature was hiding behind the bushes, waiting for its prey.",2,"La criatura se escondía detrás de los arbustos, esperando a su presa.",2
1803,The doctor prescribed the medicine after checking her medical history.,5,El medico recetaron la medicina despues de revisar su historial medico.,5
1804,She made a hop over the fence to catch the rabbit.,4,Ella hizo un salto sobre la cerca para atrapar la conejo.,4
1805,She loves to chase butterflies in the garden.,4,Ella disfruta perseguir mariposas en el jardín.,3
1806,The gardener carefully trimmed the hedge to keep it from overgrowing the fence.,13,El jardinero afeitó cuidadosamente el muro de sierra para evitar que sobrepasara la valla.,14
1807,The cathedral's stunning architecture was a testament to its rich history.,0,La arquitectura impresionante de la catedral fue un testimonio de su rica historia.,6
1808,The hikers had to trek through the desert to reach the oasis.,8,Los trepadores tenían que caminar por el desierto para llegar al oasis.,8
1809,The stable economy allowed for new business investments.,2,La economía estable permitió inversiones de negocios nuevas.,3
1810,I called a taxi to take me to the airport,4,Llame un taxi para llevarme al aeropuerto,3
1811,She felt a surge of anger at the injustice she had suffered.,6,Sentió un impulso de ira al sufrir una injusticia,5
1812,The math teacher helped her students solve the difficult equation.,7,La maestra de matemáticas ayudó a sus estudiantes a resolver la difícil ecuación.,10
1813,She will respond to the customer's complaint immediately.,3,Ella responderá inmediatamente al queja del cliente.,0
1814,She carefully threaded the rope through the pulley system.,5,Ella cuidadosamente hiló la cuerda por el sistema de gancho.,5
1815,The company is currently engaged in bidding for the new contract.,7,La compañía está actualmente comprometida con la licitación del nuevo contrato.,8
1816,The incorrect answer was marked as right on the test.,2,La respuesta incorrecta se marcó como correcta en el examen.,0
1817,The thermometer began to freeze in the winter morning.,5,El termómetro comenzó a congelar en la mañana del invierno.,0
1818,She feels like she belongs in her new community.,0,Ella se siente que pertenece a su nuevo comunidad.,0
1819,The city banned the sale of fireworks during the holidays.,0,La ciudad prohibió la venta de artificios pirotécnicos durante las fiestas.,0
1820,She loves smoking on her breaks at work.,3,Ella disfruta fumar en sus descansos en el trabajo.,3
1821,The jury found the defendant to be innocent until proven guilty.,8,El jurado encontró al acusado inocente hasta que fuera probado culpable.,6
1822,The designers focused on creating a joint space that brought everyone together.,7,Los diseñadores se enfocaron en crear un espacio conjunto que reuniera a todos.,9
1823,The spicy flavor of ginger added depth to the soup.,5,El sabor picante del jengibre le dio profundidad al caldo.,5
1824,Her eyes will reflect her mood today,4,Sus ojos reflejarán su estado de ánimo hoy,0
1825,the ball bounced off the wall with a loud thud,0,la pelota reboteó con un golpe fuerte contra el pared,0
1826,The patient found the diagnosis painful.,6,El paciente encontró el diagnóstico doloroso.,6
1827,She chopped the vegetables for the salad.,0,Ella corta las verduras para la ensalada.,0
1828,She was involved in a scandalous affair that hurt many people.,7,Ella estaba involucrada en un asunto escandaloso que lastimó a muchas personas.,6
1829,Can you confirm your identity before boarding?,3,Puedes confirmar tu identidad antes de subir al avión?,2
1830,The country implemented austerity measures to address its growing debt crisis.,4,El país implementó austeridad para abordar su crisis de deuda creciente.,4
1831,The company's valuation is essential for investors to make informed decisions.,3,La valoración de la empresa es fundamental para los inversores tomar decisiones informadas.,2
1832,The detective will investigate the crime scene to look for clues.,4,El detective investigará la escena del crimen para buscar pistas.,0
1833,The bat flew through the cave.,2,El murciélago volaba a través de la cueva.,2
1834,She carefully scooped the soup into her spoon.,8,Ella se sirvió la sopa con una cuchara cuidadosamente.,8
1835,The wooden table was old and worn.,2,La mesa de madera estaba vieja y desgarrada.,0
1836,The old mansion had a charming facade that drew tourists in,6,La antigua mansión tenía una fachada encantadora que atraía visitantes,0
1837,She looked up at the high ceiling to admire its intricate details.,7,Ella miró hacia arriba al alto techo para admirar sus detalles intrincados.,7
1838,The embarrassing moment when I tripped on stage was unforgettable.,2,El momento vergonzoso en el que me cayeron las piernas en el escenario fue inolvidable.,3
1839,The company has annual reports that are submitted to the government.,4,La empresa tiene informes anuales que se presentan al gobierno.,0
1840,The team gathered to discuss the project,0,El equipo se reunió para discutir el proyecto,0
1841,The hotel's posh suite came with a complimentary bottle of champagne.,3,El salón lujoso del hotel estaba equipado con una botella de champán gratis.,0
1842,She didn't like the slight taste of the soup.,5,No le gustaba el sabor leve de la sopa.,6
1843,Can you print out this document so I can review it?,3,Puedes imprimir este documento para que lo revise.,0
1844,The warrior gripped his sword as a weapon in the battle.,8,El guerrero agarró su espada como arma en la batalla.,7
1845,Her radical idea sparked a heated debate among the team members.,2,Su idea radical provocó una intensa discusión entre los miembros del equipo.,3
1846,She decided to express her feelings through art.,4,Ella decidió expresar sus sentimientos a través del arte.,3
1847,The store used a large counter to display the daily specials.,6,El tienda usaba un gran mostrador para mostrar las especiales del día.,6
1848,The poet's use of metaphor created a beautiful phrase in the poem.,9,El uso poético del metaphoro creó una hermosa frase en la poesía.,9
1849,The beautiful angel sang in harmony with the choir.,3,El hermoso ángel cantó en armonía con el coro.,3
1850,She couldn't ignore the principle of fairness in her decision-making process.,5,No podía ignorar el principio de justicia en su proceso de toma de decisiones.,5
1851,The new AI assistant is designed to learn from user interactions.,4,El nuevo asistente de inteligencia artificial está diseñado para aprender desde las interacciones del usuario.,3
1852,She needs to inspect the wire before assembling the new furniture.,6,Ella necesita inspeccionar el cable antes de ensamblar la nueva meuble.,5
1853,She liked to tidy up her room every Saturday morning.,4,Ella disfrutaba de ordenar su habitación todos los sábados por la mañana.,0
1854,She put on a new pair of pants to run in the park.,8,Ella pone una nueva pareja de pantalones para correr en el parque.,7
1855,She put on her new jacket to brave the cold winter day.,6,Ella puso su nuevo paraguas para enfrentar la día frío invierno.,0
1856,The old sailor wore a chap over his coat to ward off the chill of the sea air.,6,El viejo marinero llevaba una capa sobre su chaqueta para protegerse del frío del aire marino.,0
1857,The nurse will take the patient to the new ward after surgery.,10,El enfermero llevará al paciente a la nueva sala después de la cirugía.,9
1858,She held a brush to paint the wall.,4,Ella sostuvo un cepillo para pintar la pared.,4
1859,She acted as the spokesperson on behalf of the company.,7,Ella actuó como portavoz del representante de la empresa.,0
1860,She reads every magazine she can get her hands on.,4,Ella lee toda la revista que puede poner las manos.,5
1861,The new telescope is a highly scientific instrument designed for deep space exploration.,7,El nuevo telescopio es un instrumento científico muy avanzado diseñado para explorar el espacio profundo.,7
1862,The candidate smiled as she shook hands with the audience.,2,El candidato sonrió mientras daba la mano a la audiencia.,2
1863,The leaf on top of the tree was a vibrant green color.,2,La hoja en la cima del árbol era un color verde intenso.,2
1864,The salad was topped with a generous helping of pitted green olives.,0,La ensalada estaba cubierta con una generosa cantidad de aceitunas verdes sin cáscara.,0
1865,The lavender fields were covered in a beautiful purple bloom.,9,Los campos de lavanda estaban cubiertos con una hermosa floración púrpura.,11
1866,The seal swam through the waves of the ocean with ease.,2,La foca nadó con facilidad por las olas del océano.,2
1867,Her parents taught her the importance of a moral compass in life.,9,Su familia le enseñó la importancia de tener un compas moral en la vida.,11
1868,The administration handled all aspects of the school's daily operations.,2,La administración manejñó todo lo relacionado con las operaciones diarias de la escuela.,2
1869,The company implemented a reduction in force to cut costs.,5,La empresa implementó una reducción de personal para reducir costos.,5
1870,The lawyer asked the witness to take the stand.,5,El abogado le pidió al testigo que asistiera a la testiguía.,6
1871,The concert was a tribute to the legendary musician who had passed away.,5,El concierto fue un tributo al legendario músico que había fallecido.,5
1872,The company will conduct a survey of its customers to understand their needs.,6,La empresa realizará un encuesta de sus clientes para comprender sus necesidades.,5
1873,The movie was set in a medieval castle with moats and drawbridges.,7,La película estaba ambientada en un castillo medieval con mojones y puentes levadizos.,8
1874,"The geography of Europe is highly varied, with dense forests in the north and arid deserts in the south.",2,"La geografía de Europa es muy variada, con densos bosques en el norte y áridas desserts en el sur.",2
1875,overcoming the difficulty of solving a complex math problem took great patience and perseverance,3,superar la dificultad de resolver un problema de matemáticas complejos requirió mucha paciencia y perseverancia,3
1876,The pipe was connected to the tube that carried water from the well.,7,La tubería estaba conectada a el tubo que llevaba agua desde la fuente,7
1877,The bull in the arena was released to fight another,2,El toro en el ruedo fue liberado para luchar contra otro,2
1878,She carefully chopped the onion before sautéing it in olive oil.,5,Ella cortó cuidadosamente la cebolla antes de freírla con aceite de oliva.,5
1879,The factory worker was tired after a long day of assembly line work.,3,El trabajador de la fábrica estaba cansado después de un largo día de trabajar en la línea de montaje.,2
1880,The rental car company had a wide selection of vehicles,2,La empresa de alquiler de coches tenía una amplia variedad de vehículos,4
1881,The team spent years working in their lab to develop the new treatment.,8,El equipo pasó años trabajando en su laboratorio para desarrollar el nuevo tratamiento.,8
1882,The winner of the election was determined by the outcome of the votes.,10,El ganador de la elección fue determinado por el resultado de los votos.,10
1883,her decision was influenced by the context of the conversation.,7,su decisí estuvo influenciada por el contexto de la conversación.,7
1884,The art gallery showcased the latest works by local artists.,3,La galería de arte presentaba las últimas obras de los artistas locales.,2
1885,"After eating the spicy burrito, I had to sit down with my stomach.",13,"Después de comer el burrito picante, tuve que sentarme con mi estómago.",12
1886,The doctor conducted a comprehensive consultation with the patient to determine the cause of their symptoms.,6,El médico llevó a cabo una consulta exhaustiva con la paciente para determinar la causa de sus síntomas.,7
1887,The museum's latest exhibition featured works by local artists,4,La última exhibición del museo presentaba obras de artistas locales,3
1888,Her vivid imagination allowed her to envision a world without boundaries,3,Su imaginación vívida le permitió vislumbrar un mundo sin límites,2
1889,The company conducted a testing process for their new product.,5,La empresa realizó una prueba de su nuevo producto.,5
1890,The fashion designer's latest collection was a huge success at the Paris Fashion Week.,0,La colección más reciente del diseñador de moda fue un éxito enorme en la Semana de la Moda de París.,6
1891,She knows how to use timing to her advantage when it comes to negotiations.,6,Ella sabe cómo aprovechar el cronometraje al su favor cuando se trata de negociaciones.,6
1892,The brave knight rode the dragon into battle.,6,El valiente caballero montó al dragón en la batalla.,6
1893,You'll need to find a parking spot before you can enter the city limits.,6,Necesitarás encontrar un lugar de estacionamiento antes de poder entrar en las limitaciones de la ciudad.,6
1894,I can forgive my brother for what he did to me.,3,Puedo perdonar a mi hermano por lo que hizo conmigo.,2
1895,The research team was trying to establish a relation between the variables.,9,La equipo de investigación intentaba establecer una relación entre las variables.,8
1896,The regional cuisine in the south is known for its spicy flavors.,2,La cocina regional del sur es conocida por sus sabores picantes.,3
1897,The concept of free will is a fundamental issue in philosophy.,8,El problema de la libertad es una cuestión fundamental en filosofía.,9
1898,her unique perspective on life made her an inspiring speaker,3,su perspectiva única sobre la vida la convirtió en una inspiradora oradora,2
1899,The waiter was rude and ignored our requests.,4,El camarero fue grosero y nos ignoró nuestras solicitudes.,4
1900,The politician promised to increase funding for education.,2,El político prometió aumentar las finanzas para la educación.,2
1901,The new immigration policy has been criticized for being too restrictive.,3,La nueva política de inmigración ha sido criticada por ser demasiado restrictiva.,5
1902,The lion was the main prey for the hunters.,6,El león era la presa principal para los cazadores.,5
1903,The smartphone is an essential device for staying connected on the go.,6,El teléfono inteligente es un dispositivo esencial para mantenerse conectado en movimiento.,6
1904,She held a strong belief in the importance of education.,5,Ella creía en la importancia de la educación.,0
1905,I owe my brother money from last week.,2,Tengo dinero que le debo a mi hermano de la semana pasada.,0
1906,Hikers often follow the trail to reach the summit.,5,Los peregrinos suelen seguir el sendero para llegar a la cima.,6
1907,She was willing to take a stake in the new business venture.,7,Ella estaba dispuesta a invertir su participación en la nueva empresa de negocios.,7
1908,The child's shoes were sticky from playing with the glue on the floor.,5,Los zapatos del niño estaban pegajosos después de jugar con el pegamento en el suelo.,0
1909,The heating system in the house kept us warm on a cold winter night.,2,La planta de calentamiento en la casa nos mantuvo cálidos durante una noche fría de invierno.,0
1910,The new policy aims to protect the rights of consumers in the digital age.,0,La nueva política tiene como objetivo proteger los derechos de los consumidores en la era digital.,0
1911,The old man spun a tale of adventure and bravery.,6,El viejo hombre contó un cuento de aventura y valentía.,6
1912,The magical forest was filled with towering trees and sparkling fireflies.,2,El bosque mágico estaba lleno de árboles altos y luciérnagas que brillaban con fuego,3
1913,"I told him it was nonsense, but he refused to listen.",6,"Le dije que era tontería, pero él se negó a escuchar.",0
1914,The additional funds were used to hire more staff.,2,Los fondos adicionales se utilizaron para contratar personal adicional.,9
1915,The old windmill on the hill was still operational after decades of repair.,0,El antiguo molino de viento en la colina seguía funcionando después de décadas de reparación.,3
1916,The actress received critical acclaim for her portrayal of the lead character.,2,La actriz recibió elogios críticos por su interpretación del personaje principal.,2
1917,She spread butter on her toast and took a bite.,6,Ella espolvoreó mantequilla sobre su tostada y tomó un mordisco.,6
1918,It was unfair of him to cheat on the test.,3,Era injusto de su parte engañar en el examen.,2
1919,Can I borrow some sugar from you?,3,Puedo pedir prestado azúcar de ti?,0
1920,She bought a ticket for the lottery and waited anxiously to see if she had won.,7,Ella compró una boleta para la lotería y esperaba ansiosamente ver si había ganado.,7
1921,The beautiful woman held the delicate vase in her hands.,7,La mujer hermosa sostuvo el delgado jarrón en sus manos.,7
1922,She added a juicy tomato to her BLT sandwich.,5,Ella agregó un tomate jugoso al sandwich de BLT.,4
1923,The smoke detector's alarm went off in the middle of the night.,4,El detector de humo emitó un estruendo en plena noche.,0
1924,She had an unlucky streak that lasted for weeks.,4,Tenía una suerte desafortunada que duró semanas.,0
1925,She was concerned about the grounds that had been contaminated with pollution.,6,Ella estaba preocupada por el terreno contaminado con polución.,6
1926,The somber music played at the funeral was hauntingly beautiful.,7,La música sombríja que se tocó en el fónebre era hermosa y llena de tristeza.,0
1927,The pilot must operate the plane to avoid crashing.,4,El piloto debe operar el avión para evitar que se estrellen.,4
1928,The company made an announcement about their new product launch.,5,La empresa hizo un anuncio sobre su lanzamiento de nuevo producto.,5
1929,She followed a low-carb diet to lose weight quickly.,5,Ella siguió una dieta baja en carbohidratos para perder peso rápidamente.,4
1930,The family stored their antique furniture in the attic.,9,La familia almacenó su mobiliario antiguo en el ático.,9
1931,She regretted not studying harder for the exam.,0,Ella se lamentó de no haber estudiado lo suficiente para el examen.,0
1932,The runner crossed the finish line first.,2,El corredor cruzó la línea de meta primero.,2
1933,Her constant attitude helped her to stay focused on the goal.,2,Su actitud constante le ayudó a mantenerse enfocado en el objetivo.,3
1934,Please be careful not to knock anything into the sink.,10,Asegúrate de no empujar nada en el fregadero.,8
1935,She was a generous donor to the charity organization.,4,Ella fue una donante generosa para la organización benéfica.,0
1936,The company will transfer its operations to the new country.,4,La compañía transferirá sus operaciones al nuevo país.,0
1937,She is very particular about her dog's breed,8,Ella es muy selectiva sobre la raza de su perro,7
1938,"The roads were freezing this morning, so we had to use snow tires.",4,"Las carreteras estaban congeladas esta mañana, por lo que tuvimos que usar neumáticos de nieve.",0
1939,The hunter saw a large buck deer in the woods.,7,El cazador vio un ciervo mayor en el bosque.,5
1940,She loved to crunch on the chip while watching her favorite TV show.,7,Ella disfrutaba de masticar el chip mientras veía su programa de televisión favorito.,6
1941,The loss of her loved one in the car accident was a tragedy that would haunt her for years to come.,13,La pérdida de su ser querido en el accidente de coche fue una tragedia que le acompañaría durante años,14
1942,The democratic process allows citizens to participate in decision-making.,2,El proceso democrático permite a los ciudadanos participar en la toma de decisiones.,3
1943,She took great pride in her possession of the rare book.,7,Ella tomó gran orgullo en su posesión del libro raro.,7
1944,The hikers reached the peak of Mount Everest after weeks of climbing.,5,Los escaladores alcanzaron la cima del Monte Everesto después de semanas de subir.,5
1945,The plumber inspected the pipe before installing it.,5,El plomero inspeccionó el tubo antes de instalarlo.,5
1946,The shoes looked worn after years of being walked in.,4,Los zapatos parecían gastados después de años de caminar en ellos.,0
1947,The conference was brief and to the point,4,La conferencia fue breve y al punto,4
1948,She had a close relationship with her cousin from childhood.,8,Ella tuvo una relación cercana con su primo desde la infancia.,8
1949,She used a pin to repair the broken zipper on her coat.,4,Ella usó un alfiler para reparar la cerradura rota del abrigo.,4
1950,She twisted her knee while running and had to stop immediately.,4,Ella se torció la rodilla mientras corría y tuvo que detenerse inmediatamente.,5
1951,She needs a clip to organize her desk drawers.,4,Necesita un clip para organizar sus cajitas de escritorio.,3
1952,The music had a strong and steady rhythm.,8,La música tenía un fuerte y constante ritmo.,8
1953,The new restaurant is designed to attract tourists from all over the world.,7,El nuevo restaurante está diseñado para atraer turistas de todo el mundo.,7
1954,The treasure lies beneath the old oak tree.,4,El tesoro está bajo el árbol viejo.,0
1955,The fireworks exploded in a glorious display of color and light.,6,Los fuegos artificiales explotaron en una exhibicion gloriosa de colores y luz.,0
1956,The committee had to make a difficult selection from the candidates.,8,El comité tuvo que hacer una difícil selección entre los candidatos.,8
1957,She received the award for her outstanding achievement in science.,8,Ella recibió el premio por su logro notabilísimo en la ciencia.,7
1958,She loves to dive into the pool on hot summer days.,4,Ella adora sumergirse en la piscina en días de verano caluroso.,0
1959,She swore she had studied all night for the exam,0,Ella juró que había estudiado toda la noche para el examen,0
1960,The priest blessed the new baby with a holy water,0,El sacerdote bendeció el nuevo bebé con agua santa,0
1961,The statue was crafted from copper and stood tall in the park.,6,La estatua fue fabricada de cobre y se erguú alto en el parque.,6
1962,The detective used forensic evidence to crack the cold case.,2,El detectivo utilizó evidencia forense para resolver el caso frío.,0
1963,She was a passionate advocate for environmental protection.,4,Ella fue una defensora apasionada de la protección ambiental.,0
1964,The baby wiped her dirty diaper with a tissue and said 'poo' in disgust.,12,El bebé intentó de limpiar el pañito sucio con un pañaverde y dijo 'caca' en desagrado.,14
1965,The athlete measured her distance in metres during the marathon.,0,La atleta midió su distancia en metros durante el maratón.,0
1966,The lighthouse was a strong signal of danger on the rocky coastline.,6,La farola era un fuerte indicio de peligro en la costa rocosa.,0
1967,The kids loved visiting the zoo on their summer break.,6,Los niños disfrutaban visitando el zoológico durante sus vacaciones de verano.,6
1968,The beach was deserted during the high tide,8,La playa estaba desierta durante el alta marea,8
1969,She wound the string around her finger to keep it from coming loose.,4,Ella enrolló la cuerda alrededor del dedo para que no se soltara.,4
1970,He been playing snooker for years and still can't beat my friend.,4,He estado jugando snooker durante anos y todavña no puedo vencer a mi amigo.,4
1971,The captain gave the command to proceed with caution.,5,El capitñ teniendo el orden de avanzar con precaución.,0
1972,She needs to practise piano for the recital.,4,Necesita practicar el piano para la presentación.,2
1973,I'm in the mood for some delicious homemade pizza tonight.,9,Estoy en la misa por algo delicioso de pizza casera esta noche.,9
1974,The baby laughed at the liquid splashing in her cup.,6,El bebé reía al ver el líquido que se derramaba en su taza.,7
1975,The public was outraged by the company's offensive behaviour.,0,La gente estuvo enojada con el comportamiento ofensivo de la empresa.,0
1976,She went to the cafe down the street for a cup of coffee.,5,Ella fue al café de la calle adyacente para un taza de café.,4
1977,The company was fined for engaging in massive fraud against its investors.,9,La compañía recibió una multa por su participación en grandes estafas contra sus inversores.,0
1978,The doctor ordered immediate medical attention for the patient.,4,El médico ordenó atención médica inmediata para el paciente.,0
1979,Her research was a significant contribution to the field.,6,Su investigación fue un aporte significativo al campo.,0
1980,She ran over the carpet with her dirty shoes on.,5,Ella corrió sobre la alfombra con sus zapatos sucios encima.,5
1981,She carefully twisted the balloon to create a bow for her birthday party.,5,Ella twistedio el globo con cuidado para crear una cinturilla para su fiesta de cumpleaños.,4
1982,She poured the juice into the glass.,0,Ella vertió el jugo en la vasija.,0
1983,"She sat down on the soft cushion, feeling relaxed after her long flight.",7,"Ella sentóse en el cojín suave, sintiendo relajada después de su larga vuelta.",5
1984,She set an alarm as a reminder for her dentist appointment next week.,7,Ella configuró una alarma como recordatorio de su cita con el dentista la próxima semana.,6
1985,Her nerves were frayed after weeks of intense practice.,0,Sus nervios estaban encariñados después de semanas intensas de práctica.,0
1986,She had a cheeky grin on her face as she pulled off the prank.,4,Tuviera una sonrisa descarada en su rostro mientras desmontaba el truco.,0
1987,The car's motor is very powerful.,3,El motor del coche es muy potente.,2
1988,The library was silent during the reading.,4,La biblioteca estaba silenciosa durante la lectura.,0
1989,The narrow road wound its way through the mountains.,2,La carretera estrecha se sinuizaba por los montes.,0
1990,my mom is making dinner tonight,2,mi mamá está preparando la cena esta noche,2
1991,She planted a few seeds in her garden and waited for them to grow.,0,Ella plantó algunas semillas en su jardín y esperó por que crecieran.,0
1992,He sold his soul to the devil.,7,Ha vendido su alma al diablo.,6
1993,The farmer carefully selected the finest cattle for the auction.,7,El agricultor seleccionó cuidadosamente las mejores vacas para la subasta.,0
1994,She has a desire to travel the world one day.,4,Ella tiene el deseo de viajar por todo el mundo el día de mañana.,4
1995,The bird began to whistle in the morning.,5,El ave comenzó a silbar en la mañana.,5
1996,The madam of the house was known for her excellent cooking skills.,2,La señora de la casa era conocida por sus habilidades excelentes en la cocina.,2
1997,She put on a new pair of trousers for the job interview.,8,Ella puso una nueva pareja de pantalones para la entrevista del trabajo.,7
1998,The company's financial statistics showed a significant increase in revenue last quarter.,4,Las estadísticas financieras de la empresa mostraron un aumento significativo en las ganancias durante el último trimestre.,2
1999,Her aggressive behavior in the meeting room was disrupting the entire team.,2,Su comportamiento agresivo en la sala de reuniones estaba interrumpiendo toda la equipo.,3
2000,The couple threw a beautiful celebration at their lake house.,6,El casal lanzó una hermosa celebración en su casa de lago.,6
2001,The local folk music festival was a huge success.,3,La fiesta del folclore local fue un gran éxito.,0
2002,The spider quickly scurried across the floor.,2,La araña se movió rápidamente por el suelo.,2
2003,The intense heat made it difficult to sleep.,2,El calor intenso hizo que fuera difícil dormir.,3
2004,The initial investment was used to fund the new business venture.,2,El inversión inicial fue utilizada para financiar la nueva empresa.,3
2005,The choir sang beautifully in the cathedral.,2,El coro canta hermosamente en la catedral.,2
2006,I need to fill up on petrol before I head out of town.,7,Necesito llenarme de gasolina antes de salir de la ciudad.,4
2007,The fire will destroy the old factory if it is not extinguished quickly.,4,El incendio destruirá la fñgaria antigua si no se apaga pría de manera rápida.,0
2008,I assume she will be able to finish the project on time,2,Asumo que ella podrá terminar el proyecto a tiempo,0
2009,She is unable to ride a bike.,3,Ella es incapaz de montar una bicicleta.,3
2010,I ignore the noise in my ear and focus on my work.,2,Ignoro el ruido en mi oreja y me enfoco en mi trabajo.,0
2011,The naughty child refused to clean his room.,2,El travieso niño se negó a limpiar su habitación.,2
2012,The company's survival depends on its ability to innovate and adapt to changing market conditions.,3,La supervivencia de la empresa depende de su capacidad para innovar y adaptarse a las condiciones del mercado en constante cambio.,2
2013,The birthday cake was the highlight of her dessert.,9,El pastel de cumpleaños fue el tope del postre.,9
2014,The model's sexy figure made her stand out on the catwalk.,3,El modelo de su figura sensual hizo que destacara en el pasillo de moda,0
2015,The concept of sustainability is becoming increasingly important in business decision-making.,2,El concepto de sostenibilidad se está convirtiendo en cada vez más importante en la toma de decisiones empresariales.,2
2016,The reporter met with the celebrity to discuss her new movie.,2,El reportero se reunió con la celebridad para hablar sobre su nueva película.,2
2017,"To find the total cost, I need to add up all the expenses.",0,"Para encontrar el costo total, necesito sumar todos los gastos.",0
2018,The car's rear bumper was damaged in the accident.,3,El asiento trasero del auto se dañó en el accidente.,3
2019,The scuba diver's regulator provided her with enough oxygen to breathe underwater.,9,La regula del buzos le proporcionaba suficiente oxígeno para respirar bajo el agua.,8
2020,The impact of climate change is a significant aspect of global policy.,9,El impacto del cambio climático es un aspecto significativo de la política global.,8
2021,She enjoyed the luxury of staying in a beautiful beach house.,4,Ella disfrutó del lujo de alojarse en una hermosa casa de playa.,4
2022,She ran her first marathon to raise money for charity.,5,Ella corrió su primer maratón para recaudar dinero para una organización sin fines de lucro.,5
2023,We need to talk to our neighbour about the noise.,7,Necesitamos hablar con nuestro vecino sobre el ruido.,5
2024,the room was haunted by the ghost of her former partner,7,La habitación estaba embrujada por el fantasma de su pareja anterior,7
2025,"The concert was amazing, with a sold-out crowd cheering throughout.",2,"El concierto fue increíble, con una multitud vendida que aplaudió en todo momento.",2
2026,The train drove through the mountain tunnel to reach the valley below.,7,El tren condujo a través del túnel montañ y llegó al valle debajo.,7
2027,The lawyer reviewed the contract before signing it.,2,El abogado revisó el contrato antes de firmarlo.,2
2028,The gentle rain made the flowers bloom,2,La lluvia suave hizo que las flores florecieran,3
2029,The author of the novel won the Pulitzer Prize.,2,El autor de la novela ganó el premio Pulitzer.,2
2030,the new policy aimed to ease the burden on workers,6,la nueva política buscaba facilitar el esfuerzo de los trabajadores,0
2031,"She called her baby babe, and he lovingly obliged with a sloppy kiss.",5,Ella llamó a su bebé babe y él con amabilidad accedió con un beso húmedo.,5
2032,The Olympic rings are a powerful symbol of international unity and friendship.,7,Las banderas olímpicas son un símbolo poderoso de unidad internacional y amistad.,6
2033,,0,,0
2034,She applied a patch to the broken screen to fix it.,4,Ella aplicó un parche al pantalla rota para arreglarlala.,4
2035,The city's fiscal policies were implemented to reduce its debt.,3,Las políticas fiscales de la ciudad se implementaron para reducir su deuda.,0
2036,The company will exchange your old laptop for a new one.,4,La empresa intercambiará tu computadora antigua por una nueva.,0
2037,The young man was named the heir to his late uncle's vast fortune.,7,El joven se nombró como heredero del vasto patrimonio de su tía difunto.,6
2038,The chef added curry to the vegetables for extra flavor.,4,El chef agregó curry a los vegetales para un sabor adicional.,4
2039,The parliamentary committee reviewed the budget proposal.,2,El comité parlamentario revisó la propuesta presupuestaria.,3
2040,We need to compare the features of these two cars.,4,Necesitamos comparar las características de estos dos coches.,2
2041,The chef added some sausage to the pasta dish for extra flavor.,5,El chef añadió algunas salchichas al plato de pasta para agregar más sabor.,0
2042,The grand entrance hall was filled with people waiting for the concert.,3,La gran sala de entrada estaba llena de personas esperando el concierto.,5
2043,The salesperson's convincing arguments helped her win the contract.,0,Los argumentos convincentes de la vendedora le ayudaron a ganar el contrato.,0
2044,The contemporary art museum features works by local artists.,2,El museo de arte contemporáneo presenta obras de artistas locales.,5
2045,The majestic oak tree stood proudly in the garden,3,El gran roble majestuoso se estancaba orgullosamente en el jardín,3
2046,The actress couldn't hold back her tears as she thought of her lost loved one.,0,La actriz no pudo contener las lágrimas mientras pensaba en su ser querido perdido.,0
2047,"The ugly old mansion sat atop the hill, its crumbling facade a testament to years of neglect.",2,"La fea mansión antigua se erguía sobre la colina, su fachada en ruinas fue un testigo de los áños de negligencia.",0
2048,The construction team was busy with the digging for the new underground tunnel.,8,El equipo de construcción está ocupado con la excavación para el nuevo túnel subterráneo.,9
2049,The plumber caught a rat in the walls of the old house.,5,El plomero atrapó una rata en las paredes de la antigua casa.,5
2050,The solar panels on her roof generated a lot of electricity.,2,Las paneles solares en su techo generaron una gran cantidad de energía.,0
2051,The antique shop was filled with vintage furniture and decorations.,2,La tienda de antigüedades estaba llena de muebles y decoraciones de época antigua.,0
2052,The doctor was called in for an emergency episode to save the patient's life.,9,El médico fue llamado para un episodio de emergencia para salvar la vida del paciente.,7
2053,The hotel had a capacity of over 500 guests.,5,El hotel tenía una capacidad para más de 500 invitados.,5
2054,The journalist spent years researching the story before it was published.,2,El periodista dedicó años a investigar la historia antes de que se publicara.,2
2055,The pianist carefully adjusted the strings on her instrument.,9,La pianista ajustó cuidadosamente las cuerdas en su instrumento.,9
2056,Her exceptional singing skills were able to impress the judges.,8,Su talento excepcional para cantar le permitió impresionar a los jueces.,8
2057,She took a lap around the track.,4,Ella tomó una vuelta alrededor de la pista.,4
2058,her fate was sealed the moment she signed the contract.,2,su destino estaba sellado el momento que firmó la contratación.,2
2059,The team made a remarkable discovery in the depths of the ocean.,6,El equipo hizo una descubrimiento notable en los fondos del océano.,5
2060,The bride popped the cork on her champagne to celebrate with her new husband.,8,La novia abrió la cuchilla del champán para celebrar con su nuevo esposo.,7
2061,The mighty eagle soared through the sky.,2,El ave poderosa volaba por el cielo.,0
2062,The yogurt dip was a tasty addition to my snack.,3,El yogur inmersión era una deliciosa adición a mi merienda.,3
2063,She loves baking cookies for her children.,3,Ella ama hornear galletas para sus hijos.,0
2064,The alien's bizarre appearance sent shivers down the space explorer's spine.,3,La apariencia extraña del alienígena hizo que la nariz de la exploradora espacial se enjugara con nerviosismo.,0
2065,The artist had to be sensitive to the subtle nuances of color and light in her painting.,6,La artista tenía que ser sensible a las sutiles nuances de color y luz en su pintura.,6
2066,The company was accused of engaging in borrowing practices that benefited its shareholders.,8,La compañía fue acusada de practicar préstamos que beneficiaban a sus accionistas.,0
2067,The permanent resident visa is issued to foreigners who intend to live in the country for an extended period of time.,2,El visto permanente de residente es emitido a extranjeros que tienen la intención de vivir en el país durante un período prolongado de tiempo.,3
2068,She loves to bake cookies for her children.,4,Ella disfruta hornear galletas para sus hijos.,3
2069,The new cell division process has been carefully studied by scientists.,3,El nuevo proceso de división celular ha sido estudiado con gran cuidado por los científicos.,0
2070,The broad landscape stretched as far as the eye could see.,2,El paisaje amplio se extendía hasta donde podía ver con los ojos.,3
2071,The brass fixture shone with a warm golden glow.,2,El accesorio en latón brillaba con un agradable luminosidad dorada.,4
2072,The parade through the streets was a highlight of the city's summer festival.,2,El desfile por las calles fue un destaque del festival estival de la ciudad.,2
2073,The politician's affair with the aide sparked a major scandal within the party,10,La relación extraamoral del político con el asistente generó un escándalo importante dentro del partido,11
2074,The Olympic athlete was injured during the competition.,3,El atleta olímpico sufrió una lesión durante la competencia.,2
2075,Her blog's content is mostly about her personal experiences.,3,Su blog de contenido está principalmente sobre sus experiencias personales.,4
2076,"After a long day, I like to collapse onto the sofa and watch TV.",11,"Después de un largo día, me gusta colgarme en el sofá y ver la tele.",11
2077,She carefully placed the bow on top of the present.,5,Ella colocó el arco al momento del presente.,4
2078,The poacher was caught in the trap that he had set for himself.,7,El cazador fue atrapado en la trampa que había puesto a sí mismo.,7
2079,The dancer performed an impressive solo on stage.,2,El bailarín actuó una impresionante coreografía en el escenario.,2
2080,The architect was concerned with finding a sustainable concrete for the building.,9,El arquitecto estaba preocupado por encontrar un concreto sostenible para el edificio.,8
2081,The company's manufacturing plant was closed due to environmental concerns.,3,El planta de fabricación de la empresa fue cerrada debido a preocupaciones ambientales.,4
2082,The room fell into chaos as the argument escalated.,5,La habitación se convirtió en un caos cuando la discusión se intensificó.,7
2083,The company will divide its assets among the shareholders.,0,La empresa dividirá sus activos entre los accionistas.,0
2084,The expert was able to persuade the skeptical investor to support the startup.,6,El experto pudo convencer al inversor esceptico de apoyar la startup.,0
2085,The engineer used her knowledge of mechanical engineering to design a more efficient engine.,8,El ingeniero utilizó su conocimiento de ingeniería mecánica para diseñar un motor más eficiente.,7
2086,The company's focus on innovation led to significant improvements in their manufacturing processes.,0,La atención del gobierno al innovación llevó a importantes mejoras en sus procesos de fabricación.,0
2087,The wolf crept into its den at the edge of the forest.,6,El lobo se acercó a su guarida en la orilla del bosque.,7
2088,She got into her truck to head to work.,5,Ella se subió en su camión a ir al trabajo.,6
2089,The police launched a patrol to investigate the suspicious noise.,5,La policía lanzó una patrulla para investigar el ruido sospechoso.,5
2090,The company sees a promising prospect for growth in the Asian market.,6,La empresa ve una perspectiva prometedora para el crecimiento en el mercado asiático.,5
2091,She peeled a banana and put it in her lunchbox.,4,Ella peló un plátano y lo puso en su caja de comida.,4
2092,The company requires its employees to have health insurance.,0,La empresa requiere que sus empleados tengan seguro de salud.,0
2093,We set up our tent on the campsite and spent the night under the stars.,5,Colocamos nuestra tienda de campaña en el sitio del camping y pasamos la noche bajo las estrellas.,0
2094,The concert will be held at the outdoor venue this summer,9,La actuación musical será en el lugar al aire libre este verano,7
2095,She poured the paint into a bucket to mix it with water.,7,Ella vertió la pintura en una cubeta para mezclarla con agua.,7
2096,She grabbed her torch and started hiking in the dark.,4,Ella tomó su antorcha y comenzó a caminar en la oscuridad con esa antorcha.,4
2097,"At the reception, she met her new groom and beaming bride.",11,"En la recepción, conoció su nuevo novio y su novia radiante.",10
2098,The team was under a lot of tension before the big game.,8,El equipo estaba bajo una gran tensión antes del partido grande.,7
2099,The couple had to take out a mortgage on their new home to cover the purchase price.,8,La pareja tuvo que tomar un préstamo para pagar el precio de compra de su nueva casa.,0
2100,The pizza was so tasty that I ate the whole pie.,5,La pizza era tan sabrosa que comí toda la piña.,0
2101,She took a bike to school every day as part of her exercise routine.,0,Ella llevaba un bicicleta al colegio todos los días como parte de su rutina de ejercicio.,0
2102,The encouraging words from her friend helped boost his confidence.,2,Las palabras alentadoras de su amigo le ayudaron a aumentar su confianza.,0
2103,The film received widespread criticism for its poor acting.,5,El filme recibió crítica generalizada por la mala actuación.,4
2104,The company's new advertising campaign is focusing on social media,4,La campaña publicitaria del nuevo anuncio de la empresa se enfoca en las redes sociales,0
2105,The team leader gave a impressive presentation to the investors.,7,El jefe de equipo dio una impresionante presentación a los inversores.,8
2106,The storm caused a flood in the nearby town.,5,La tormenta causó una inundación en la ciudad cercana.,5
2107,The medium-sized dog ran quickly around the yard.,0,El perro de tamaño medio corrió rápidamente alrededor del jardín.,5
2108,The team's scrum half was instrumental in breaking through the opposing team's defense.,3,La mitad del escrutado del equipo fue fundamental para romper la defensa contraria.,0
2109,The company's social media profile was hacked by a cyber attacker.,5,El perfil de redes sociales de la empresa fue hackeado por un atacante cibernético.,2
2110,The crowd gave the performer a standing applause for her excellent dance.,8,El público le dio un aplauso de pie por su excelente danza.,6
2111,Handling the delicate flowers required great precision and patience.,3,Manejar las flores delicadas requería gran precisión y paciencia.,0
2112,The pilot needed to carefully calibrate the jet engines before takeoff.,8,El piloto necesitaba calibrar cuidadosamente los motores de jet antes del despegue.,9
2113,She used a hook to hang her jacket on the hook in the closet.,4,Ella usó un gancho para colgar su chaqueta del gancho en el armario.,4
2114,The crab scuttled across the sandy beach.,2,El cangrejo se moví con rapidez a lo largo de la playa arenosa.,2
2115,It took great courage to stand up to her abuser and speak out against the injustice.,4,Tomarle muchó coraje afrontarla su agresor y hablar en contra de la injusticia fue una gran hazaña,3
2116,She has always had a strong ambition to become a doctor.,7,Ella siempre ha tenido un fuerte deseo de convertirse en una médica.,0
2117,The magic trick will disappear in seconds.,5,El truco mágico desaparecerá en segundos.,0
2118,She has the power to select her own destiny.,6,Ella tiene la capacidad de seleccionar su propio destino.,6
2119,My parent helped me move into my new apartment.,2,Mi padre ayudó para moverme en mi nuevo apartamento.,2
2120,The volunteer was very helpful in organizing the charity event.,5,La voluntaria fue muy útil en la organización del evento benéfico.,5
2121,I strongly disagree with her decision.,3,Me parece fuerte la idea de discrepar con su decisión.,7
2122,The hotel offered a wide range of accommodation options to suit different budgets.,8,El hotel ofrecio una variedad amplia de opciones de alojamiento para satisfacer diferentes presupuestos.,10
2123,The postal service requires all letters to be stamped with the correct postage.,0,La oficina de correos requiere que todas las cartas sean sellos con el postaje correcto.,0
2124,She has always dreamed of going sailing around the world.,7,Ella siempre ha soñado con ir navegando por todo el mundo.,0
2125,The successful partnership between the entrepreneur and investor led to a significant return on investment.,3,El éxito del acuerdo de inversión entre el emprendedor y el inversor resultó en una gran renta en inversión.,0
2126,The classical music performance was incredibly moving.,2,El concierto de música clásica fue muy conmovedor.,0
2127,The kids sat by the pond and fed the ducks.,6,Los níos sentados cerca del estanque y alimentaron a las patas.,6
2128,The camera captured a flash of movement across the stage.,5,La cámara capturó un destello de movimiento en el escenario.,5
2129,The kids love to play tricks on their friends by saying 'boo!' in the dark.,12,Los niños disfrutan jugar trucos con sus amigos diciendo 'abucheo' en la oscuridad.,10
2130,The peaceful surroundings helped me relax.,2,Los entornos pacíficos me ayudaron a relajarme.,0
2131,The cultural exchange program allowed students to learn about each other's traditions.,2,El programa de intercambio cultural permitió a los estudiantes aprender sobre las tradiciones de cada uno.,5
2132,The dog fell into a pit while chasing a squirrel.,6,El perro cayó en un foso mientras persigía una ardilla.,6
2133,"The children snuggled up by the cosy couch, feeling grateful for the warmth.",7,"Los niños se acurrucaron en el sofá cómodo, sintiéndose agradecidos por la cálida atmósfera.",0
2134,"The building began to collapse, causing widespread destruction.",5,"El edificio comenzó a colapsar, causando destrucción extensa.",0
2135,The judge made a harsh judgment about the defendant's behavior.,6,El juez hizo un juicio duro sobre el comportamiento del acusado.,5
2136,The new regulation on plastic bags was implemented to reduce waste and pollution.,3,La nueva regulación sobre bolsas de plástico se implementó para reducir el desecho y la contaminación.,3
2137,The new policy aims to provide equivalent treatment for all employees.,7,La nueva política busca proporcionar tratamiento equivalente para todos los empleados.,7
2138,We're celebrating our 10th wedding anniversary this weekend.,6,Estamos celebrando nuestro décimo aniversario de matrimonio este fin de semana.,5
2139,The teacher was frustrated with the behavior of the teenager in class.,10,El maestro estaba frustrado con el comportamiento del adolescente en la clase.,9
2140,The company's substantial assets helped them recover from the financial crisis.,3,Las activos sustanciales de la empresa ayudaron a recuperarla de la crisis financiera.,0
2141,She wanted to swap her old bike for a new one.,4,Ella quiere intercambiar su bicicleta vieja por una nueva.,3
2142,The gravestone bore the names of many brave soldiers who died in battle.,0,La piedra funeraria llevaba los nombres de muchos valientes soldados que murieron en la batalla.,0
2143,She was faster versus the rest of the pack.,4,Ella fue más rápida que el resto del pelotón.,0
2144,The marine life in the coral reef was incredibly diverse.,2,La vida marina en la arrecife de coral era increiblemente diversa.,0
2145,The company conducted an assessment of its employees' skills to determine their readiness for promotion.,5,La empresa realizó un seguimiento del desempeño para determinar su madurez profesional.,0
2146,The park had a large bench where people could rest.,6,El parque tenía un banco donde las personas podían descansar.,5
2147,The company uses cloud storage to backup its data.,5,La empresa utiliza el almacenamiento en la nube para respaldar sus datos.,5
2148,The alarming increase in suicide rates among young people has led to widespread concern.,5,La alarma causada por el aumento significativo en los taux de suicidio entre jóvenes ha llevado a preocupación generalizada.,12
2149,"The last ember was a mere spark, leaving only a cold ash.",12,"El último carboncillo era solo una chispa, dejando solo ceniza fría.",10
2150,The campaign team conducted several polls to gauge public support for their proposal.,0,La equipo de la campaña llevó a cabo varias encuestas para medir el apoyo público a su propuesta.,0
2151,The student's grade improved significantly over the course of the semester.,3,El estudiante mejoró su grado considerablemente a lo largo del semestre.,5
2152,The harsh wind made it difficult to sleep outside.,2,El viento duro hizo que fuera difícil dormir afuera.,3
2153,She carefully sliced the pizza to share it with her friends.,0,Ella cortó el queso de forma cuidadosa para compartirlo con sus amigos.,0
2154,She felt a strong connection to her native land after visiting it for the first time.,8,Ella sintió un fuerte vínculo con su tierra nativa después de visitarla por primera vez.,0
2155,The hikers walked into the cool cave after hiking for hours.,7,Los senderistas caminaron al interior de la fresca cueva después de horas de caminar.,9
2156,The spaceship was a marvel of alien technology.,7,El cohete espacial era un maravilla de la tecnología alienígena.,10
2157,The spaghetti and meatballs were the main course at the family dinner.,0,La espagueti y las albóndigas eran el plato principal en la cena de la familia.,0
2158,The smell of cut grass filled the air with a refreshing breeze.,12,El olor del corte de césped llenñ el aire con una brisa refrescante.,12
2159,The jazz band performed a soulful rendition of the classic song.,2,La banda de jazz interpretó una versión emotiva del clásico canción.,4
2160,She needed an exact replica of the original painting for her art project.,4,Necesitaba un réplica exacta del cuadro original para su proyecto de arte.,0
2161,The Jewish community in New York is known for its vibrant cultural scene.,2,La comunidad judía en Nueva York es conocida por su escena cultural vibrante.,0
2162,"After a long day, I like to lounge on the couch with a good book.",8,"Después de un largo día, me gusta pasar el tiempo en el salón con un buen libro.",13
2163,The team presented a proposal for the new project to the client.,5,El equipo presentó una propuesta para el nuevo proyecto al cliente.,5
2164,"She has always been an ambitious person, never satisfied with the status quo.",6,"Ella siempre ha sido una persona ambiciosa, nunca satisfecha con el estado actual.",0
2165,The pro of buying an electric car is lower maintenance costs.,2,El beneficio de comprar un coche eléctrico es menor mantenimiento.,0
2166,The dog let out a loud woof when he saw his owner come home.,7,El perro emitió un fuerte guau cuando vio que su dueño llegaba a casa.,6
2167,The actor's charm on screen made the movie a hit.,3,El encanto del actor en la pantalla hizo que el filme fuera un éxito.,2
2168,She tripped on the stairs and felt awkward afterwards.,8,Ella se desequilibró por las escaleras y sintióse incómodo después,9
2169,The detective worked tirelessly to capture the culprit.,6,La detective trabajó incansablemente para capturar al culpable.,6
2170,I went to the gym after work to get in shape.,5,Me fui al gimnasio después del trabajo para ponerme en forma.,4
2171,I took my dog to see the vet before we moved.,8,Tomé mi perro a ver al veterinario antes de mudarnos.,7
2172,her sense of humour was very refreshing at the party.,4,su sentido del humor era muy refrescante en la fiesta.,4
2173,The company offers comprehensive coverage for its employees' health benefits.,5,La empresa ofrece cobertura integral para los beneficios de salud de sus empleados.,4
2174,The value of the currency fluctuates constantly in the foreign exchange market.,5,El valor de la moneda varía constantemente en el mercado de cambio internacional.,5
2175,"The fireworks display was striking, filling the night sky with vibrant colors.",5,"La presentacion de fuegos artificiales fue impresionante, llenando el cielo con colores vibrantes.",0
2176,The scientists react to the changing climate by developing new technologies.,3,Los científicos reaccionan al cambio climático desarrollando nuevas tecnologías.,0
2177,The doctor called in a team to treat the stroke that had left her speechless.,10,El médico llamó a un equipo para tratar el accidente cerebrovascular que había dejado sin habla.,0
2178,The hotel charged us a fee of $100 per night.,6,El hotel nos cobró una tarifa de $₡ 100$ por noche.,6
2179,She was his loyal lover throughout the war.,5,Ella fue su leal amante durante toda la guerra.,5
2180,"After a long hike, Sarah lifted her breasts to cool down in the warm sun.",0,"Después de una larga caminata, Sara levantó sus pechos para enfriarse en el sol cálido.",0
2181,The judge had a regard for the defendant's young children during their testimony.,5,El magistrado tenía un regard por los pequeños hijos del acusado durante su testimonio.,0
2182,The chef carefully fries the chicken to achieve a crispy exterior.,0,El chef cocina la pollo con cuidado para lograr una superficie crujiente.,0
2183,The ancient text was written in an obscure language that no one could decipher.,8,El texto antiguo fue escrito en un idioma oscuro que nadie podía descifrar.,9
2184,The sound of the ocean was pleasant on this calm evening.,7,El sonido del océano fue agraciable en esta tranquilidad de la noche.,0
2185,I have an appointment at the dentist tomorrow.,4,Tengo una cita en el dentista mañana.,3
2186,The new corporation was formed by merging two existing companies.,3,La nueva corporación se formó por fusionar dos empresas existentes.,3
2187,The retailer offered discounts on popular clothing items at their physical store location.,0,El minorista ofreció descuentos en ropa popular en su ubicación física de la tienda.,2
2188,The busy bee flew from flower to flower collecting nectar.,3,La abeja activa volaba de flor a flor recogiendo néctar.,2
2189,The chef carefully tended the roast to ensure it was perfectly browned.,6,El chef cuidadosamente atendió el asado para asegurarse de que estuviera perfectamente dorado.,6
2190,The painting has multiple layers of color.,0,La pintura tiene varias capas de color.,0
2191,She added a crunchy vegetable to her salad.,5,Agregó una verdura crujiente a su ensalada.,3
2192,The artist spent years perfecting the portrait of her famous subject.,7,El artista pasó por años perfeccionando el retrato de su famoso modelo.,8
2193,The two parties had to make a compromise on the salary to reach an agreement.,8,Los dos partidos tuvieron que hacer un compromiso sobre el salario para llegar a un acuerdo,8
2194,The paper ripped when I tried to open it quickly.,0,El papel se rasgó cuando intentá abrirlo de manera brusa.,0
2195,She gave the presentation with a confident tone that impressed her audience.,8,Ella dio la presentación con un tono confiado que impresionó a su audiencia.,7
2196,The firework burst into the air with a loud roar.,3,El artificio pirotécnico estalló en el aire con un rugido ensordecedor.,0
2197,The handy toolbox made the project much easier.,2,El arnés práctico del equipo facilitó significativamente el proyecto.,3
2198,The actress's name is synonymous with fame in Hollywood.,7,El nombre de la actriz es sinónimo de fama en Hollywood.,9
2199,The potter worked with the cool clay to create a beautiful vase.,7,El barro cerámico se trabaja con el cool arcilla para crear un hermoso vaso.,9
2200,The tourists took a boat ride along the scenic canal.,10,Los turistas tomaron una caminata en barca a lo largo del hermoso canal.,13
2201,The farmer had to stall his tractor to fix a broken part.,5,El campesino tuvó que postergar su tractor para reparar una parte rota.,0
2202,The company will review the document before approving it.,6,La empresa revisará el documento antes de aprobarlo.,5
2203,Her creation was a stunning work of art that captured the attention of everyone in the room.,2,La creación de ella fue una obra maestra de arte que capturó la atención de todos en la sala.,2
2204,The hunter carefully stalked his prey through the forest.,2,El cazador se movió sigilosamente por el bosque en busca de su presa.,2
2205,The ruler measured the width of the room in inches.,0,La regla medía la anchura del salón en pulgadas.,0
2206,"She was a curious child, always asking questions.",4,"Ella era una niña curiosa, siempre preguntando",0
2207,The historical society was founded by a group of preservationists.,2,La sociedad histórica fue fundada por un grupo de preservacionistas.,0
2208,She carefully filed down the rough edge of the nail to prevent splitting.,10,Ella afeitó cuidadosamente la parte áspera de la uña para evitar que se partiera.,9
2209,"She began to stir the pot, adding some more herbs and spices.",4,"Ella comenzó a revolver la olla, añadiendo más hierbas y especias.",4
2210,The hikers climbed to the summit of the mountain.,6,Los recorridores escalaron a la cumbre de la montaña.,6
2211,The new movie was a comic adaptation of the popular book.,6,La nueva película fue una adaptación cómica del libro popular,0
2212,The team required extensive polish to win the championship.,5,El equipo necesitaba mucha polaca para ganar la copa.,0
2213,The fabric's texture made it soft and comfortable to wear.,3,El tejido tenía una textura suave y cómoda para usar.,5
2214,Her facial expression told the teacher that she was upset about the assignment.,3,Su expresión facial indicó al profesor que estaba molesta con el trabajo asignado.,2
2215,The electric bass guitar added a deep beat to the song.,3,La batería eléctrica del bajo agregó un ritmo profundo al canción.,5
2216,She used a brick to build the wall.,4,Utilizó un ladrillo para construir la pared.,3
2217,She was a great colleague and always willing to help with new projects.,5,Ella fue una excelente colega y siempre dispuesta a ayudar con nuevos proyectos.,5
2218,The unfortunate news of the accident spread quickly through the community.,2,La triste noticia del accidente se propagó rápidamente por la comunidad.,0
2219,The jury deliberated for several hours before reaching a verdict.,2,El jurado debatió durante varias horas antes de llegar a una sentencia.,2
2220,She carefully placed the sheet on top of the document to prevent it from getting damaged.,5,Ella colocó el folleto sobre el documento para evitar que se daÑa las manos.,0
2221,Can you fetch me a glass of water from the kitchen?,3,Puedes buscar una taza de agua en la cocina,2
2222,The scary movie scared all the children in the audience,0,El miedo de la película asustó a todos los niños en el salón,0
2223,Her salary has been increased by ten percent this year.,0,Su salario ha aumentado el diez por ciento este año.,2
2224,"The shark circled the boat, its fin slicing through the water.",2,"El tiburón rodeaba la barca, su aleta cortando el agua.",2
2225,The quarterback was determined to be the best player on his team and saw himself as a rival to the star running back.,18,El cuartero era determinado a ser el mejor jugador de su equipo y veía a sí mismo como rival del corredor estrella del running.,19
2226,Her wages increased by 10% after she received a raise.,2,Sus salarios aumentaron en el 10% después que recibió una promoción.,2
2227,She carefully placed the straw in her drink to prevent spills.,5,Ella colocó cuidadosamente la paja en su bebida para evitar derrames.,5
2228,"She handled the situation with great manner, calming everyone down.",7,"Ella manejo la situación con gran manera, calmando a todos.",7
2229,She established the charity to help underprivileged children around the world.,0,Ella estableció la caridad para ayudar a los niños desfavorecidos en todo el mundo.,0
2230,The family's new home was a cozy bungalow on the outskirts of town.,8,La casa familiar nueva era cénica bungalow en las afueras de la ciudad.,7
2231,The orchestra performed a beautiful rendition of Beethoven's Symphony No. 5.,2,La orquesta interpretó una hermosa versión de la Sinfonía Núm. 5 de Beethoven.,2
2232,She spent hours browsing the web for information on her favorite topic.,6,Ella pasó horas buscando en la web información sobre su tema favorito.,7
2233,She will pray for guidance on her career path.,3,Ella rezará por orientación en su camino profesional.,0
2234,The kids love to slide down the water park slide.,5,Los ninos aman deslizarse por la tobogñn del parque acuýico.,0
2235,She wore her favorite costume to the Halloween party.,5,Ella llevó su traje favorito al fiesta de las brujas.,0
2236,The willow tree bends towards the ground in winter.,0,El árbol de salice dobla hacia el suelo en invierno.,0
2237,The car's bearing was set to three o'clock,3,El torno del auto estaba configurado para las tres de la tarde,0
2238,The minor chord gave the song its unique flavor.,2,El acorde menor le dio al song su sabor único.,3
2239,The interior designer focused on creating a welcoming atmosphere in the lobby.,2,El diseñador del interior se centró en crear un ambiente acogedor en el vestíbulo.,4
2240,The company's new policy includes a promotion for all long-serving employees.,7,La política del nuevo negocio incluye una promoción para todos los empleados con larga antigüedad.,8
2241,She likes to sail on her days off,4,Ella disfruta de navegar en sus días libre,0
2242,The beauty product helped to smooth out her skin and reduce powder on her face.,12,El producto de belleza ayudó a suavizar la piel y reducir el polvo en su rostro.,13
2243,The new car dealer in town offers competitive pricing.,4,El nuevo distribuidor de autos en la ciudad ofrece precios competitivos.,3
2244,The professor wore a formal suit to the job interview.,5,El profesor se puso un traje formal al entrevistarse para el trabajo.,7
2245,She added a tag to the package so it wouldn't get lost.,4,Ella agregó una etiqueta al paquete para que no se pierda.,4
2246,The noisy city was overwhelming at night.,2,La ciudad ruidosa era abrumadora de noche.,0
2247,She has to behave well at the office party tonight,4,Tiene que comportarse bien en la fiesta de la oficina esta noche,3
2248,The big brown wolf ran quickly across the forest floor.,4,El gran lobo marrón corrió rápidamente por el suelo del bosque.,3
2249,The software encountered an error when trying to connect to the server.,5,El software se encontró con un error al intentar conectarse al servidor.,7
2250,The weather forecast said it would be cloudy all day.,8,La previsión del tiempo dijo que haría un día nublado.,10
2251,The politician stood confidently on the podium and began to speak.,7,El político se puso de pie con confianza sobre el podio y comenzó a hablar.,11
2252,The crème brûlée was topped with a layer of creamy custard.,11,La crema catalana estuvo cubierta con una capa de natillas cremosas.,10
2253,She carefully placed the lid on the jar to prevent spills.,5,Ella colocó con cuidado la tapa en la botella para evitar derrames.,6
2254,the realistic approach to budgeting involves setting aside a certain amount for savings every month.,2,el enfoque realista para la planificación presupuestaria implica reservar un cierto monto mensual para ahorrar.,3
2255,The politician released her manifesto outlining her platform for the election.,5,"El político lanzó su manifiesto, donde se detallaba su plataforma para la elección.",5
2256,She receives a monthly allowance from her parents for living expenses.,5,Ella recibe un subsidio mensual de sus padres para gastos de vivienda.,4
2257,She tried to speak without touching her throat.,8,Intentaba hablar sin tocar su garganta.,6
2258,"The saddle was made of high-quality leather, and it looked very expensive.",7,"El silla estaba hecha de cuero de alta calidad, y parecía muy caro.",6
2259,The soldier wore her uniform with pride during the ceremony.,5,La soldado llevaba su uniforme con orgullo durante la ceremonia.,5
2260,She climbed up the ladder to change the light bulb.,5,Ella sube la escalera para cambiar la bombilla de luz.,4
2261,She carried her groceries in a basket to the car.,7,Ella llevaba sus compras en una cesta al auto.,7
2262,The company will extend its services to more countries next year.,4,La empresa ampliará sus servicios a más países el año próximo.,0
2263,The geologist carefully carried the crystal into the laboratory to examine its properties.,6,El geólogo llevaba el cristal con cuidado a la laboratorio para estudiar sus propiedades.,5
2264,Her novels are renowned for their exploration of the human condition through literature.,13,Sus novelas son famosas por su exploración del condicion humana a travíes de la literatura.,15
2265,The band made a recording of their new album.,5,La banda grabó una copia de su nuevo álbum.,0
2266,"After decades of working, John finally retired to travel the world and pursue his hobbies.",0,"Después de décadas de trabajar, Juan finalmente se jubiló para viajar al mundo y perseguir sus pasatiempos.",0
2267,Can you invite your friend to the party tonight?,3,Puedes invitar a tu amigo a la fiesta de noche,2
2268,The child blew a bubble and watched it float away.,5,El niño golpeó una burbuja y la observó volar hacia arriba.,5
2269,It was a very windy day on the beach.,5,Era un día muy ventoso en la playa.,5
2270,The company's internal affairs were audited by a third-party firm.,3,Las partes internas de la empresa fueron revisadas por una empresa tercera.,0
2271,The company's efficient manufacturing process allowed them to meet their production goals ahead of schedule.,3,El proceso de fabricacion eficiente del empresa les permitio cumplir con sus metas de produccion con anticipacion.,5
2272,She was a promising young artist with boundless potential.,4,Ella era una prometedor joven artista con un gran potencial.,4
2273,The company relies heavily on communication with its employees to ensure timely project updates.,6,La empresa se apoya fuertemente en la comunicación con sus empleados para asegurar actualizaciones de proyecto a tiempo,8
2274,She downloaded the new application for her smartphone.,5,Ella descargó la nueva aplicación para su teléfono inteligente.,5
2275,The use of sustainable materials in modern architecture is crucial for reducing carbon emissions.,8,El uso de materiales sostenibles en la arquitectura moderna es fundamental para reducir las emisiones de carbono.,8
2276,I bumped into his bum on the stairs.,5,Me golpeé el trasero en las escaleras.,4
2277,"The fairy pranced across the moonlit meadow, her wings shimmering in the silence.",2,"La hada bailó por el prado lunar iluminado, sus alas brillaban en el silencio.",2
2278,She lost her way at the great depth of the ocean.,8,Perdió su camino en la gran profundidad del océano.,7
2279,The new apartment had a spacious nursery with a crib and toys.,7,El apartamento nuevo tenía una gran habitación de infancia con un colchón y juguetes.,0
2280,"The tourist walked along the beach, taking in the sights.",2,"El turista caminaba a lo largo de la playa, tomando en cuenta las vistas.",2
2281,The horror movie scared me to death,2,La película de terror me murió de miedo,0
2282,"The weather forecast was accurate, predicting a heavy downpour.",5,"La previsión del tiempo fue precisa, previniendo una gran lluvia.",0
2283,The terrifying haunted house was a must-visit attraction at the theme park.,2,La casa embrujada terrorífica era una atracción obligatoria en el parque temático.,0
2284,The heavy bag will drag across the floor if I don't secure it.,5,La bolsa pesada arrastrá acrós el piso si no la aseguro.,0
2285,The teenage years can be a challenging time in life.,2,Los años adolescentes pueden ser una época desafiante en la vida.,0
2286,The actress's accent added to the character's southern charm.,3,El tono de voz de la actriz agregó encanto sureño al personaje.,0
2287,The presenter introduced the main speaker at the conference.,2,El presentador presentó al hablante principal en la conferencia.,2
2288,"In the final round of the tournament, she faced her toughest opponent yet.",12,"En la última ronda del torneo, ella enfrentó su peor oponente hasta entonces.",11
2289,She felt a deep disappointment when her favorite team lost the championship.,5,Ella sintió un gran desánimo cuando su equipo favorito perdió la final del campeonato.,0
2290,She worked hard and will succeed in her career.,6,Ella trabajó duro y logrará tener éxito en su carrera.,0
2291,The alarm will tick every hour.,4,El alarma marcará cada hora.,0
2292,The fresh mint leaves were added to the lemonade for a refreshing twist.,3,Se agregaron las hojas frescas de menta al jugo de limón para darle un giro refrescante.,7
2293,The addition of the new employee will increase our team's productivity.,2,La adición del nuevo empleado aumentará la productividad de nuestro equipo.,2
2294,"The fireworks exploded in the sky, creating a burst of colorful lights.",0,"Las chispas de la mecha se encendieron y hubo una gran explosión en el cielo, creando un brillo colorido.",12
2295,She decided to gamble her chance at the lottery.,4,Ella decidió apuesta su oportunidad de sacar lotería.,3
2296,She carefully placed the delicate vase on the tray to protect it from breakage.,9,Ella colocó el vaso delicado en la bandeja para protegerlo de quebrarse.,8
2297,The new smartphone has a shiny screen.,6,El nuevo teléfono inteligente tiene una pantalla brillante.,8
2298,"Her favorite dish was the roast beef, which featured tender flesh.",11,"Su plato favorito era el bistec asado, que contenña carne tierna.",10
2299,The philanthropist donated to the foundation that supported education in underprivileged communities.,6,La filántropa donó a la fundación que apoyaba la educación en comunidades desfavorecidas.,6
2300,The marketing team conducted a series of analysis to understand consumer behavior.,8,El equipo de marketing realizó una serie de análisis para comprender el comportamiento del consumidor.,9
2301,The war ruined the city's infrastructure,0,La guerra arruinó la infraestructura de la ciudad,0
2302,The chef carefully selected the spice blend for the new recipe.,6,El chef seleccionó con cuidado la mezcla de especias para el nuevo plato.,0
2303,The detective used all her skills to trace the suspect's whereabouts,8,La detectivesa utilizó todas sus habilidades para rastrear las adquisiciones del sospechoso,8
2304,She put on her new shoe to match her outfit.,6,Ella pone su nuevo zapato para coincidir con su atuendo.,5
2305,She had to resist the urge to cry during the sad movie.,4,Tiene que resistir la tentación de llorar durante el triste película.,3
2306,The process of reverse engineer will help us understand the design better,4,El proceso de enginarreverse ayudará a que comprendamos mejor el diseño,0
2307,The chef added salt as an ingredient to the recipe.,7,El chef añadió saltos como ingrediente a la receta.,6
2308,The company has made sustainable practices a priority in its operations.,5,La empresa ha hecho que las prácticas sostenibles sean una prioridad en sus operaciones.,0
2309,The famous scientist gave a quote about the importance of perseverance.,6,El famoso científico dio una cita sobre la importancia del esfuerzo.,6
2310,The government hired a spy to investigate the company.,5,El gobierno contrató a una espía para investigar la empresa.,6
2311,She applied a small amount of glue to the broken vase.,7,Ella aplicó una pequeña cantidad de pegamento en el vidrio roto.,7
2312,"The toast was burnt, so we had to throw it away.",4,"El pan estaba quemado, así que tuvimos que tirarlo",4
2313,You need to make a payment of $1000 by the end of the week.,6,Necesitas hacer un pago de $1000 antes del final de la semana.,4
2314,The unhappy child cried herself to sleep.,2,El niño infeliz lloraba sin cesar.,3
2315,She reviews her finances every month to ensure she is on track with her budget.,4,Ella revisa sus finanzas cada mes para asegurarse de estar en el camino correcto con su presupuesto.,4
2316,The new policy gave the company the momentum it needed to recover from the economic downturn.,8,La nueva política dio al empresa el impulso necesario para recuperarse de la recesión económica.,8
2317,The whale swam quickly through the ocean.,2,La ballena nadó rápidamente por el océano.,2
2318,The ballerina's performance was a beautiful example of classical ballet.,10,La coreógrafa diseñó un espectáculo de ballet clásico para la compañía de danza.,7
2319,The crowd gave her the praise she deserved for her outstanding performance.,6,El público le dio el elogio que merecía por su impresionante actuación.,6
2320,She offered a pardon to the convict in exchange for his cooperation.,4,Le ofreció un perdón al condenado a cambio de su colaboración.,4
2321,She had a good grip on the bicycle handlebars as she rode down the hill.,5,Ella tenía un buen agarre en las manijas de la bicicleta mientras descendía por la loma.,5
2322,The mild flavor of the tea was refreshing on a hot summer day.,2,El sabor suave del té era refrescante en un día de verano caluroso.,3
2323,She ordered a pint of beer at the bar.,4,Ella ordenó una pinta de cerveza en la barra.,4
2324,The price of the movie ticket is $10.,0,El precio del boleto del cine cuesta $10.,0
2325,I'm so glad I have a buddy to go on this adventure with.,7,Me alegra tener un amigo con quien viajar,5
2326,"She couldn't wait for her birthday, which marked her arrival at university.",10,"No podía esperar su cumpleaños, que marcaron su llegada a la universidad.",9
2327,The darkness outside made it impossible to see the road ahead.,2,La oscuridad fuera nos impidió ver la carretera por delante.,2
2328,The child's smile was a reflection of her happiness.,9,El sonrisa del niño reflejaba su felicidad.,7
2329,The new policy was finally acceptable to the union members after several rounds of negotiations.,6,La nueva política finalmente fue aceptable para los miembros del sindicato después de varios rondines de negociaciones,6
2330,She played her guitar solo during the concert.,5,Ella tocó su guitarra solo durante el concierto.,5
2331,The company is going through several phases as it expands globally.,0,La empresa está pasando por varias fases mientras se amplía globalmente.,0
2332,Her determination inspired her teammates to work harder.,2,Su determinación inspiró a sus compañeros de equipo a trabajar más duro.,2
2333,The crowd's enthusiasm for the concert was palpable as they sang along to their favorite songs.,3,La energía del público durante el concierto era evidente mientras cantaban junto a sus canciones favoritas.,0
2334,"Her grandmother was an accomplished pottery artist, known for her beautiful ceramics.",6,"Su abuela era una artista de barro muy habilidosa, conocida por sus hermosas cerámicas.",0
2335,The doctor prescribed a cure for the patient's fever.,5,El médico prescribió una cura para la fiebre del paciente.,5
2336,The junk in the corner of the room was considered a scrap by the cleaning service.,12,El basuro en la esquina de la habitacin era considerado chatarra por el servicio de limpieza.,11
2337,The engineer worked tirelessly to perfect the new engine design.,2,El ingeniero trabajó porficamente para perfeccionar el diseño del nuevo motor.,2
2338,She felt anxious about the job interview and couldn't sleep the night before.,3,Ella se sentía ansiosa por la entrevista de trabajo y no podía dormir la noche anterior.,0
2339,The company must contain toxic waste in its facilities.,4,La empresa debe contener residuos tóxicos en sus instalaciones.,4
2340,Her health began to decline after the surgery.,5,Su salud comenzó a declive después de la cirugía.,5
2341,She remained optimistic despite the tough job interview questions.,3,Ella se mantuvo optimista a pesar de las preguntas difíciles del entrevistador.,4
2342,Trying to fix the car was frustrating after a long day.,7,Intentar arreglar el auto fue frustrante después de una larga jornada.,6
2343,She spent hours deciding which clothing to wear to the party,6,Ella pasó horas decidiendo cuál clothing llevar al partido,0
2344,She tried to chuck the heavy box across the room.,4,Ella intentó tirar el pesado cajón de la habitación.,3
2345,The doctor helped me recover from my illness.,5,El médico me ayudó a recuperarme de mi enfermedad.,0
2346,She dug around the roots to prevent water from accumulating.,0,Ella excavó alrededor de la raíz para evitar que el agua se acumulara.,6
2347,The crowded room made her feel uncomfortable after a few hours.,7,"El espacio multitudinario hizo que después de unas pocas horas, ella se sintiera incómoda.",0
2348,The company's success was a result of its innovative enterprise.,10,El éxito de la compañía fue el resultado de su innovadora empresa.,12
2349,"The stream ran through the forest, its source unknown.",2,"El arroyo corrí a traviesa del bosque, su fuente desconocida.",2
2350,The homeless man sought shelter in a local church.,5,El hombre sin hogar buscó refugio en una iglesia local.,6
2351,The poet's latest poem is a beautiful expression of love and loss.,4,El último poema del poeta es una hermosa expresión del amor y la pérdida.,3
2352,The lion let out a mighty roar as it chased its prey.,7,El león emitió un rugido poderoso mientras perseguía a su presa.,5
2353,She carefully removed the unwanted strip from the fabric.,6,Ella se quitó el tirado inútil del tejido con cuidado.,0
2354,The wealthy entrepreneur invested her entire fortune in sustainable energy projects.,2,La empresaria adinerada invirtió toda su fortuna en proyectos de energía sostenible.,0
2355,The living room features a beautiful vase as its main decoration.,11,El salón de estar tiene una hermosa vasija como su principal decoración.,12
2356,She gave her child a big hug after getting home from school.,7,Ella le dio un gran abrazo a su hijo después de regresar a casa desde la escuela.,6
2357,The carpenter used a rod to hold the door in place.,5,El carpintero usó una varilla para sostener la puerta en su lugar.,5
2358,The logo on the packaging is a well-known label that indicates the product's origin.,9,El logotipo en la embalaje es una etiqueta bien conocida que indica el origen del producto.,8
2359,She worked hard and earned the reward for her excellent performance.,7,Ella trabajó duro y ganó la recompensa por su excelente desempeño.,7
2360,"After eating a heavy meal, I felt pressure on my liver.",11,"Después de comer una gran comida, sentí presión en mi hígado.",11
2361,The dog lay beside the child on the couch.,4,El perro se acostó junto a el niño en el sofá.,0
2362,The map showed a strange unknown peak in the distance.,6,El mapa mostraba una montanha desconocida en la distancia.,0
2363,The artist used contrast to highlight the beauty of the landscape.,4,El artista utilizó el contraste para destacar la belleza del paisaje.,5
2364,"After losing his job, he felt miserable for weeks.",7,"Después de perder su trabajo, sintióse miserable durante semanas.",7
2365,The buyer carefully inspected the product before making a purchase.,2,El comprador revisó cuidadosamente el producto antes de realizar la compra.,2
2366,The kids loved watching the splash in the fountain on hot summer days.,6,Los niños disfrutaban viendo el salpicadura en la fuente durante los días calurosos de verano.,6
2367,The team's chances of winning the game were slim due to their poor odds.,14,Las posibilidades del equipo ganar el partido eran escasas debido a sus malas probabilidades.,14
2368,"I'm not sure if that guy is dodgy, he seems shady.",8,"No estoy seguro si ese tipo es dudoso, parece un tipo peligroso.",8
2369,The firework exploded with a blast of colorful sparks,6,El artificio pirotecnico explotó con un gran estallido de colores y estrellas,0
2370,The mechanic will repair your car tomorrow.,4,El mecánico reparará tu coche mañana.,0
2371,The firework exploded in an astonishing display of color and light.,6,El fuego artificial explotó en un espectáculo asombroso de colores y luz.,8
2372,She had a clear intention to succeed in her new business venture.,5,Tener una clara intención de triunfar en su nuevo negocio de startup.,4
2373,The company will engage with the local community to promote sustainability.,4,La empresa comprometerá con la comunidad local para promover la sostenibilidad.,0
2374,She kept her childhood memories recorded in a treasured family diary.,11,Ella registraba sus recuerdos de la infancia en un querido diario familiar.,11
2375,The company was working with a temporary solution until a permanent one could be implemented.,7,La empresa trabajaba con una solucion temporal hasta que podia implementar una permanente.,7
2376,The child clutched her favorite teddy tightly to comfort herself.,6,La niña abrazó su favorito osito de peluche con firmeza para consolarse.,0
2377,She used a method to solve the complex math problem.,4,Ella utilizó un método para resolver el problema matemático complejo.,4
2378,The bustling harbour was filled with fishing boats and seagulls.,3,El puerto bullicioso estaba lleno de barcos de pesca y gaviotas.,2
2379,The economy took a bust after the scandal led to a loss of investor confidence.,5,La economúred tomó un bust despué de la escíndala que llevó a una pérdida de confianza de los inversores.,0
2380,The camera's shutter released with a satisfying snap.,8,La cámara del relé con un sonido agudo y repicante.,0
2381,The artist's bold use of color made the painting truly eye-catching.,3,El uso audaz del color de la artista hizo que el cuadro fuera realmente atractivo.,3
2382,The tragic accident resulted in the loss of many lives.,2,El accidente trágico resultó en la pérdida de muchas vidas.,3
2383,The doctor performed a miracle surgery to save the patient's life.,5,El médico realizó un milagro quirúrgico para salvar la vida del paciente.,5
2384,The doctor diagnosed the patient with a chronic illness.,9,El médico diagnosticó al paciente con una enfermedad crónica.,8
2385,The country has experienced devolution in its political system over the past decade.,5,El país ha experimentado devolución en su sistema político durante las últimas décadas.,5
2386,The comedian was on fire during the stand-up comedy show.,2,El cómico estaba ardiendo durante la actuación de comedia de pie.,2
2387,She wrung out the sponge and used it to wipe down the kitchen table.,5,Ella se enjuagó el trapo y lo utilizñ para limpiar la mesa de la cocina.,0
2388,The doctor ordered an urgent blood test to check for infection.,5,El médico ordenó un examen de sangre urgente para verificar la infección.,8
2389,She has committed to volunteering for the charity event.,0,Ella se ha comprometido a voluntariarse para el evento benéfico.,0
2390,The company's revenue increased by 20% last quarter.,3,La cantidad total de ingresos del negocio aumentó un 20% en el último cuarto.,5
2391,The firework exploded in a colourful display of light and sound.,6,El cojetillo explotó en una exhibición colorida de luz y sonido.,0
2392,The company will undergo a major renovation next year to accommodate more employees.,7,La empresa pasará por una renovación importante al año siguiente para acomodar más empleados.,6
2393,"She had multiple offers for the job, and she was thrilled.",3,Ella tuvo múltiples ofertas para el trabajo y estaba emocionada.,0
2394,She took the train via Paris to reach her destination.,5,Tomó el tren por medio de París para llegar a su destino.,0
2395,The family packed a picnic lunch to enjoy on the shore.,11,La familia empaquetó una cena para almorzar en la orilla.,10
2396,She denied any involvement in the scandal.,0,Ella negó cualquier participación en el escándalo.,0
2397,The kids were playing with the goat in the field.,7,Los niños estaban jugando con la cabra en el campo.,7
2398,The urban landscape was transformed by the new skyscraper construction.,2,El paisaje urbano se transformó por la construcción de los nuevos rascacielos.,3
2399,She felt jealous when her boyfriend talked to another woman at the party.,3,Ella se sintió celosa cuando su novio habló con otra mujer en la fiesta.,0
2400,She took a leap of faith and traveled the world alone.,4,Ella dio un salto de fe y viajó solo por todo el mundo.,4
2401,"She stood in front of the blank whiteboard, ready to write her notes.",7,"Ella se colocó frente al tablero blanco vacío, lista para escribir sus notas.",0
2402,The sunrise makes everything seem brighter after a long winter night,6,El amanecer hace que todo parezca más brillante después de una larga noche invernal,0
2403,The beast emerged from the forest to attack the village.,2,La bestia salió del bosque para atacar al pueblo.,2
2404,She flexed her arm to work out her biceps and triceps.,0,Ella estiró su brazo para trabajar sus bíceps y tríceps.,0
2405,She deposited her cheque into the bank account.,4,Ella depositó su cheque en la cuenta bancaria.,4
2406,She enjoys cycling through the park on weekends.,3,Ella disfruta ciclismo por el parque los fines de semana.,3
2407,The flight was delayed due to bad weather.,0,El vuelo fue retrasado debido al mal tiempo.,0
2408,The queen's noble bearing commanded the attention of all in the room.,3,La apariencia noble de la reina capturó la atención de todos en el salón.,3
2409,The room was messy after the party.,4,La habitación estaba desordenada después de la fiesta.,0
2410,The family spent their summer at a resort in Hawaii.,8,La familia pasó su verano en un complejo turístico en Hawái.,0
2411,The team of hackers worked tirelessly to crack the secure password.,0,El equipo de hackeo trabajó  sin cesar para desbloquear la contraseña segura.,4
2412,The chemical engineer carefully measured out the ingredients for the experiment.,2,El ingeniero químico medía con cuidado las ingredientes para la experimentación.,3
2413,I need to register my car before I can drive it.,4,Necesito registrar mi coche antes de que pueda conducirlo.,0
2414,The emergency services provided an effective intervention to stop the violent riot.,7,Los servicios de emergencia proporcionaron una intervención efectiva para detener la huelga violenta.,7
2415,The frost on the window made it difficult to open.,2,La helada en la ventana hizo que fuera difícil abrirla.,2
2416,The ballerina's elegant movements across the stage captivated the audience.,3,Los movimientos gracesos de la bailarina en el escenario cautivaron al público.,0
2417,"The eagle soared overhead, its wings spread wide.",2,"El águila volaba encima, sus alas extendidas ancho.",2
2418,The teacher emphasized the importance of discipline in the classroom.,7,El profesor enfatizó la importancia de la disciplina en el aula.,8
2419,The company offered her a substantial compensation package after she left the job.,7,La empresa le ofreció un paquete de compensación sustancial después de que dejó el trabajo.,8
2420,The company prioritized environmental sustainability in its business practices.,4,La empresa priorizó la sostenibilidad ambiental en sus prácticas comerciales.,6
2421,The passenger was asked to return her seatbelt during takeoff.,2,El pasajero fue solicitado a devolver su cinturón de seguridad durante el despegue.,2
2422,The warm wool kept her cozy on the cold winter night.,3,La lana cálida la mantuvo acogedora en la noche de invierno fría.,2
2423,The passengers boarded the ferry at the dock.,0,Los pasajeros abordaron el ferry en el muelle.,0
2424,She turned the handle to operate the pump.,8,Ella giró el manije para operar la bomba.,8
2425,The commander was responsible for the safety of all crew members.,2,El comandante era responsable por la seguridad de todos los miembros del equipo.,2
2426,The family moved to a new neighbourhood in the suburbs.,7,La familia se mudó a un vecindario nuevo en las afueras.,7
2427,The devastating earthquake left thousands homeless.,2,El terremoto devastador dejó cientos sin hogar.,3
2428,She quit her job to travel the world.,2,Ella renunció a su trabajo para viajar por el mundo.,0
2429,The knight embarked on a quest for the Holy Grail.,6,El caballero se embarcó en una búsqueda del Santo Grial.,7
2430,The suspect was accused of assault after the fight broke out.,6,El sospechoso fue acusado de asalto después de que rompió el pelea.,6
2431,The company will sign a settlement with the union to end the strike.,6,La empresa firmar¡ un acuerdo con el sindicato para poner fin al conflicto,5
2432,The cruel joke left everyone in stitches.,2,El chiste cruel dejó a todos en risas.,3
2433,She lent her car to her friend so he could drive to the concert.,0,Ella prestó su coche a su amigo para que pudiera conducir al concierto.,0
2434,The crew had to fix the broken deck on the sailing boat.,8,El equipo tuvo que arreglar la cubierta rota del barco de vela.,7
2435,"The student struggled to prepare for the exam, but she eventually passed with flying colors.",8,"El estudiante se esforzó por prepararse para el examen, pero finalmente pasó con colores voladores.",9
2436,The family gathered around the table to enjoy their annual feast.,11,La familia se reunió alrededor de la mesa para disfrutar del banquet que eran sus fiestas anuales.,0
2437,,0,,0
2438,She carefully placed the cigarette into its ashtray.,5,Ella colocó el cigarrillo cuidadosamente en su cenicero.,4
2439,The project manager appreciated the team's suggestion to implement a new software.,7,El jefe del proyecto valoró la sugerencia del equipo de implementar un nuevo software.,7
2440,The conservation efforts in the national park helped to preserve the natural habitats of many endangered species.,2,Las esfuerzos de conservación en el parque nacional ayudaron a preservar los hábitats naturales de muchas especies en peligro de extinción.,4
2441,She put on a dress and stood in front of the wardrobe to admire herself.,12,Ella puso un vestido y se colocó delante del armario para admirarse.,10
2442,The company values stability in its supply chain management.,4,La empresa valora la estabilidad en el manejo de su cadena de suministro.,5
2443,The delicate porcelain figurine was a treasured family heirloom.,3,La delicada pieza de porcelana figurativa era un tesorillo legado de familia,5
2444,her research on the environmental impact of climate change led to a clear conclusion.,14,su investigación sobre el impacto ambiental del cambio climático llevó a una conclusión clara.,13
2445,She washed her hands with soap under the running water.,6,Ella se lavó las manos con jabón bajo el agua corriente.,7
2446,The Eiffel Tower is an iconic symbol of Paris.,6,La Torre Eiffel es un símbolo icónico de París.,7
2447,She began to beg her mother for money.,4,Ella empezó a mendigar dinero a su madre.,4
2448,The epic battle between good and evil had been the stuff of legends for centuries.,2,La batalla épica entre el bien y el mal había sido la narración de las leyendas durante siglos.,0
2449,The doctor carefully cleaned and dressed the wound on his hand.,8,El médico limpió y vestió cuidadosamente la herida en su mano.,8
2450,The company's marketing strategy focused on social media and influencer partnerships.,3,La estrategia de marketing de la empresa se centró en las redes sociales y en las alianzas con influencers.,4
2451,her life took an unexpected conversion when she found her true calling.,6,su vida cambió de manera inesperada cuando descubrió su verdadera vocación.,0
2452,She decided to skip the test and hope for the best.,4,Ella decidió saltar la prueba y confiar en lo mejor.,3
2453,She broke off a piece of her favorite biscuit to share with her friend.,9,Ella se rompió una pieza de su favorita galleta para compartir con su amigo.,9
2454,The perfect fit for the outfit was a pair of shoes that were fitting for her style.,14,El par de zapatos que era perfecto para el outfit eran los que se ajustaban a su estilo.,0
2455,The soft cotton fabric felt great against her skin.,3,El suave tela de algodón se sintñ muy bien contra su piel.,5
2456,The teacher was strict about enforcing the classroom rules.,4,El profesor era estricto sobre la aplicación de las reglas del salón de clase.,4
2457,The store sells supplies such as food and clothing.,4,La tienda vende suministros como alimentos y ropa.,4
2458,The medical team followed the established procedure to ensure patient safety.,7,La equipo médico siguió el procedimiento establecido para garantizar la seguridad del paciente.,6
2459,She was the sixth person to graduate from college that year.,4,Ella fue la sexta persona para graduarse de la universidad ese año.,0
2460,The beauty of poetry lies in its ability to evoke emotions and connections with nature.,4,La belleza de la poesía reside en su capacidad para evocar emociones y conexiones con la naturaleza.,5
2461,She is an amateur photographer and loves to travel,4,Ella es una fotografa aficionada y le encanta viajar,0
2462,The company has several branches in different cities around the world.,0,La empresa tiene varias ramas en diferentes ciudades alrededor del mundo.,0
2463,The farmer carefully tends to the crop to ensure a bountiful harvest.,7,El agricultor cuida con atención el cultivo para asegurar una cosecha abundante.,11
2464,The old computer was completely useless for running modern software.,6,El computadora vieja era completamente inútil para correr software módico.,6
2465,"After using the loo, I went to wash my hands.",4,"Después de usar el baño, me fue a lavar las manos.",5
2466,She likes to wrap a scarf around her neck for warmth.,4,Ella disfruta de envolver un pañuelo alrededor del cuello para el calor.,4
2467,I have a dozen eggs in the fridge.,4,Tengo una docena de huevos en el refrigerador.,3
2468,The traveler fell in love with the exotic spices at the market.,8,El viajero se enamoró de las especias exóticas en el mercado.,0
2469,She placed the letter in an envelope to send it to her friend.,7,Ella coloco la carta en un sobre para enviarla a su amiga.,7
2470,She moved into her new apartment in the city after graduating from college.,6,Se mudó a su nuevo apartamento en la ciudad después de graduarse de la universidad.,6
2471,She set her GPS to the destination so she could avoid traffic.,7,Ella puso su GPS al destino para evitar la tráfico.,6
2472,She needed to find a reference from her professor to get the job.,6,Necesitaba encontrar una referencia de su profesor para obtener el trabajo.,4
2473,The rhino's horn is made of keratin and can be up to 6 feet long,3,El cuerno del rinoceronte está hecho de cistina y puede medir hasta 1.8 metros de largo,2
2474,The company went through a period of firing employees to cut costs.,8,La empresa pasó por un período de despido de empleados para reducir costos.,8
2475,She felt a deep pity for the homeless man on the street.,5,Ella sintió una gran lástima por el hombre sin hogar en la calle.,5
2476,She made her debut at the Grand Opera House last week,4,Ella hizo su debut en el Gran Teatro de Ópera hace una semana,4
2477,She enjoys gardening in her free time.,3,Ella disfruta de la jardinería en su tiempo libre.,5
2478,the company will give its employees a chance to quit voluntarily if they wish.,0,la empresa le dará a sus empleados la oportunidad de renunciar voluntariamente si lo desean.,0
2479,The intelligent design of the new smartphone impressed all the tech experts,2,El diseño inteligente del nuevo teléfono impresionó a todos los expertos en tecnología,3
2480,The company will announce its new product at the trade show next week.,4,La compañía anunciará su nuevo producto en la feria de comercio la próxima semana.,0
2481,She poured herself a glass of whisky to relax after dinner.,7,Ella se sirvió un vaso de whisky para relajarse después del almuerzo.,7
2482,The new robot vacuum cleaner was able to clean the entire house on its own.,3,El nuevo aspirador robo pudo limpiar toda la casa por sí solo.,0
2483,The intricate carvings on the vase added a decorative touch to the room.,9,Los intrincados grabados en el vasillo añadieron un toque decorativo al salón.,10
2484,Her existence was marked by a life of love and loss.,2,Su existencia estuvo marcada por una vida llena de amor y pérdida.,2
2485,The detective couldn't shake off the feeling that the suspect was being suspicious of her investigation.,13,La detective no podía sacudirse el sentimiento de que el sospechoso estaba tratando de engañarla durante la investigación.,11
2486,The restoration of the historic building took several years to complete.,2,La restauración del edificio histórico tomó varias años para terminar.,2
2487,The lumberjack used a log to chop the wood.,5,El taulero utilizó un tronco para cortar la madera.,5
2488,The police used their megaphone to make a loud beep that echoed through the streets.,10,La policía utilizó su megáfono para hacer un fuerte pitido que ecoó a través de las calles.,10
2489,The hero drew his sword and faced the enemy army.,5,El héroe sacó su espada y se enfrentó al ejército enemigo.,5
2490,The risky investment was not taken seriously by the company.,2,La inversión arriesgada no fue tomada en serio por la empresa.,0
2491,The family booked a cruise to visit the Caribbean islands.,5,La familia reservó un crucero para visitar las islas del Caribe.,5
2492,"The university charged $10,000 per year in tuition.",8,"La universidad cobró un monto de $10,000 aláño en matría.",0
2493,The article on climate change was published in last month's edition.,2,El artículo sobre el cambio climático se publicó en la última edición del mes pasado.,2
2494,The shelter provided housing for the homeless people in need.,7,El refugio brindó alimento y refugio para las personas sin hogar.,0
2495,The talented producer brought out the best in her team.,3,El productor talentoso sacó la mejor parte de su equipo.,2
2496,The company granted its employees a privilege of working from home one day a week.,7,La empresa otorgó su personal un privilegio de trabajar desde casa uno × semanal.,7
2497,The affordable housing complex provided a safe place for low-income families.,2,El complejo de vivienda asequible proporcionó un lugar seguro para las familias de ingresos bajos.,5
2498,The teacher demonstrated the new math formula to the students.,0,El profesor demostró la nueva fórmula matemática a los estudiantes.,0
2499,The prosecution presented its final argument to the jury before delivering a guilty verdict.,2,La fiscalía presentó su último argumento ante el jurado antes de entregar una sentencia de culpa,2
2500,"She let out a loud sigh and said ugh, I'm so tired.",9,"Ella emitió un sonido fuerte de suspiro y dijo ugh, estoy tan cansada.",0
2501,The security team will scan the perimeter of the building for any suspicious activity.,5,El equipo de seguridad revisará el perímetro del edificio para detectar cualquier actividad sospechosa.,0
2502,The elite athlete won gold in her first major competition.,2,La atleta delélite ganó el oro en su primera gran competencia.,0
2503,She playfully hit her friend's ass.,6,Ella juguetonamente golpeó el culo de su amiga.,5
2504,She placed a lamp on the nightstand.,4,Ella coloco una lámpara en la mesita de noche.,4
2505,The romance between the two actors blossomed into a long-lasting relationship.,2,El romance entre los dos actores floreció en una larga y duradera relación.,2
2506,The memorial in the park was dedicated to the soldiers who died in World War I.,2,El memorial en el parque estuvo dedicado a los soldados que murieron en la Primera Guerra Mundial.,2
2507,The invention of the light bulb revolutionized urban life.,2,La invención de la bombilla revolucionó la vida urbana.,2
2508,The electoral system was criticized for being too biased.,2,El sistema electoral fue criticado por ser demasiado sesgado.,3
2509,"The fireworks display was phenomenal, filling the entire sky with colorful lights.",5,"El espectacular del fuego artifcial fue fenomenal, llenando el cielo con luces coloridas de arriba a abajo.",7
2510,The poet's words were a reflection of her soulful emotions.,0,Las palabras del poeta reflejaban sus emociones profundas y apasionadas.,4
2511,The stray bitch was rummaging through the trash cans.,3,La perra gorda recogía basura en los contenedores,2
2512,The dentist examined her child's tooth to check for any signs of decay.,6,El dentista examinó el diente de su hijo para verificar cualquier signo de caries.,5
2513,The pirate sailed the Caribbean in search of treasure.,2,El pirata navegó en el Caribe a la búsqueda del tesoro.,2
2514,"After listening to all the evidence, the jury reached a verdict.",11,"Después de escuchar toda la evidencia, el jurado llegó a un veredicto.",12
2515,the random number generator produced a surprisingly accurate result.,2,el generador de números aleatorios produjo un resultado sorprendentemente preciso.,0
2516,She squeezed the juice of a fresh lime into her drink.,8,Ella exprimio la jugosidad de una lima fresca en su bebida.,7
2517,The scientist spent years studying the effects of climate change.,2,El científico pasó años estudiando los efectos del cambio climático.,2
2518,The company reached a resolution with its employees after months of negotiations.,5,La empresa llegó a una resolución con sus empleados después de meses de negociaciones.,6
2519,The waiter placed the lobster on my plate with a smile.,5,El camarero colocó el bogavante en mi plato con una sonrisa.,5
2520,The current edition of the book has been revised to include new research.,3,La edición actual del libro ha sido revisada para incluir nuevas investigaciones.,2
2521,The dreadful weather made it impossible to enjoy the outdoors.,2,El tiempo espantoso hizo imposible disfrutar al aire libre.,3
2522,The prisoner was released after serving his sentence.,2,El prisionero fue liberado después de cumplir su sentencia.,2
2523,The company's consistent quality has earned it a loyal customer base.,3,La calidad consistente de la empresa ha ganado una clientela leal.,3
2524,The relevant data was used to inform the decision.,2,El datos relevantes se utilizaron para informar la decisión.,0
2525,The African continent is home to many diverse cultures and ecosystems.,3,El continente africano es hogar de muchas culturas y ecosistemas diversas.,2
2526,The cowboy cracked his whip to signal the start of the rodeo.,5,El vaquero golpeó su látigo para señalar el inicio del rodeo.,5
2527,She carried a handful of supplies for the hike.,4,Ella llevaba un puñado de suministros para el trekking.,4
2528,She added shredded coconut to her famous piá palm salad.,4,Ella agregó coco rallado a su famosa ensalada de piñ palma.,3
2529,She loved the crunch of the fresh carrots in her salad.,4,Ella amaba el crujido de las zanahorias frescas en su ensalada.,4
2530,The pilot had to navigate through thick fog while flying at night.,8,El piloto tuvo que navegar a través de una niebla espesa mientras volaba por la noche.,10
2531,The spinning top spun rapidly on the floor.,2,La bala giratoria volaba rápidamente por el aire.,0
2532,The two parties will need to negotiate the price of the goods before they can finalize the sale.,7,Las dos partes necesitarán negociar el precio de las mercancías antes de que puedan finalizar la venta.,5
2533,The water will boil if you heat it too much.,4,El agua hervirá si la calientas demasiado.,0
2534,Her tense expression made her seem nervous and on edge.,2,Su expresion tenso la hizo parecer nerviosa y ansiosa.,3
2535,"After buying tickets, she joined the queue for the concert.",7,"Después de comprar boletos, se unió a la cola del concierto.",9
2536,She offered the company an apology after the data breach.,6,Le ofreció la empresa una disculpa después delbrecha de datos.,6
2537,The museum will restore the damaged artwork to its former glory.,4,El museo restaurá el arte dañado a su gloria original.,0
2538,The movie was an entertaining film with a unique storyline.,5,La película fue una producción entretenida con un guion único.,0
2539,She added her signature to the contract.,4,Ella agregó su firma al contrato.,4
2540,She stubbed her toe on the edge of the table.,4,Ella chocó con el dedo del pie contra la esquina de la mesa.,0
2541,She peeled the carrot and chopped it into sticks for her salad.,4,Ella peló la zanahoria y cortó las tiras para su ensalada.,4
2542,She took a moment to say a quiet prayer before bed.,9,Ella se tomó un momento para decir una oración tranquila antes de acostarse.,9
2543,The company will promote its new product at the upcoming trade show.,4,La empresa promocionará su nuevo producto en la feria comercial que se celebrará pronto.,0
2544,The crowd began to smash the TV screen in anger.,5,La multitud comenzó a romper la pantalla de televisión en furia.,5
2545,The cannons on the warship were firing at the enemy's fleet.,0,Los cañones del buque de guerra estaban disparando contra la flota enemiga.,0
2546,She is known for her excellent conduct on the team.,7,Ella es conocida por su excelente conducto en el equipo.,0
2547,She added a dash of vinegar to the salad dressing.,6,Ella agregó un toque de vinagre a la salsa.,6
2548,Her sudden behavior raised my suspicion that she was hiding something.,6,Su comportamiento repentino me hizo sospechar que estaba escondiendo algo.,0
2549,The minority party was elected to govern the city.,2,La minoría del partido fue elegida para gobernar la ciudad.,2
2550,She had to rub the sore muscle to relieve the pain.,4,Tiene que frotar el músculo doliente para aliviar el dolor.,3
2551,The soldier loaded the rifle with a single bullet.,9,El soldado cargó el rifle con una sola bala.,9
2552,The cyclist wore a helmet while riding her bike through the city.,5,La ciclista llevaba casco mientras montaba su bicicleta por la ciudad.,4
2553,She recalled the details of her childhood vacation.,0,Ella recordó los detalles de su vacación infantil.,0
2554,The local government invested heavily in promoting tourism to boost the economy.,8,El gobierno local invirtio mucho en promocionar el turismo para impulsar la economia.,9
2555,She saved the file to her computer before leaving the office.,4,Ella guardó el archivo en su computadora antes de salir del despacho.,4
2556,The loss of her mother filled her with grief for years to come.,9,La pérdida de su madre llaño con dolor durante anos,8
2557,The circus was a thrilling experience that I will never forget.,2,El circo fue una experiencia emocionante que nunca olvidaré.,2
2558,The student had to complete the sequence of math problems before taking the test.,7,El estudiante debió completar la secuencia de problemas matemáticos antes de tomar el examen.,6
2559,She became conscious of her surroundings when she woke up in the dark room.,3,Se hizo consciente de sus alrededores cuando despertó en la habitación oscura.,3
2560,The architect of the new skyscraper was awarded the prestigious award.,2,El arquitecto del nuevo rascacielos fue galardonado con el prestigioso premio.,2
2561,I couldn't believe I was talking to a stranger in my own country,9,Pensé que no podía creer estáb hablando con un extraño en mi propio paísculo,10
2562,She dreamed of finding her own personal paradise on a tropical island,8,Ella soñaba con encontrar su propio paraíso en una isla tropical,7
2563,The company hired a team for maintenance over the weekend.,7,La empresa contrató un equipo para realizar mantenimiento durante el fin de semana.,8
2564,She spent the weekend painting her loft with vibrant colors.,7,Ella pasó el fin de semana pintando su loft con colores vibrantes.,0
2565,"She's been feeling lazy all week, so she's taking it easy.",4,"Ella ha estado sintiendo perezosa toda la semana, así que está tomando las cosas con calma.",0
2566,The programmer found a bug in the code and fixed it.,5,El programador encontró un bicho en el código y lo corrigió.,5
2567,The gardener carefully buried the dead flower in the garden.,0,El jardinero se encargó de enterrar la flor muerta en el jardín.,6
2568,"The doll sat on the shelf, looking adorable.",2,"La muñeca se sentó en la estantería, mirando muy adorável.",2
2569,She used a hammer as a tool to drive the nails.,7,Ella utilizó una martilla como herramienta para empujar los clavos.,6
2570,The script was reviewed by several critics before its release.,2,El guion fue revisado por varios críticos antes de su estreno.,2
2571,"At the singles bar, we met someone special.",3,"En el salón de solteros, nos encontramos con alguien especial.",5
2572,The globe spun rapidly around its axis before landing safely on the table.,2,El globo giraba rapidamente en su eje antes de aterrizar de manera segura sobre la mesa.,2
2573,The quality of the water sample was checked for purity.,6,La calidad del muestreo de agua fue revisada por su pureza.,0
2574,The university requires a certificate of completion before allowing students to graduate.,5,La universidad requiere un certificado de conclusión antes de permitir que los estudiantes egresen.,5
2575,The devastating effects of climate change led to widespread destruction across the region.,10,Los efectos devastadores del cambio climático llevaron a la destrucción extensiva en todo el región.,10
2576,The museum curator was a keen collector of rare artifacts.,7,El curador del museo era un entusiasta coleccionista de artefactos raros.,8
2577,The owl perched quietly in the tree.,2,El bóho se sentó en silencio en el árbol.,0
2578,The new employee made her first entry into the company.,7,La nueva empleada hizo su primera entrada en la empresa.,7
2579,The record company increased the volume on her vocals to enhance the sound.,6,La discográfica aumentó el volumen de sus vocales para mejorar el sonido.,5
2580,She negotiated a significant raise to match her salary with that of her colleague.,9,Ella negoció un aumento significativo para coincidir con sus salarios con la de su colega.,0
2581,The hotel was suitable for our family vacation.,4,El hotel era adecuado para nuestra vacación familiar.,4
2582,The farmers were busy with planting in the spring season.,6,Los agricultores estaban ocupados con la plantación en la temporada primaveral.,7
2583,She felt very happy when she saw her relative who was visiting from out of town.,9,Se sent muy feliz al ver su relación quien estaba visitando de fuera de ciudad.,0
2584,The lorry driver had to navigate through heavy traffic.,2,El camionista tuvñ que navegar por el tráfico pesado.,0
2585,The students will attend the class tomorrow.,4,Los estudiantes asistirán a la clase mañana.,0
2586,The company will involve all stakeholders in the decision-making process.,4,La empresa involucrará a todos los stakeholdes en el proceso de toma de decisiones.,0
2587,The company will monitor the production line to ensure quality,4,La empresa supervisará la línea de producción para asegurarse de la calidad,0
2588,She loves diving in the crystal-clear waters of her favorite beach,3,Ella se gusta hacer buceo en las aguas cristalinas de su playa favorita,5
2589,I love adding crunchy cabbage to my coleslaw recipe.,5,Me encanta agregar repollo crujiente a mi receta de ensalada de col.,4
2590,The chef added a dash of mustard to the hot dog for extra flavor.,7,El chef agregó un poco de mostaza al perro calientes para darle más sabor.,7
2591,The chef's excellent preparation of the dish earned her a Michelin star.,4,La excelente preparación del plato por la chefs le valió una estrella Michelin.,3
2592,The mysterious noise in the attic kept everyone awake all night,2,El ruido misterioso en el ático nos mantenía despiertos toda la noche,3
2593,I wiped the sweat from my forehead to cool down,4,Limpie con una servilleta el sudor de mi frente para enfriarme,6
2594,The country signed a treaty with its neighboring nation to end the conflict.,5,El pais firmo un tratado con su proximo pais para acabar la conflicto.,5
2595,She made a request to the manager to consider her application.,4,Ella hizo una solicitud al gerente para que lo considerara.,4
2596,The company took a strategic approach to its marketing campaign.,5,La empresa tomó un enfoque estratégico en su campaña de marketing.,6
2597,The exclusive membership to the club was only granted to its founding members.,2,El miembro exclusivo del club solo fue concedido a los fundadores.,3
2598,The crowd went wild when the rock star became a freak and started playing the drums.,11,El público se puso loco cuando el cantante de rock se convirtió en un fenómeno y comenzó a tocar la batería.,15
2599,The committee will refer the complaint to a higher authority.,4,El comité referirá la queja a una autoridad superior.,0
2600,The bicycle tire was made of good quality rubber.,9,La banda del bicicleta estaba hecha de buena calidad goma.,10
2601,The colorful caravan made its way through the desert town,3,La caravana colorida se fue por el pueblo del desierto,2
2602,She picked up the twenty-five cents from the parking meter.,0,Ella puso los veinticinco centavos en la estafeta del aparcamiento.,0
2603,The mouse clicked on the icon.,0,El ratón hicció clic en la icona.,4
2604,The news of the natural disaster sent chills of terror down my spine.,10,Las noticias sobre el desastre natural me llenaron de terror la espalda.,10
2605,The user has to define a function before it can be called.,7,El usuario tiene que definir una función antes de poder llamarla.,7
2606,She filed a complaint with the hotel management about the noisy room.,4,Ella presentó una queja con la gerencia del hotel sobre el ruido de la habitación.,4
2607,She felt fortunate to have won the lottery.,3,Ella se sintió afortunada de haber ganado la lotería.,0
2608,The terrorist attack on the city was met with widespread outrage and condemnation,0,El ataque terrorista a la ciudad fue condenado por generalizado,0
2609,"The judge handed down the sentence, which included several years of punishment.",12,"El juez handed down la sentencia, que incluº varios años de castigo.",12
2610,She has been campaigning tirelessly for better education facilities.,4,Ha estado luchando incansablemente por mejores instalaciones educativas.,0
2611,The ma'am at the front desk was very helpful with my registration.,0,La señora de la consular en la recepción fue muy amable con mi registro.,2
2612,"After a week at the beach, her tan was starting to fade.",8,"Después de una semana en la playa, su bronceado comenzaba a desvanecerse.",9
2613,The craftsman spent years honing his craft.,7,El artesano pasó años perfeccionando su artesanía.,7
2614,The new employee was chosen as the replacement for the retiring manager.,8,El empleado nuevo fue elegido como reemplazo del gerente jubilado.,7
2615,I recommend trying a new restaurant in town.,2,Te recomiendo probar un restaurante nuevo en la ciudad.,0
2616,The weight of his responsibilities was a great burden on him.,9,El peso de sus responsabilidades era una gran carga sobre el.,9
2617,The chapel at the university campus was a peaceful oasis.,2,La capilla en el campus universitario era un refugio pacífico.,2
2618,The whiskey barrel had been aged for ten years to give it a rich flavor.,3,El barril de ron había sido envejecido durante diez años para darle un sabor rico.,2
2619,Please fill the jug with water before drinking.,4,"Por favor, llenar la jarra con agua antes de beber.",5
2620,She added a can of baked beans to the stew.,0,Ella agregó una lata de frijoles cocidos al estofado.,0
2621,The ivory statue was crafted with great care to showcase its smooth texture.,2,La estatua de marfil fue tejida con gran cuidado para mostrar su textura suave.,4
2622,She intends to travel around the world someday.,0,Ella tiene la intención de viajar por todo el mundo algún día.,0
2623,She has a quirky sense of style that often draws attention.,4,Ella tiene un sentido de estilo peculiar que a menudo llama la atención.,7
2624,The scientist's discovery sparked uncertainty among her colleagues.,5,La descubierta del científico generó incertidumbre entre sus colegas.,6
2625,She likes to complain about the traffic on her daily commute.,4,Ella se queja del tráfico en su viaje diario.,0
2626,The manager provided an explanation for the delay in the project.,5,El gerente proporcionó una explicación para la retraso en el proyecto.,5
2627,The security guard wore a badge on his lapel.,6,El guardia de seguridad llevaba una insignia en el botón del cuello.,7
2628,The tender moments with my grandparents are etched in my memory forever.,2,Los momentos tiernos con mis abuelos están grabados en mi memoria para siempre.,0
2629,She carefully measured the ingredients to achieve precise results.,8,Mide con cuidado las ingredientes para obtener resultados precisos.,0
2630,The farmer added fresh hay to the horse's stall.,5,El granjero añadió heno fresco en el establo del caballo.,4
2631,The sore throat made it difficult to swallow.,2,El cuello dolorido me hizo difícil tragar.,3
2632,The old woman was rumored to be a powerful witch.,10,La vieja se dice que era una bruja poderosa.,8
2633,She has shown great patience with her young students who are still learning the language.,5,Ella ha demostrado gran paciencia con sus estudiantes jóvenes que aún están aprendiendo el idioma.,5
2634,Her courage and determination were the key to her resistance against the oppressive government.,10,Su coraje y determinación fueron las claves de su resistencia ante el gobierno opresivo.,10
2635,The haunted house was a frightening sight to behold.,6,La casa embrujada fue un espectáculo aterrador de ver.,7
2636,She needs to screw the bottom panel into place.,4,Necesita tornar el panel inferior en su lugar.,0
2637,The judge had to decide which of the two parties was right in the dispute over the property.,15,La jueza tuvo que decidir cuál de las dos partes tenía razón en el conflicto por la propiedad.,0
2638,She had an instant craving for ice cream.,4,Ella tuvo un deseo instantáneo por helado.,5
2639,"The patient was diagnosed with tuberculosis, an infection that can spread through the air.",8,"El paciente fue diagnosticado con tuberculosis, una infección que se puede transmitir a través del aire.",8
2640,The museum's collection includes a beautiful sculpture by Michelangelo.,7,La colección del museo incluye una hermosa escultura de Miguel Ángel.,8
2641,The corruption in the government led to widespread public discontent.,2,La corrupción en el gobierno generñ la descontento público extendido.,2
2642,She felt a deep sense of sympathy for the couple who lost their child.,7,Ella sintió una profunda sensación de simpatía por la pareja que perdió su hijo.,7
2643,She flipped the coin to decide who would go first.,4,Ella lanzó la moneda para decidir quién iba a ir primero.,4
2644,"She has a lean physique, perfect for yoga",4,Ella tiene un cuerpo magro ideal para yoga,5
2645,The chef grilled the steak to perfection for the dinner party.,5,El chef asó el filete al punto perfecto para la cena.,5
2646,"The wine has matured over the years, developing a rich flavor.",0,"El vino ha madurado con los años, desarrollando un sabor rico y complejo.",0
2647,The navy's fleet was tasked with patrolling the coastlines around the world.,3,La flota del ejército naval fue asignada a patrolar las costas en todo el mundo.,2
2648,The teacher asked the students to divide the class into two groups.,7,El profesor pidió a los estudiantes que dividieran la clase en dos grupos.,0
2649,"Through her childhood, she cherished the friendship she had with her neighbor.",7,"Atravás su infancia, ella valoró la amistad que tenía con su vecino.",7
2650,She had to adjust her schedule to accommodate the unexpected delay.,6,Tenía que ajustar su horario para cumplir con la retraso inesperado.,5
2651,I called my pal to see how he was doing.,4,Llame a mi amigo para ver cómo estaba.,4
2652,The cool breeze gave him a great chill.,8,El viento fresco le dio un gran frío.,8
2653,She pulled out a fiver to pay for the coffee.,5,Ella sacó un billete de cinco para pagar el café.,0
2654,The violinist's skill at the treble helped to enhance the music.,6,La habilidad del violista en el tenor ayudó a mejorar la música.,0
2655,She waited by the door to ensure everyone exited safely.,0,Ella esperaba en la puerta para asegurarse de que todos salieran de manera segura.,0
2656,Her salary depends on her performance this year.,0,Su salario depende de su desempeño este año.,0
2657,Her smile lit up the room with her emotion.,9,Su sonrisa iluminó la habitación con su emoción.,8
2658,"The town was hit by flooding during the storm, causing widespread damage.",6,"La ciudad sufrió inundaciones durante la tormenta, causando daños extensos.",0
2659,She needs to cultivate her concentration to meet the tight deadline.,6,Ella necesita cultivar su concentración para cumplir con la plazo apretado.,5
2660,The university is a leading institution in the field of renewable energy.,6,La universidad es una institución líder en el campo de la energía renovable.,5
2661,"The frog sat on a lily pad, its little eyes blinking slowly.",2,"La rana sentada en una hoja de loto, los ojos pequeños moviéndose lentamente.",2
2662,The company will assure its customers that the product is safe and reliable.,4,La empresa asegurará a sus clientes que el producto es seguro y confiable.,0
2663,The butcher carefully wrapped the steaks for our dinner.,2,El carnicero cubrió cuidadosamente las carnes para nuestra cena.,2
2664,The digital age has transformed the way we communicate with each other.,2,La era digital ha transformado la manera en que nos comunicamos entre nosotros.,3
2665,The company hired a consultant to review their financial reports.,5,La empresa contrató un consultor para revisar sus informes financieros.,5
2666,The fireworks display was splendid on the fourth of July.,5,La presentacion de cohetes fue espléndida el cuarto de julio.,0
2667,Her glamorous outfit caught everyone's attention on the red carpet.,2,Su vestido de gala llamativo atrajo la atención de todos en el rojo tapiz.,0
2668,"The fresh apple was incredibly crisp, making it perfect for snacking.",6,"El manzano fresco era increiblemente crujiente, lo que lo hacía ideal para el aperitivo.",6
2669,The child began to scream in terror when she saw the spider,5,El niño comenzó a gritar de miedo cuando vio la arácua,5
2670,She is going to see her favorite rock band on their upcoming gig.,13,Va a ver su banda favorita en el concierto que van a dar,9
2671,The fire was a fierce flame that licked the dry wood.,6,El fuego era una llama furiosa que sechaba el madero seco.,5
2672,She kneaded the dough for hours.,4,Ella amasó la masa durante horas.,4
2673,The sink's drain needed to be cleaned regularly to function properly.,3,El desagüe del fregadero necesitaba limpiar regularmente para funcionar correctamente.,2
2674,The lumber was made from sturdy timber to support the heavy roof.,7,"El tablas estaban hechas de madera sólida, apoyando el pesado techo.",6
2675,She believed in fairness and fought for the rights of marginalized communities.,4,Ella creía en la justicia y luchaba por los derechos de las comunidades marginadas,5
2676,She volunteered at the local food bank.,0,Ella voluntarió en la biblioteca comunitaria.,0
2677,The geostationary satellite in orbit around the Earth receives signals from satellites on other planets.,3,El satélite geoestacionario en órbita alrededor de la Tierra recibe señales de satélites en otros planetas.,2
2678,The bear was hairy and had to be groomed regularly.,4,La osa era peluda y tenía que ser afeitada periódicamente.,0
2679,She caught a glimpse of her childhood home from the distance.,4,Ella logró un vistazo de su hogar infantil desde la distancia.,4
2680,The morning air was chilly as I walked outside.,5,El aire de la mañana era frío mientras salía a caminar.,7
2681,Her struggles with depression had a profound impact on her relationships and daily life.,4,Sus luchas con depresión tuvieron un profundo impacto en sus relaciones y vida diaria.,4
2682,"The tree was bare in the winter, its branches exposed to the cold wind.",4,"El trão est« desnudo en el invierno, sus ramas expuestas al viento frío.",4
2683,The mining company has been operating for over 20 years.,2,La empresa de minería ha estado operando durante más de 20 años.,4
2684,The government's economic policies have a significant impact on the overall well-being of its citizens.,0,Las políticas económicas del gobierno tienen un impacto significativo en el bienestar general de sus ciudadanos.,0
2685,The considerable effort required for the project paid off in the end.,2,El esfuerzo considerable necesario para el proyecto se pagó al final.,3
2686,The detective examined the skull for any signs of trauma.,5,La detetivista examinó el cráneo para cualquier signo de traumática.,5
2687,"Dude, can you pass me that book?",1,"Tipo, pásamame ese libro.",1
2688,She carefully folded the paper to create a perfect triangle.,0,Ella dobla el papel para crear una perfección triángulo,0
2689,The crowd cheered as the wrestlers entered the arena.,9,El público aplaudió cuando los luchadores entraron en el arena.,10
2690,She gave him a playful slap on the arse.,9,Ella le dio un golpe juguetón en las nalgas.,0
2691,The doctor put on her mask before entering the infected room.,6,El médico puso su máscara antes de entrar en la habitación infectada.,5
2692,The manager warned the employee about the upcoming deadline.,0,El gerente advirtó al empleado sobre la plazo que se acerca,0
2693,The damp basement was home to a mould that had begun to grow on the walls.,8,La habitación del sótano estaba llena de moho que comenzó a crecer en las paredes.,8
2694,She has a habit of exercising every morning.,4,Ella tiene un hábito de hacer ejercicio todos los días.,0
2695,The mountain was a formidable barrier between the two cities.,6,La montaña era una barrera formidable entre las dos ciudades.,5
2696,"The fireworks exploded in the sky, filling her with delight.",10,"Los fuegos artificiales explotaron en el cielo, llenándola con deleite.",10
2697,The terrorist attack on the city was widely condemned by world leaders.,2,El ataque del terrorista en la ciudad fue ampliamente condenado por líderes mundiales.,4
2698,The company's damaging reputation made it difficult to attract investors.,3,La reputación dañina de la compañía hizo que fuera difícil atraer inversionistas.,0
2699,The lecture was dull and I fell asleep during the presentation.,4,La conferencia fue aburrida y me quedé dormido durante la presentación.,0
2700,She values her privacy and prefers not to share personal details on social media.,4,Ella aprecia su privacidad y prefiere no compartir detalles personales en las redes sociales.,4
2701,The company will hire a new employee next month.,4,La empresa contratará a un nuevo empleado el próximo mes.,0
2702,The spoiled milk was gross and had to be thrown away.,5,La leche podida era bruta y tuvo que tirarse,0
2703,The family packed a picnic lunch for their trip to the park.,5,La familia preparó un almuerzo de picnic para su viaje al parque.,7
2704,The rotten fruit was thrown away by the gardener.,2,La fruta podrida fue tirada por el jardinería.,0
2705,The appalling condition of the abandoned house was a major concern for the safety inspector.,2,La espantosa situación del piso abandonado era una gran preocupación para el inspectores de seguridad.,0
2706,She is a worthy opponent in the chess tournament.,4,Ella es un oponente digno en el torneo de ajedrez.,5
2707,The company was more than happy to lend him the tools he needed.,0,La empresa estuvo encantada de prestárselle los herramientas que necesitaba.,0
2708,The bear's thick fur kept it warm,4,El pelo espeso del oso mantuvo su calor,0
2709,The zookeeper carefully cleaned the cage where the lion was being held,6,El cuidador del zoológico limpió cuidadosamente la jaula donde el león estaba siendo mantenido,8
2710,"She tried to flip the coin, but it landed on its edge.",4,"Ella intentó voltear la moneda, pero cayó en su borde.",3
2711,The priest listened attentively to the congregation's prayers.,2,El sacerdote escuchó asiduamente las oraciones del pueblo.,2
2712,"She made the ultimate sacrifice for her country, laying down her life to protect its people.",5,"Ella hizo el último sacrificio por su país, poniendo su vida en riesgo para proteger a sus ciudadanos.",5
2713,Her hard work earned her the recognition she deserved,7,Su duro trabajo le mereció el reconocimiento que merecía,7
2714,The pigeons roosted on the windowsill at sunset,0,Las palomas se descansaban sobre la ventana del atardecer,0
2715,The painter carefully blended the colors to achieve a smooth finish.,2,El pintor mezcló cuidadosamente los colores para lograr un acabado suave.,2
2716,"According to the economist, the company will predict a significant revenue growth next year.",8,"Según la economista, la compañía predecirá una crecimiento significativo de las ganancias al año siguiente.",0
2717,"The cake was moist and delicious, and I let out a loud yum.",13,"El pastel estaba húmedo y delicioso, e hice un ruido fuerte de ñam.",13
2718,I paid with my tenner to buy the concert tickets,5,Pago con mi billete de diez para comprar entradas al concierto,0
2719,The hotel's rooftop terrace offered stunning views of the city,4,La azotea del hotel ofrecía vistas espectaculares de la ciudad,0
2720,"The alarm sounded, alerting everyone to evacuate the building.",0,"El timbre sonó, alertando a todos que evacuaran el edificio.",0
2721,The client was very satisfied with the new software.,2,El cliente estaba muy satisfecho con el nuevo software.,2
2722,The company's efforts to improve its products are an ongoing process.,10,Los esfuerzos de la empresa para mejorar sus productos son un proceso en curso,0
2723,The farmer's hard work during the harvest season paid off with a bountiful yield.,7,El trabajador duro durante la temporada de cosecha y obtuvo una gran cantidad de producción.,8
2724,The ancient temple stood at the heart of the city.,3,El antiguo templo se encontraba en el corazón de la ciudad.,3
2725,The invasion of Afghanistan was a major turning point in the war,2,La invasión de Afganistán fue un punto de inflexión crucial en la guerra,2
2726,The crowd was in a state of confusion after the announcement.,8,La multitud estaba en un estado de confusión después de la anunciaración.,8
2727,The documentary crew spent months following the family to capture their daily life.,2,La tripulación del documental pasó meses siguiendo a la familia para capturar su vida cotidiana.,4
2728,She called thee a cruel fate.,0,Llamóla una maldad cruel al tú,6
2729,The coach's foul language towards the referee was unacceptable.,3,La lengua del entrenador hacia el árbitro fue inaceptable.,0
2730,Her antics were a manifestation of the madness in his eyes.,8,Sus actos eran una manifestación de la locura en sus ojos,8
2731,She hailed a cab on the corner,4,Ella tomó un taxi en la esquina,4
2732,The farmer carefully walked among the grazing geese.,0,El agricultor caminaba cuidadosamente entre las aves ganso que pastaban.,8
2733,The perfume filled the entire room with its sweet scent.,10,El perfume llena la habitación con su dulce aroma.,9
2734,The planet's gravity pulled the spaceship down towards the surface.,3,La gravedad del planeta arrastró el espa÷ol hacia la superficie.,2
2735,The internet connects people all over the world,0,La red conecta a personas de todo el mundo,0
2736,The two nations formed an alliance to counter the growing threat of terrorism.,6,Las dos naciones formaron una alianza para contrarrestar la creciente amenaza del terrorismo.,6
2737,The company's proportion of profits was distributed equally among its shareholders.,3,La proporción de las ganancias de la empresa fue distribuida igualmente entre sus accionistas.,2
2738,The government is required to provide reasonable accommodations for individuals with disabilities.,0,El gobierno está obligado a proporcionar acuerdos razonables para personas con discapacidades.,0
2739,The farmer watched over the herd as they grazed in the field.,6,El pastor supervisaba la manada mientras pastaban en el campo.,5
2740,She carefully peeled the orange before juicing it,0,Ella se quitó cuidadosamente la piel del toro antes de exprimirlo,0
2741,The soldiers were trained to prepare for combat.,8,Los soldados estaban entrenados para prepararse para el combate.,9
2742,The company will communicate the changes to all employees via email.,4,La empresa comunicará las modificaciones a todos los empleados a través de correo electrónico.,0
2743,The kitty was sleeping on the couch.,2,El gatito se estaba durmiendo en el sofá.,2
2744,She scooped up the last cookie before he could get it.,0,Ella cuchara el último galleta antes de que pudiera tomarla.,0
2745,She carefully placed the book on the shelf.,8,Ella colocó cuidadosamente el libro sobre el estante.,8
2746,Her act of mercy gave her the opportunity to redeem herself.,4,Su acto de misericordia le dio la oportunidad de redimirse.,4
2747,The court will resolve the dispute between the two companies.,4,La corte resolverá el conflicto entre las dos empresas.,0
2748,The universal language is one that can be understood by everyone in the world.,2,El idioma universal es uno que puede ser entendido por todos en el mundo.,3
2749,She was a republican candidate in the presidential election.,4,Ella era candidata republicana en la elección presidencial.,0
2750,She refused to eat the spoiled food.,0,Ella se negó a comer la comida envenenada.,0
2751,"She couldn't find a sub at the store, so she went to her neighbor's place.",5,"No pudo encontrar un substituto en la tienda, así que fue al lugar de su vecino.",5
2752,The tart lemonade was a refreshing drink.,2,El refresco de limón tarta era un bebida refrescante.,5
2753,The scales will weigh her purse.,4,Las escaleras pesarán su bolso.,0
2754,The coastal town was known for its beautiful beaches and vibrant nightlife.,2,La ciudad costera era conocida por sus hermosas playas y su vida nocturna vibrante.,0
2755,It was inevitable that the company would go bankrupt given its financial situation.,3,Era inevitable que la empresa se quedaría en bancarrota dada su situación financiera.,2
2756,The diverse habitats of the Amazon rainforest support a vast array of flora and fauna.,0,Los diversos hábitats del bosque amazónico apoyan una amplia variedad de flora y fauna.,0
2757,"The vintage dress was a hit at the fashion show, with its intricate lace and delicate fabrics.",2,"El vestido de moda era una gran sucesión en la presentación, con sus intrincados encajes y telas delicadas.",0
2758,I like reading books besides watching movies,5,Me gusta leer libros además de ver películas,0
2759,"She gave the book to thee, her dear friend.",6,"Le dio el libro a ti, su querida amiga.",6
2760,The structural integrity of the bridge was compromised by the extreme weather conditions.,2,La integridad estructural del puente se vio comprometida por las condiciones climáticas extremas.,3
2761,The actors went through a thorough rehearsal before the play's opening night.,7,Los actores pasaron por una extenuante ensayo antes del primer noche de la obra.,7
2762,The children found the amusement park delightful.,7,Los niños encontraron el parque de diversiones encantador.,8
2763,Her engagement to the prince was a highly publicized affair.,2,Su compromiso con el príncipe fue una asamblea muy pública.,2
2764,She is an humble person who never seeks to draw attention to herself.,4,Ella es una persona humilde que nunca busca llamar la atención sobre sí misma.,5
2765,She put the kettle on the stove to make tea.,4,Ella puso la tetera en la estufa para hacer té.,4
2766,The famous statue of David is considered one of the greatest works of Renaissance art.,3,La famosa estatua de David se considera uno de los mejores trabajos del arte renacentista.,3
2767,The ferry will depart from the dock at 5pm today.,2,El ferry se partir£ de la mola en las 5 de la tarde hoy.,2
2768,The fashion industry has been following a strong trend towards sustainability.,9,La industria de la moda ha seguido una fuerte tendencia hacia sostenibilidad.,10
2769,The chef was eager to satisfy her appetite for the latest culinary trends.,8,La chef estaba ansiosa por saciar su apetito por las últimas tendencias culinarias.,8
2770,The algorithm will generate a unique password for the user.,4,El algoritmo generar un contraseña única para el usuario.,3
2771,The lead singer is also a skilled guitarist and musician.,10,El cantante de liderazgo es también una guitarra y un músico habilidoso.,11
2772,The artist's distinctive style made her paintings stand out in the gallery.,3,El estilo único de la artista hizo que sus pinturas se destacaran en la galería.,0
2773,The team launched a surprise raid on the enemy's headquarters.,6,El equipo lanzó un ataque sorpresa a la sede del enemigo.,0
2774,The bidder was very enthusiastic about the new product.,2,El licitador estaba muy entusiasmado con el nuevo producto.,2
2775,The chips were so crispy that they broke into pieces.,5,Los chips estaban tan crujientes que se fragmentaron en pedazos.,0
2776,The teacher will assess your progress at the end of the semester.,4,El profesor evaluará tu progreso al final del semestre.,0
2777,I have a weekly workout routine,4,Tengo un régimen de entrenamiento semanal,6
2778,The servant poured the tea into delicate china cups.,2,El sirviente vertió el té en copas de cerámica delicadas.,2
2779,She filed for divorce after discovering her husband's infidelity.,4,Ella presentó la petición de divorcio después de descubrir la infidelidad de su esposo.,6
2780,The stars were incredibly distant from our small town,5,Las estrellas fueron increiblemente distantes de nuestra pequeña ciudad,0
2781,She sought revenge against her boss for firing her without cause.,3,Ella buscaba venganza contra su jefe por despedirla sin causa.,3
2782,The artist's latest sculpture is a transformation of her former work,0,La última escultura del artista es una transformación de su trabajo anterior,0
2783,The company is investing heavily in tech to stay competitive in the market.,7,La empresa está invirtiendo grandes cantidades en tecnología para mantenerse competitiva en el mercado.,8
2784,"After marriage, it is common for couples to adopt each other's surnames.",0,"Después del matrimonio, es común para los parejas tomar cada uno de los nombres de apellido.",16
2785,The skilled surgeon carefully repaired the damaged artery.,3,El cirujano habilidoso reparó con cuidado el arterio dañado.,2
2786,"She kicked the ball with all her might, trying to kick out the lump in her stomach.",14,"Ella dio un golpe fuerte al balón con toda su fuerza, tratando de sacudir el bulto en su estómago.",16
2787,The animal let out a loud moo as it walked into the farm.,7,La anima sonó un fuerte mooo como caminaba hacia el granero.,0
2788,The golf course was designed to have a par of three.,9,El campo de golf fue diseñado para tener un par de tres.,10
2789,The mega store sold items for hundreds of dollars,2,La tienda mega vendérñ artículos por cientos de dólares,3
2790,"The acid in the battery was too strong, so they replaced it with a weaker one.",2,"El ácido en la batería era demasiado fuerte, así que lo reemplazaron con uno más débil.",2
2791,The jury reached a consensus on the verdict.,5,El jurado llegó a un consenso sobre el veredicto.,6
2792,The event planner will organise the conference to ensure everything runs smoothly.,5,El coordinador del evento se encargará de organizar la conferencia para asegurarse de que todo salga bien.,8
2793,She spent the evening dancing at the disco with her friends.,8,Ella pasó la noche bailando en el disco con sus amigos.,8
2794,The company plans to expand its operations globally.,5,La empresa planea ampliar sus operaciones a nivel mundial.,0
2795,The team celebrated their triumphant win with cheers and tears.,0,El equipo celebró su victoria triunfal con gritos y lágrimas.,0
2796,The composer's latest album has received critical acclaim worldwide.,0,El álbum más reciente del compositor ha recibido elogios críticos en todo el mundo.,6
2797,The hotel room was spacious enough for two people to relax.,5,La habitación del hotel era españa suficiente para dos personas relajarse.,0
2798,The artistic style of the painting was inspired by the Renaissance masters.,2,El estilo artístico de la pintura fue inspirado por los maestros del Renacimiento.,3
2799,The invisible planet was only seen through a special telescope.,2,El planeta invisible solo se vio con un telescopio especial.,3
2800,The charity organization provided assistance to the victims of the disaster.,5,La organización benéfica brindó asistencia a los víctimas del desastre.,5
2801,The professor provided an example definition of the key terms used in the class.,6,El profesor proporcionó un ejemplo de definición de los términos clave utilizados en la clase.,7
2802,The twins were inseparable as kids.,0,Los gemelos eran indistinguibles como niños.,0
2803,She prefers to have supper at home tonight.,5,Preferir a cenar en casa esta noche.,0
2804,The boxer was a fierce fighter in the ring.,6,El boxeador fue un luchador feroz en el ring.,5
2805,The company was found guilty of conning its investors out of millions.,0,"La empresa fue encontrada culpable de con los inversores, lo que le resultaron millones.",0
2806,She pinched her nose shut to hold back a sneeze.,0,Ella cerró el borde de su nariz con un pellizco para contener una tos,10
2807,The cop pulled over the speeding car.,2,El policía detuvo el coche que corría a alta velocidad.,2
2808,She carefully washed the delicate cloth before ironing it.,6,Ella lavó cuidadosamente el suave tela antes de plancharla.,6
2809,The mountain trail was steep and required great care to navigate.,5,El camino de la montaña era empinado y requería gran cuidado para navegar.,7
2810,The court's ruling was widely criticized for being unfair.,3,La decisión del tribunal fue ampliamente criticada por ser injusta.,2
2811,She trusted her instincts and decided to take the unconventional route.,0,Ella confió en su instinto y decidió tomar la ruta inusual.,5
2812,The company will present its new marketing scenario to the investors tomorrow.,8,La empresa presentará su nuevo escenario de marketing a los inversores mañana.,6
2813,The secondary school has a smaller student body than the primary school.,2,La escuela secundaria tiene un cuerpo de estudiantes más pequeño que la escuela primaria.,0
2814,The farmer had to wade through the muck to reach his crops.,8,El campesino tuvo que sumergirse en el estiércol para llegar a sus cultivos.,8
2815,Her frustration with the traffic jam turned into anger as she was running late for her meeting.,2,Su frustración con el congestión del tráfico se convirtió en ira mientras corría tarde para su reunión.,2
2816,The hikers stuffed their backpacks into the sack to carry their gear.,8,Los trepadores colgaron las mochilas en el saco para llevar su equipo.,8
2817,The construction team had to dump the debris into a nearby landfill.,6,El equipo de construcción tuvieron que arrojar los restos en un vertedero cercano.,12
2818,The boiler was left on all night to keep the water hot for the next day.,2,La caldera estaba encendida toda la noche para mantener el agua caliente para el día siguiente.,2
2819,"She complained that there was too much noise in the concert, an excess that ruined her experience.",13,"Ella quejó que había demasiado ruido en la concierto, un exceso que destruyó su experiencia.",11
2820,The young footballer ran incredibly fast around the field.,3,El joven futbolista corrió increíblemente rápido alrededor del campo.,3
2821,The academic was published in a prestigious journal.,2,La publicación académica fue publicada en un prestigioso revista.,0
2822,The chocolate began to melt in the warm sunshine.,5,El chocolate comenzó a derretir en el sol cálido.,5
2823,The painting showcased a visually stunning depiction of nature.,0,La pintura destacaba una representacin visual hermosa de la naturaleza.,6
2824,The farmer chose organic produce for its health benefits.,4,El agricultor eligió productos orgánicos por sus beneficios para la salud.,0
2825,The wealthy family hosted a grand banquet to celebrate their daughter's wedding.,7,La familia rica organizó un banquete grandioso para celebrar la boda de su hija.,6
2826,The neat little apartment was a perfect place to relax.,2,La pequeña apartamento ordenada era un lugar perfecto para relajarse.,0
2827,"The bartender expertly mixed a cocktail of gin, vodka, and juice to create the perfect drink for our party.",6,"El bartender mezcló con destreza un cóctel de ginebra, vodka y jugo para crear el bebida perfecta para nuestra fiesta.",7
2828,The doctor took the patient's temperature as an indication of their overall health.,9,El médico tomó la temperatura del paciente como indicación de su salud general.,9
2829,The young apprentice was eager to learn the intricacies of woodworking from his master.,3,El joven aprendiz est« en ansiosa por aprender los márgenes intrincados del tallado de madera desde su maestro.,3
2830,The sky turned bright red as a bolt of lightning illuminated the horizon.,10,El cielo se volvió rojo brillante cuando un destello de relámpago iluminaba el horizonte.,11
2831,The company had to make an arrangement with the supplier to deliver the goods on time.,7,La empresa tuvo que llegar a un acuerdo con el proveedor para entregar los bienes a tiempo.,0
2832,The bell rings out a merry rhyme.,7,La campana suena un melodioso rimas.,0
2833,The throne room was filled with nobles waiting to meet the monarch.,2,La sala del trono estaba llena de nobles esperando ver al monarca.,4
2834,She tightened the bolt to secure the door.,4,Ella apretó el perno para asegurar la puerta.,4
2835,"She is lactose intolerant, so she avoids eating dairy products.",9,"Ella es intolerante a la lactosa, por lo que evita comer productos lácteos.",0
2836,,0,,0
2837,"She grasped the cup with both hands, making it an excellent holder for the hot beverage.",12,"Ella agarró el vaso con las dos manos, convirtiéndolo en un excelente tenedor para la bebida caliente.",13
2838,The loss of her loved one filled her with misery.,10,La pérdida de su ser querido llena de miseria,9
2839,The war crimes of the enemy forces involved torture and human rights abuses.,9,Los crímenes de guerra enemigos implicaron tortura y abusos de derechos humanos.,0
2840,The joke was offensive to many in the audience.,4,El chiste fue ofensivo para muchos del público.,4
2841,The new investor's involvement in the startup was instrumental in securing funding.,4,La participación del nuevo inversor en la startups fue esencial para asegurar el acceso a fondos.,2
2842,She slapped her brother for teasing her.,0,Ella le dio bofetada por burlarla.,4
2843,The queen wore a gown made entirely of silk to the ball.,9,La reina llevaba una vestido entero de seda al baile.,8
2844,The kids loved playing in the dirt at the park.,7,Los nñitos amaban jugar en la suciedad del parque.,7
2845,She mashed the potatoes to make a side dish.,0,Ella machacó las patatas para hacer un plato de acompañamiento.,0
2846,The athletes were put under strain during the marathon.,6,Los atletas fueron puestos bajo tensión durante el maratón.,6
2847,Her imagination ran wild with fantasy and adventure,6,Su imaginación corría con fantasía y aventura,5
2848,The electrician specialized in residential lighting was called a master electrician.,6,El electricista especializado en iluminación residenzial era llamado maestro eléctrico.,5
2849,The company is undergoing a significant transition in its leadership structure.,7,La empresa está experimentando una transición significativa en su estructura de liderazgo.,6
2850,"The company's financial situation was pathetic, with no savings to fall back on.",6,"La situación financiera de la empresa era patética, con ninguna reserva a la que recurrir.",0
2851,She wiped the table after dinner to clear off the plates.,0,Ella se aseguró de que la mesa estuviera limpia después del almuerzo quitando las platos.,0
2852,Her decision was influenced by her years of consideration for the impact on the environment.,9,Su decisión fue influenciada por sus años de consideración del impacto en el medio ambiente.,9
2853,The hotel room was sufficient for our needs during the weekend.,5,La habitación del hotel fue suficiente para nuestras necesidades durante el fin de semana.,6
2854,The brutal conditions made it impossible to survive.,2,Las condiciones brutales hicieron imposible sobrevivir.,0
2855,The vase was fragile and had to be handled with care.,4,La vasija era frágil y tenía que manejarse con cuidado.,4
2856,The company is the largest establishment in its field.,6,La empresa es el establecimiento más grande de su campo.,5
2857,The museum's efforts to preserve the artwork have been highly successful.,5,Los esfuerzos del museo para preservar la obra de arte han sido muy exitosos.,0
2858,The exceptional service at the restaurant earned us a loyal customer.,2,El servicio excepcional en el restaurante nos hizo leales clientes.,3
2859,The patient was diagnosed with a fever that lasted for several days.,7,El paciente fue diagnosticado con una fiebre que duró varios días.,7
2860,She insisted that she had done nothing wrong.,0,Ella insistió que no había hecho nada malo.,0
2861,The gardener carefully selected a nut from the tree.,6,El jardinero seleccionó cuidadosamente una nuez del árbol.,6
2862,The company's financial chart showed a significant increase in profits over the past year.,4,El gráfico financiero de la compañía mostró un aumento significativo en las ganancias durante el último año.,2
2863,The old donkey in the field was very tired from working all day.,3,El viejo burro en el campo estaba muy cansado después de trabajar todo el día.,3
2864,"The city was famous for its natural attraction, the Grand Canyon.",8,"La ciudad era famosa por su gran atracción natural, el Gran Cañón.",8
2865,Her extensive expertise in AI made her a leading researcher in the industry.,3,Su amplia experiencia en Inteligencia Artificial la convirtió en una investigación líder en el sector.,0
2866,He always dreamed of becoming a millionaire so he could travel the world without worrying about money.,7,Siempre había soñado con convertirse en un millonario para poder viajar por el mundo sin preocuparse por el dinero.,8
2867,"The crowd was enthusiastic during the concert, cheering for their favorite band.",4,"La multitud estuvo entusiasta durante la presentación del concierto, aplaudiendo por su banda favorita.",4
2868,"I spent all day on that project, it was a complete crap.",12,"Pasé todo el día trabajando en ese proyecto, fue un completo porquería.",12
2869,The road led to a dashed line on the horizon.,0,La carretera se extendía hasta una línea guionada en el horizonte.,0
2870,The hikers began to pine for the summit.,5,Los montañistas empezaron a pino por la cima.,5
2871,The ice cream shop only had one flavor: pure vanilla.,10,La tienda de helado solo tenía una sola opción: pura vainilla.,11
2872,The photographer captured the beauty of the sunset.,2,El fotógrafo capturó la belleza del atardecer.,2
2873,She added sliced strawberries to her shortcake.,0,Ella agregó cortados fresas a su pastel cortado.,0
2874,The movie provided a detailed description of the characters' motivations.,6,La película proporcionó una descripción detallada de las motivaciones de los personajes.,5
2875,The organ in the church was beautifully maintained,2,El órgano en la iglesia estaba perfectamente mantenido,2
2876,The company decided to convert its operations to digital format.,5,La empresa decidió convertir sus operaciones a formato digital.,4
2877,"Her whole destiny was to become a famous artist, and she never let anyone tell her otherwise.",3,Su destino era convertirse en una famosa artista y nunca le permitieron a nadie decirle lo contrario.,2
2878,The Soviet Union played a crucial role in the Cold War.,2,El estado soviético jugó un papel crucial en la Guerra Fría.,3
2879,The company published a catalogue of its products online.,5,La empresa publicó un catálogo de sus productos en línea.,5
2880,The politician's scandal created a major controversy over her election campaign,7,El escándalo del político creó una gran controversia sobre su campaña de elecciones,8
2881,Her spiritual practices helped her find inner peace.,2,Las pr¬cticas espirituales de ella ayudaron a encontrar la paz interior.,0
2882,The electrical engineer designed a system to generate clean energy.,2,El ingeniero eléctrico diseñó un sistema para generar energía limpia.,3
2883,She plugged the phone into the wall outlet.,0,Ella enchufó el teléfono en la enchufe de la pared.,7
2884,The swan glided effortlessly across the lake.,2,El cisne glotó sin esfuerzo sobre el lago.,2
2885,Can you hand me my cooler from the garage?,6,Puedes darme mi enfriador del garaje.,4
2886,The fresh parsley added a burst of flavor to the salad.,3,El perejil fresco añadió un goteo de sabor al ensalado.,2
2887,The spicy food was too hot for my taste.,2,El alimento picante era demasiado caliente para mi gusto.,3
2888,The complex math problem was very confusing to solve.,7,El problema matemático complejo era muy confuso de resolver.,7
2889,The complex mechanism of the clock required precise calibration to keep accurate time.,3,El complejo mecanismo del reloj requería una calibración precisa para mantener el tiempo exacto.,3
2890,He been called a loser for not finishing the project on time.,5,Ha sido llamado perdedor por no terminar el proyecto a tiempo.,4
2891,The gardener used a spray to kill the weeds in the garden.,5,El jardinero usó un spray para matar las malezas en el jardín.,5
2892,The tree provided a cool shade under which we could sit.,6,La arbol brindaba una sombra fresca bajo la cual podiamos sentarnos.,5
2893,She's fond of old movies and spends most of her free time watching classics.,2,Ella tiene cariños por las viejas películas y pasa la mayor parte de su tiempo libre viendo clásicos.,0
2894,The gymnast's flexible body allowed her to twist and turn with ease.,3,El cuerpo del gimnasta flexible le permitió girar y doblarse con facilidad.,5
2895,The corporate headquarters is located in the financial district.,2,La sede corporativa se encuentra en el distrito financiero.,0
2896,"The museum had an impressive exhibit on dinosaurs, featuring a life-sized T-Rex skeleton.",0,"El museo tenía una impresionante exposición sobre dinosaurios, con un esqueleto de T-Rex de vida tamaño.",0
2897,The scientist analyzed the composition of the substance to understand its properties.,8,El científico analizó la composición de la sustancia para entender sus propiedades.,8
2898,Her introspective nature allowed her to have a deep reflection on her past experiences.,10,Su tendencia introspectiva le permitía tener una reflexión profunda sobre sus experiencias pasadas.,8
2899,The vampire was said to have risen from his grave at night to prey on unsuspecting travelers.,2,El vampiro estaba dicho que había resucitado desde su tumba por la noche para presas a viajeros incautables.,2
2900,The professor will examine the student's work before grading it.,4,El profesor examinará la tarea del estudiante antes de calificarla,0
2901,He had to trim his beard before going for a job interview,6,Tenía que pelar su barba antes de ir a una entrevista para trabajo,5
2902,The manager will advise the new employee on company policies.,4,El gerente asór± al empleado nuevo sobre las pòlizas de la empresa.,0
2903,She sharpened the pencil on her desk before starting to draw.,4,Ella afiló el lápiz sobre su escritorio antes de empezar a dibujar.,4
2904,The astronomer gazed through the telescope to observe a stunning supernova in the distant galaxy.,6,El astrónomo miró a través del telescopio para observar una supernova espectacular en la galaxia lejana.,7
2905,The fare for the taxi ride was higher than expected.,2,La tarifa para la cabina fui más alta de lo esperado.,2
2906,The baby loves to eat the sweet potato puree.,9,El bebé ama comer el puré de batata dulce.,6
2907,She pulled out her phone from the dresser drawer.,9,Ella sacó su teléfono desde el cajón del armario.,7
2908,The company will incur a significant expense for hiring new staff.,7,La empresa incurre en un gasto significativo por la contratación de personal nuevo.,6
2909,"He has always been a loyal employee, never taking time off for personal reasons.",6,"Siempre ha sido un empleado leal, nunca tomó el tiempo libre por razones personales.",6
2910,The dog wore a shiny new collar on its harness.,7,El perro llevaba una nueva cola brillante en su correa.,0
2911,The author finally decided to publish her novel after years of rejections.,6,El autor finalmente decidió publicar su novela después de años de rechazos,5
2912,She spoke about the importance of closure in her therapy sessions.,7,Habló sobre la importancia del cierre en sus sesiones terapéuticas.,6
2913,The royal carriage was a symbol of wealth and power during the 18th century.,3,El carruaje real era un simbolo del rico y el poder durante el siglo XVIII.,2
2914,She gave me a reply to my letter and said she would write back.,5,Me respondió con una carta y me dijo que escribiría de nuevo.,0
2915,The guinea pig is a popular pet.,2,El conejo de Guinea es un animal popular como mascota.,4
2916,The judge was given custody of the children after their parents' divorce.,5,El juez fue puesto bajo custodia de los niños después del divorcio de sus padres.,6
2917,She will determine whether to attend the concert or not.,3,Ella determinará si asistirá al concierto o no.,0
2918,The company's legitimate business practices were audited by the government.,3,Las prácticas comerciales legítimas de la empresa fueron revisadas por el gobierno.,0
2919,The grain of sand fell between her toes.,2,La partícula de arena cayó entre sus dedos.,0
2920,She worked with fabric to create a beautiful quilt,4,Trabajó con tela para crear un hermoso tapiz,3
2921,She wore a stylish outfit to the party.,4,Ella llevaba un conjunto de vestuario elegante al fiesta.,7
2922,"The artist presented her most recent sculpture, a work created for thy patron",12,"El artista presentó su ðrma más reciente, un trabajo creado para tu patrón",12
2923,She uses a fork to eat her salad.,4,Ella usa un tenedor para comer su ensalada.,4
2924,The gardener carefully dug around the badger's sett to avoid disturbing it.,0,El jardinero trabajó cuidadosamente alrededor del agujero del tejón para evitar molestarlo.,9
2925,The update will enable the new features on your phone.,4,La actualización permitirá las nuevas características de tu teléfono.,0
2926,The fierce lion roared loudly at its prey,2,El león feroz rugí ampliamente en su presa,3
2927,The circuit breaker was designed to prevent power surges.,2,El interruptor de circuito fue diseñado para prevenir sobretensiones de energía,4
2928,The monarch is the sovereign of this small nation.,5,El monarca es el soberano de este pequeño país.,5
2929,The hospital's facility was severely damaged during the storm.,3,La instalacion del hospital se vio severamente dañada durante la tormenta.,0
2930,The professor's commentary on the novel helped us understand its themes better.,3,El comentario del profesor sobre la novela nos ayudó a comprender sus temas mejor.,2
2931,The discovery of the significance of DNA led to major breakthroughs in genetics and medicine.,5,La descubierta del significado de la ADN llevó a importantes avances en genética y medicina.,4
2932,The lemonade was sour from sitting out all day.,4,El limón era agrio desde que se estño todo el día.,4
2933,He has a reputation for being a notorious liar.,9,Él tiene una reputación por ser un mentiroso notorio.,8
2934,She had an unexpected encounter with a stranger on the street.,5,Tenía un encuentro casual con una persona desconocida en la calle.,3
2935,The government will need to review the country's expenditure to ensure it is within budget.,9,El gobierno necesitará revisar el gasto del país para asegurarse de que esté dentro del presupuesto.,6
2936,The renowned historian spent years researching the ancient civilization.,3,El renombrado historiador pasó años investigando la antigua civilización.,3
2937,She has dedicated her life to her profession as a doctor.,8,Ella ha dedicado su vida a su profesión como médica.,8
2938,The young designer's fashionable clothing line was a huge success.,4,El joven diseñador de la línea de ropa de moda era un gran éxito,0
2939,She gave a warm introduction to the new employee.,5,Ella dio un encargo cálido para el nuevo empleado.,0
2940,She used her thumb to push the button.,4,Ella utilizó su pulgar para empujar el botón.,4
2941,The visitor was greeted with a warm welcome and a cold drink.,2,El visitante fue recibido con una acogida cálida y una bebida fría.,2
2942,The company will begin exporting goods next quarter.,0,La empresa comenzará a exportar bienes al próximo cuatrimestre.,0
2943,The chapter on the history of science was very interesting.,2,El capítulo sobre la historia de la ciencia fue muy interesante.,2
2944,The nurse's dedication to nursing was inspiring.,5,La dedicación del enfermero a la enfermería fue inspiradora.,7
2945,The striker's powerful shot hit the back of the net.,0,El delantero de la equipo anotó un gol,2
2946,The company's actions were unacceptable and led to a major financial loss.,5,Las acciones de la empresa fueron inaceptables y llevaron a una pérdida financiera significativa.,0
2947,The company's financial troubles were the result of a massive scam that involved embezzlement and tax evasion.,11,Las dificultades financieras de la compañía fueron el resultado de una estafa masiva que involucró el robo y evasión de impuestos,12
2948,The artist applied a thick layer of plaster to the canvas.,8,El artista aplicó una capa gruesa de escayola al lienzo.,8
2949,The old car was filled with junk and couldn't be fixed.,7,El viejo coche estaba lleno de chatarra y no podía ser reparado.,7
2950,She struggled to quit her vice of smoking every day.,6,Ella luchó por dejar su vicio de fumar todos los días.,6
2951,She admires the beautiful sunset on the beach.,0,Ella admira el hermoso atardecer en la playa.,0
2952,The furious driver was speeding down the highway.,2,El conductor furioso estaba conduciendo a toda velocidad por la carretera.,3
2953,She placed a pad under her desk to prevent it from squeaking.,4,Ella colocó una almohadilla debajo de su escritorio para evitar que se rascara.,4
2954,The bright beam of sunlight filtered through the trees.,3,El brilloso haz de luz del sol se filtra entre los árboles.,3
2955,She blew her nose into a tissue to cover up her runny nose.,7,Ella se estornudó con un tejido para cubrir su nariz sin parpadear.,6
2956,To get in shape is crucial for fitness and overall health.,8,Ser en forma es fundamental para la aptitud física y el bienestar general.,0
2957,She felt hopeful about her chances of getting the job.,3,Ella sintió esperanzada de que le saldría el trabajo.,0
2958,The team will contribute to the success of the project.,4,El equipo contribuirá al éxito del proyecto.,0
2959,The company's initiative to reduce waste has been successful and is now being replicated nationwide.,3,La iniciativa de la empresa para reducir residuos ha sido exitosa y ahora se está replicando en todo el país.,0
2960,"After waking up, she had to piss before starting her day.",7,"Después de despertar, ella tuvo que orinar antes de empezar su día.",0
2961,The experienced rider expertly navigated the challenging trail.,3,El experimentado jinete navegó expertamente por el difícil sendero.,3
2962,She retired from her job after 30 years of service.,0,Ella jubiló por su trabajo durante 30 años de servicio.,0
2963,"The patient's behavior was insane, and he needed professional help.",5,El comportamiento del paciente era demente y necesitaba ayuda profesional.,6
2964,She carefully placed the jam in a jar on the pantry shelf.,8,Ella colocó cuidadosamente el jamón en un frasco en la estantería de la panadería.,8
2965,The stiff material made the sculpture difficult to move.,2,El material rígido hizo que la escultura fuera difícil de mover.,3
2966,The trout swam swiftly through the crystal-clear waters.,2,La trucha nadó con rapidez a través del agua cristalina.,2
2967,The current monarch will reign for the next twenty years.,5,El monarca actual gobernará por los próximos veinte años.,0
2968,her essence as a person shone through in her compassionate manner,2,su esencia como persona se reflejó en su generosa actitud,2
2969,"As she stood at the edge of the cliff, she gazed out at the endless horizon.",16,"Mientras se encontraba en la orilla del acantilado, ella miraba hacia el horizonte infinito.",13
2970,"The cake was yummy, so I ate two slices.",4,"El pastel era delicioso, así que me comí dos rebanadas.",4
2971,She pursues her passion for music full-time.,0,Ella sigue su pasión por la música de tiempo completo.,0
2972,The prime minister's chief adviser was a renowned economist.,5,El primer ministro tiene como asesor principal a un economista renombrado.,6
2973,The defensive strategy was chosen to counter the opponent's strong offense.,2,La estrategia defensiva fue elegida para contrarrestar la fuerte ofensiva del rival.,0
2974,The clinical trial was a major breakthrough in cancer research.,2,La prueba clínica fue un gran avance en la investigación del cáncer.,0
2975,The hotel's corridors were lined with luxurious furniture and artwork.,0,Los pasillos del hotel estaban decorados con muebles lujosos y arte.,0
2976,There was a leak in the roof that caused water to damage the ceiling.,4,Hubo una fugua en el techo que causó agua dañar el techo.,0
2977,She bumped into him on the street.,0,Se chocó con él en la calle.,0
2978,The cake was topped with a generous helping of icing.,10,La tarta tenía una generosa cantidad de glaseado encima,8
2979,The ship was a wreck after the storm had passed through it,5,El barco estaba en naufragio después que pasara el tùrmago por mí,5
2980,The hunter was rewarded with a buck for his excellent tracking skills.,7,El cazador fue recompensado con un dólar por sus habilidades excelentes para rastrear.,7
2981,The cactus floated on the lake's surface.,0,El cactus flotá sobre la superficie del lago.,0
2982,"The fireworks exploded in the night sky, creating a visible display.",10,"Las fogatas estallaron en el cielo nocturno, creando una display visible.",11
2983,The solicitor reviewed our contract carefully before signing it.,2,El abogado revisó nuestro contrato con cuidado antes de firmarlo.,2
2984,The mechanic used a drill to make a hole in the metal plate.,5,El mecánico utilizó un taladro para hacer una aguja en la placa metálica.,5
2985,The triple scoop of ice cream was a sweet treat on a hot summer day.,2,El tazón de helado con tres capas era un dulce trato en un día caluroso de verano.,0
2986,"The baby let out a loud blah, startling the whole room.",7,El bebé continó un fuerte bla que sorprendió todo el salón.,6
2987,The chick ran around the farmyard with its siblings.,2,El pollito corrió con sus hermanitos en el gallinero.,2
2988,This is their car.,0,Esto es su coche.,0
2989,The car's automatic transmission made the drive very smooth.,3,El tránsito automático del coche hizo la conducción muy suave.,3
2990,The film critic made a comparison between the two main characters.,6,El crítico de cine hizo una comparación entre los dos personajes principales.,7
2991,Her argument was so convincing that she won over the entire team.,5,Su argumento fue tan convincente que ganó el equipo por completo.,5
2992,The family spent hours enjoying the warm sunlight in their backyard conservatory.,12,La familia pasó horas disfrutando del calor del sol en su jardín interna conservadorio.,0
2993,"The new bill was constitutional, and therefore protected from judicial review.",5,"La nueva propuesta era constitucional, y por lo tanto protegida de la revisión judicial.",5
2994,The detective was certain that the suspect was guilty.,0,El detective estaba seguro de que el sospechoso era culpable.,0
2995,She felt guilty for her past sin.,7,Ella se sintió culpable por su pasado pecado.,8
2996,The farmer collected the eggs from under the hen.,9,La granjera recogió las huevas bajo la gallina.,8
2997,The little girl loved to ride her pony through the fields.,8,La pequeõ girlita amaba montar su poni por los campos.,7
2998,The gardener carefully pruned the hedge to maintain its shape,6,El jardinero cortó el seto con cuidado para mantener su forma,5
2999,The principles of physics explain how the universe began.,4,Los principios de física explican cómo el universo comenzó.,4
3000,The experienced skipper navigated the vessel through the treacherous waters with ease.,3,El experimentado capitán navegó la barca con facilidad a través de las aguas peligrosas.,3
3001,The city plans to rebuild the old stadium with modern amenities.,5,La ciudad planea reconstruir el antiguo estadio con instalaciones modernas.,4
3002,The new resident was eager to explore the city and try all its restaurants.,3,El nuevo residente estaba ansioso por explorar la ciudad y probar todos sus restaurantes.,3
3003,The American ambassador met with the Chinese leaders to discuss trade agreements.,3,El embajador estadounidense se reunió con los líderes chinos para discutir acuerdos comerciales.,2
3004,"She was a cautious driver, always checking her mirrors before merging onto the highway.",4,"Ella era conductor cauteloso, siempre comprobando sus espejos antes de entrar en la carretera.",4
3005,The professor's theories were deemed daft by his peers.,6,Las teorías del profesor fueron consideradas tontas por sus colegas.,0
3006,The loud arguing created quite a fuss in the office.,7,El fuerte debate causó un gran alboroto en la oficina.,7
3007,The theft of the valuable necklace was discovered by the police.,2,Se descubrió el robo del precioso collar por parte de la policía.,4
3008,The government cracked down on the rebel leader,7,El gobierno se batió por el jefe del movimiento rebeldé,0
3009,The farmer harvested the wheat from the field.,5,El agricultor cosechó el trigo del campo.,5
3010,I had to cancel my trip due to bad weather.,4,Tuví que cancelar mi viaje debido a la mala calidad del clima.,3
3011,The artist's work was meant to inspire future generations of musicians.,7,El trabajo del artista estñ el para inspirar generaciones futuras de músicos.,8
3012,The company held a demonstration of its new smartphone to show off its features.,5,La empresa organizó una manifestación de su nuevo teléfono móvil para mostrar sus características.,5
3013,She gained awareness about the environmental impact of her daily habits.,3,Ella ganó conciencia sobre el impacto ambiental de sus hábitos diarios.,3
3014,The chemistry of a new element is still not fully understood.,2,La química del nuevo elemento todavía no se comprende completamente.,2
3015,The stressful situation made it difficult for her to concentrate.,2,La situación estresante le hizo difícil enfocarse.,3
3016,She had to take care of her gut after eating the spicy food.,8,Tenía que cuidar su intestino después de comer el comida picante.,5
3017,"The city has been suffering from years of bombing, leaving many without access to basic necessities.",9,"La ciudad ha estado sufriendo durante años de bombardeos, dejando a muchos sin acceso a los necesarios básicos.",0
3018,The cargo ship was docked at the busy harbor for repairs.,0,La nave de carga estaba anclada en el muelle estancado del puerto para reparaciones.,9
3019,The toy roller is perfect for little kids.,3,El rollo de juguete es ideal para los pequeños niños.,0
3020,She received her job offer with the approval of her parents.,8,Ella recibió su oferta de trabajo con el visto bueno de sus padres.,0
3021,The new policy was implemented in a very ministerial manner.,9,La nueva política se implementó de manera muy ministerial.,9
3022,"The mysterious stranger was intriguing, and I couldn't help but ask him about his past.",5,"El extraño misterioso era intrigante, y no pude evitar preguntarle sobre su pasado.",5
3023,The diamond was her greatest gem in the entire collection.,6,La diamante era su mayor gema en toda la colección.,6
3024,The professor dropped a hint about the exam format.,5,El profesor dio una insinuación sobre el formato de la prueba.,5
3025,The myth of King Arthur has been retold and adapted in many different forms over the centuries.,2,El mito del rey Arturo ha sido relato y adaptado en muchas diferentes formas a lo largo de los siglos.,2
3026,The utility company invested heavily in renewable energy sources.,2,La empresa de servicios públicos invirtió pesadamente en fuentes de energía renovables.,0
3027,"The crocodile swam quickly through the murky water, its long tail propelling it forward with ease.",2,"El cocodrilo nadó rápidamente a través del agua turbia, su largo cola impulsándolo adelante con facilidad.",2
3028,The company's focus on efficiency led to significant cost savings.,5,La atención del negocio a la eficiencia llevó a importantes ahorrillos en costos.,7
3029,The inspiring music lifted everyone's spirits.,2,La música inspiradora levantó los espíritus de todos.,0
3030,The tree branch was bent to make a bow for the presents.,5,El ramo del árbol fue doblado para hacer una cuna de regalos.,6
3031,The artist stretched her canvas to create a more expansive composition.,5,La artista extendió su lienzo para crear una composición más amplia.,5
3032,The stars shone with immense beauty in the night sky.,5,Las estrellas brillaban con belleza inmensa en el cielo nocturno.,0
3033,The ant crawled across the kitchen counter.,2,La hormiga se movilizó a traves de la contadra.,2
3034,She let out a loud hah when she saw the funny video.,6,Ella sacó un fuerte jaja cuando vio el video divertido.,5
3035,The fatal error crashed the entire system.,2,El error fatal cataba el sistema completo.,3
3036,The residential area was well-maintained and had plenty of green space.,2,El barrio residencial estaba bien mantenido y tenía mucho espacio verde.,3
3037,The team's defender blocked the opponent's shot.,3,El equipo del defensor bloqueó la jugada del rival.,4
3038,The graduate was awarded a full scholarship to pursue her PhD.,2,El graduado recibió una beca completa para perseguir su doctorado.,2
3039,The comprehensive guide included detailed information on every aspect of the subject,2,El libro integral cubre detalladamente toda la información necesaria sobre el tema,3
3040,The farmer gazed out at the mist that rose from the fields after the rain.,7,El agricultor miró afuera hacia la niebla que se levantaba de los campos después de la lluvia.,7
3041,The farmer carefully planted the corn seeds in the fertile soil.,6,El agricultor plantó cuidadosamente las semillas de maíz en el suelo fértil.,8
3042,The city was plunged into chaos during the riot in the streets.,9,La ciudad se sumió en el caos durante el disturbio en las calles.,10
3043,"The polls were open from 7 am to 9 pm, and all citizens could use the ballot to cast their vote.",17,"Las urnas estaban abiertas de las 7 am a las 9 pm, y todos los ciudadanos podían utilizar la votación para emitir su voto.",20
3044,The church was part of the local parish until it merged with another church last year.,8,La iglesia formaba parte de la parroquia local hasta que se fusionó con otra iglesia hace un año.,7
3045,"After twisting her ankle, Sarah had to rest it for several days.",4,"Despues de torcer el tobillo, Sarah tuvo que descansarlo durante varios dias.",5
3046,The apparent age of the painting was difficult to determine.,2,La edad aparente de la pintura era difícil de determinar.,3
3047,The staggering height of the mountain left me speechless.,2,La altura impresionante de la montaña dejónme sin aliento.,0
3048,The new president's first act was to sign the constitution into effect.,10,El primer acto del nuevo presidente fue firmar la constitución en vigor.,10
3049,The kids played on the lawn until bedtime.,6,Los niños jugaron en el césped hasta la hora de acostarse.,6
3050,The doctor will see patients at the local clinic on Fridays.,9,El médico revisará a los pacientes en la clínica local el viernes.,9
3051,The university requires candidates to qualify for admission through standardized testing.,6,La universidad requiere a los candidatos que califiquen para la admisión mediante pruebas estándar de admisión.,0
3052,The detective's years of experience made her findings credible.,9,La detectivesa años de experiencia hizo que sus hallazgos fueran considerados creíbles,0
3053,The CEO faced intense scrutiny over her company's financial decisions.,5,La directora de la empresa enfrentó el escrutinio intenso sobre sus decisiones financieras.,8
3054,The intensive training program helped her improve her skills dramatically.,2,El programa de capacitación intensiva la ayudó a mejorar sus habilidades de manera dramática.,0
3055,The regiment was deployed to the front lines immediately after receiving its orders.,2,El regimiento fue desplegado inmediatamente a las líneas de frente una vez que recibió sus órdenes.,2
3056,The company will hold a rally to show support for the new policy.,6,La compañía organizará una concentración para mostrar apoyo al nuevo reglamento.,5
3057,She wore a sole on her foot.,4,Ella llevaba un talón solo en su zapato.,0
3058,The brave warrior rode into battle with his sword held high.,3,El valiente guerrero cabalgó hacia la batalla con su espada alzada alto.,3
3059,The team's star player was forced into retirement due to a career-ending exception.,13,El equipo del partido estrella fue obligado a retirarse debido a una excepción que acabó su carrera deportiva.,13
3060,Her greatest expectation was that she would get the job offer tomorrow.,3,Su mayor expectativa era que le ofrecieran el puesto mañana.,3
3061,The toll booth was very crowded on the way to the beach.,2,El puesto de peaje estaba muy concurrido en el camino al mar.,4
3062,The farmer led the calf to fresh water and hay.,5,El agricultor llevó el ternero a agua fresca y paja.,5
3063,I love drinking whiskey on special occasions.,0,Me encanta beber whisky en ocasiones especiales.,0
3064,The doctor explained that the patient's kidney function was compromised due to diabetes.,7,El médico explicó que la función renal del paciente estaba comprometida debido a la diabetes.,0
3065,The passage from Romeo to Juliet in Shakespeare's play is still widely studied today.,2,La pasaje del Romeo al Julieta en la obra de Shakespeare todavía se estudia ampliamente hoy.,2
3066,The train will halt at the next station before continuing its journey.,4,El tren detendrá en la próxima estación antes de continuar su viaje.,0
3067,She carefully posed for the camera to capture the perfect shot.,0,Ella se puso con cuidado para la cámara para capturar la perfecta imagen.,0
3068,The soldiers took up positions behind the walls of the fort.,11,Los soldados se colocaron en sus posiciones detrás de las paredes del fuerte.,13
3069,The photographer's portfolio was full of stunning landscapes from her recent trip.,0,El álbum del fotógrafo estaba lleno de paisajes impresionantes desde su reciente viaje.,0
3070,The squirrel scampered up the oak tree to retrieve its stash.,2,La ardilla corría subiendo el arce para recuperar su escondite.,2
3071,The new business will emerge from the competition and succeed.,5,La nueva empresa emergirá de la competencia y prosperará.,0
3072,The hotel offered a premium room with a stunning view for an extra charge.,5,El hotel ofreció una habitación de primera categoró con vistas impresionantes por un cargo adicional.,0
3073,She filled her favorite mug with hot coffee.,5,Ella llenó su taza favorita con café caliente.,4
3074,"She's a great gran, always cooking delicious meals.",4,"Ella es una excelente abuela, siempre cocinando deliciosas comidas.",5
3075,She sprayed perfume on her wrists before going out on a date.,3,Ella aplicó perfûme en sus muín antes de salir con una cita.,0
3076,"The leading contender for the job was John, who had been with the company for over ten years.",3,"El contendiente principal para el puesto era Juan, quien había trabajado con la empresa durante más de diez años.",2
3077,The new club membership fees are higher than usual.,4,Las cuotas de afiliación del nuevo club son más altas que las normales.,4
3078,The ship was a sturdy vessel that had sailed the seven seas.,6,El barco era un vaso resistente que había recorrido los siete mares.,5
3079,The storm was so intense that it produced a deafening crash of thunder that shook the entire house.,13,La tormenta era tan intensa que produjo un estruendo deslumbrante de truenos que sacudió toda la casa.,0
3080,She enjoyed a glass of fresh cider on the farm.,7,Ella disfrutaba un vaso de sidra fresca en la granja.,6
3081,"After eating a large meal, I felt a lot of discomfort in my tummy.",14,"Después de comer un gran almuerzo, me sentí mucha incomodidad en mi barriga.",13
3082,The teacher monitored the pupil's progress closely.,0,El profesor monitoreó el progreso del alumno con gran atención.,7
3083,her notion of success was to be happy and fulfilled,2,su noción de éxito era ser feliz y satisfecho,2
3084,"He always put myself first, even when it hurt others.",0,"Siempre puso los intereses suyos por delante, incluso cuando lo hacía a costa de otros.",0
3085,The government made sure that all soldiers had adequate provision for the winter campaign.,10,El gobierno aseguró que todos los soldados tuvieran un suministro adecuado para la campaña invernal.,0
3086,She argued that the company ownership should be transferred to the employees.,6,Ella argumentó que la propiedad del negocio debería transferirse a los empleados.,5
3087,She ran her finger down her chin to examine her lip,7,Ella corrió su dedo por su barbilla para examinar su labio,7
3088,The two CEOs will confer before announcing the merger.,5,Los dos directivos ejecutivos conferirán antes de anunciar la fusión.,0
3089,The vacuum cleaner sucks up all the dirt on the floor,0,El aspirador chupa todo el polvo del piso,0
3090,The cat ran through the litter box looking dirty,6,El gato salta por el cubo de basura mirando sucio,8
3091,She touched her cheek to calm her nerves before the job interview.,4,Ella tocó su mejilla para calmar sus nervios antes de la entrevista de trabajo.,4
3092,She walked around the large tree to see the trunk up close.,10,Ella caminó alrededor del gran árbol para ver el tronco de cerca.,0
3093,She was the principal investigator on the project.,4,Ella fue la investigadora principal del proyecto.,5
3094,The music had a strong pulse that drove the dance.,6,La música tenía un fuerte pulso que impulsaba la danza.,6
3095,She carefully threaded the needle and stitched the torn seam.,5,Ella cuidadosamente introdujo la aguja en el hilo y cosió la grieta desgarrada.,5
3096,The mosque was an iconic example of Islamic architecture.,8,La mezquita fue un ejemplo icónico de arquitectura islámica.,0
3097,The carat is a standard unit of measurement for diamonds.,2,El carat es una unidad estándar de medición para los diamantes.,0
3098,The detective was determined to solve the puzzle of the missing clues.,8,El detective estaba decidido a resolver el rompecabezas de las pistas perdidas.,8
3099,She embarked on a venture to travel around the world,5,Ella se lanzó a una aventura para viajar por todo el mundo,6
3100,The triangle on the roof is unstable.,2,El triángulo en el tejado es inestable.,2
3101,The severe storm had far-reaching consequences for the entire region.,0,La tormenta severa tuvo consecuencias muy profundas para toda la región.,0
3102,She sought guidance from her mentor to decide on her career path.,3,Ella buscó orientación de su mentor para decidir sobre su camino profesional.,3
3103,The diplomat's diplomatic efforts helped to resolve the conflict peacefully.,3,Los esfuerzos diplomáticosen los esfuerzos de la diplomacia.,0
3104,The farm owned 500 acres of land.,0,La granja poseía 500 acres de tierra.,0
3105,The restaurant served a robust soup that warmed her up on the chilly evening.,5,El restaurante sirvió una sopa robusta que la calentó la mañana fría.,0
3106,The company will employ people from all over the world.,4,La empresa empleará personas de todo el mundo.,0
3107,The company used posters to promote their new product at the conference.,0,La empresa utilizó carteles para promocionar su nuevo producto en la conferencia.,0
3108,She wrapped the warm blanket around her shoulders to stay cozy on the chilly night.,5,Ella envolvió la manta cálida alrededor de los hombros para mantenerse cómoda en la noche fría.,4
3109,The legendary status of the concert earned her a place in rock history.,2,El estatus legendario del concierto le otorgó un lugar en la historia del roco.,3
3110,Her company's efforts to increase its visibility in the market were focused on generating good publicity.,16,Los esfuerzos de su empresa para aumentar la visibilidad en el mercado se centraron en generar buena publicidad.,18
3111,The family's manor was set amidst rolling hills and verdant forests.,3,La propiedad familiar del señorío estaba situada en colinas onduladas y bosques verdes.,5
3112,She carefully selected the ripe squash from the garden.,6,Ella seleccionó cuidadosamente la calabaza madura del jardín.,5
3113,She made a pledge to volunteer at least once a month.,4,Hizo una promesa de voluntariarse al menos una vez al mes.,3
3114,The company's dynamic strategy allowed it to quickly adapt to changing market conditions.,3,La estrategia dinámica de la empresa le permitió adaptarse rápidamente a las condiciones del mercado cambiantes.,0
3115,My sweetie loves playing with her dogs,2,Mi cariño ama jugar con sus perros,2
3116,The company will implement new security measures to protect its employees.,4,La compañía implementará nuevas medidas de seguridad para proteger a sus empleados.,0
3117,The HR department is responsible for all personnel matters.,8,El departamento de RRHH es responsable de todos los asuntos de personal,12
3118,The revolutionary leader was arrested and put on trial for inciting violence.,2,El líder revolucionario fue arrestado y llevado a juicio por incitar violencia.,3
3119,The family gathered around the barbecue to roast hot dogs and hamburgers.,6,La familia se reunió alrededor de la barbacoa para asar perros calientes y hamburguesas.,8
3120,I was able to get a discount on my new laptop from the manufacturer.,7,Pude obtener un descuento en mi nuevo portátil del fabricante.,4
3121,She pulled out her purse and began searching for her phone.,5,Ella sacó su monedero y comenzó la búsqueda de su teléfono.,4
3122,She sought wisdom in the ancient texts to gain a deeper understanding of the universe.,3,Ella buscaba sabiduría en los textos antiguos para obtener una comprensión más profunda del universo.,3
3123,The lively music at the party kept everyone on their feet.,2,La música animada en la fiesta mantuvo a todos de pie.,0
3124,The dog began to bark excitedly at the squirrel.,5,El perro comenzó a ladrido emocionado con la ardilla.,5
3125,The computer screen displayed a complex grid pattern.,7,La pantalla del computador mostró un patrón de cuadrículas complejas.,0
3126,The weight of the car crushed the metal,0,El peso del coche aplastó el metal,0
3127,The fireworks display was truly sensational and lit up the entire sky.,6,El espectacular fue tan emocionante que iluminó el cielo entero.,0
3128,Her financial decision was based on years of speculation in the market.,9,Su decisñon financiera se basaba en anos de especulación del mercado.,9
3129,The two rival companies will clash over the market share.,6,Las dos empresas rivales se enfrentarán por el control del mercado.,0
3130,The blonde actress won the award for her outstanding performance.,2,La actriz rubia ganó el premio por su impresionante actuación.,0
3131,She has been rowing on the lake since dawn.,4,Ha estado remando en el lago desde amanecer.,0
3132,The polar bear was swimming in the icy waters.,2,El oso polaro se estaba nadando en las aguas heladas.,0
3133,The dollhouse was a miniature replica of the real house.,5,La miniatura de la casa era una réplica verdadera del mundo exterior.,2
3134,The presidential debate was televised across the country.,2,La comparecencia presidencial fue transmitida por televisión en todo el país.,3
3135,The city was facing a severe shortage of food due to the drought.,7,La ciudad enfrentaba una escasez severa de alimentos debido a la sequía.,5
3136,She is dependent on her medication to manage her condition.,3,Ella depende del medicamento para manejar su condición.,0
3137,The horrendous traffic made my commute extremely frustrating.,2,El tráfico horrendo hizo que mi viaje a trabajar fuera muy frustrante.,3
3138,"That was her car, and she drove hers to the store.",8,"Esa era su coche, y ella condujo el suyo al supermercado.",0
3139,She let out a big puff of smoke after blowing out the candles.,6,Ella expiró un gran bocanada de humo después de apagar las velas.,5
3140,The painter applied a layer of paste to the broken vase.,7,El pintor aplicó un capa de pasta al vasijo roto.,7
3141,The filthy conditions in the apartment were a health hazard.,2,Las condiciones sucias en el apartamento eran un peligro para la salud.,0
3142,I love playing bowling on Friday nights with my friends.,4,Me encanta jugar bolos los viernes por la noche con mis amigos.,4
3143,The endless desert stretches as far as the eye can see,2,El desierto interminable se estira hasta el límite de lo que puede ver,3
3144,"The music was divine, it moved me to tears.",4,"La música fue divina, me conmovió las lágrimas.",0
3145,The snake's venom is a deadly poison that requires medical attention immediately,7,El veneno del c\u00e1stico es una venenosidad mortal que requiere atención m\u00e9dica inmediata,2
3146,Her therapist suggested she try therapy to cope with her anxiety.,6,Su terapeuta le sugirió un intentar hacer terapia para manejar su ansiedad.,8
3147,The soldier was a heavy casualty in the battle.,6,El soldado fue una víctima grave en la batalla.,5
3148,She carefully opened the package with her scissors.,8,Ella abrió cuidadosamente la bolsa con sus tijeras.,8
3149,The CEO is the representative of our company at the conference.,5,El CEO es el representante de nuestra empresa en la conferencia.,5
3150,The audience began to clap enthusiastically for the performer.,5,El público comenzó a aplaudir entusiastamente para el artista.,5
3151,The gardener carefully filled in the ditch after it rained.,7,El jardinero cuidadosamente llenó la zanja después de que lloviera.,6
3152,The new coach is also a qualified personal trainer.,9,El nuevo entrenador es también un entrenador personal calificado.,3
3153,She threw the dart at the target with great precision.,4,Ella lanzó el dardo con gran precisión en la objetivo.,4
3154,The debate was a lively dialogue between the two candidates.,6,El debate fue un diálogo animado entre los dos candidatos.,5
3155,The company will associate with the new supplier to improve efficiency.,4,La empresa asociará con el nuevo proveedor para mejorar la eficiencia.,0
3156,The formidable mountain required expert climbers to conquer it safely.,2,La montánea formidable requerí a los expertos escaladores para conquistarla de manera segura.,3
3157,"Her family was known for its excellent cookery, passed down through generations.",8,"Su familia era conocida por su excelente cocina, pasada de generación en generación.",8
3158,She poured herself a shot of rum to take the edge off her hangover.,7,Ella se mojó una copa de ron para tomar el alivio de su doliente recaída.,7
3159,She tried to sneak into the party without being noticed.,4,Intenta escabullirse sin ser notada en el fiesta.,2
3160,She was caught cheating on the test by her roommate,4,Ella fue atrapada en la trampa en el examen por su compañero de habitación,6
3161,The singer will have to go through an audition before being considered for the role.,9,La cantante tendrá que pasar por una audición antes de ser considerada para el papel.,8
3162,She blended the ingredients together with a wooden spoon.,0,Ella mezcló las ingredientes juntas con una cuchara de madera.,0
3163,The company ran a successful advert for its new product on social media.,6,La empresa corrió con un exitoso anuncio para su nuevo producto en las redes sociales.,7
3164,She decided to tweet about her new job,4,Ella decidió escribir un tweet sobre su nuevo trabajo,5
3165,The header on the website includes the company's logo and contact information.,2,La cabecera del sitio web incluye el logotipo de la empresa y la información de contacto.,2
3166,The cat's fluffy fur made it look like a giant teddy bear.,3,El gato con su pelaje esponjoso lo hacía parecer un oso de palla gigante.,6
3167,The doctor prescribed medication for her high blood pressure.,4,El médico recetó medicación para su presión arterial alta.,4
3168,The zoo's new enclosure is designed to mimic the animals' natural habitats.,4,El nuevo recinto del zoológico está diseñado para imitar los hábitats naturales de las especies.,3
3169,The basketball player sank the shot by making a sharp curve around the defender,11,El baloncestista lanzó la pelota con una curva acusa al defensor,8
3170,The naval power of a country is its ability to project force over long distances.,2,La potencia naval de un país es su capacidad para proyectar fuerza sobre distancias largas.,3
3171,The janitor used a broom to sweep the floor.,7,El limpia la alfombra con un balde,0
3172,She added a few peas to the salad for extra nutrition.,0,Ella agregó algunos guisantes a la ensalada para obtener una mayor nutrición.,0
3173,"The maiden stood by the window, gazing out at the stars.",2,"La doncella se posaba frente a la ventana, mirando hacia las estrellas.",2
3174,The soldier helped the civilian who was injured during the riot.,5,El soldado ayudó al civil herido durante el motín.,5
3175,The dominant player in the league dominated the competition all season.,2,El jugador dominante en la liga dominó la competencia durante toda la temporada.,3
3176,"In this presidential election, the candidates focused on winning over their base of supporters among the electorate.",17,"En esta elección presidencial, los candidatos se centraron en ganar apoyo entre su base de seguidores dentro del electorado",19
3177,The store had a large ware of electronics available for sale.,6,La tienda tenía una gran mercancía de electrónica disponible para la venta.,6
3178,The athlete's spine was bruised after falling on her back.,3,El atleta tiene una columna vertebral golpeada después de caer en su espalda.,0
3179,The thief was caught by the police and arrested.,2,El ladrón fue capturado por la policía y encarcelado.,2
3180,"The volcano erupted in the middle of the night, spewing lava and ash into the air",2,"El volcán estalló en la medianoche, derramando lava y ceniza al aire",2
3181,She smacked her lip in frustration.,4,Ella golpeó su labio en frustración.,4
3182,She winced in pain and let out an ouch as she stubbed her toe.,9,Ella se doblegó en dolor y emitió un ay cuando se golpeó el dedo contra la esquina.,9
3183,The genetic code in DNA holds the key to understanding human evolution.,0,El código genético del ADN es la llave para entender la evolución humana.,0
3184,She is an expert at chess and can beat her opponents in no time.,6,Ella es una experta en ajedrez y puede derrotar a sus oponentes en el tiempo de la mano.,6
3185,She had plenty of leisure to read a book during her summer vacation.,5,Tenía mucho ocio para leer un libro durante su vacacion de verano.,3
3186,She carried herself with great dignity in the face of adversity.,6,Ella se llevó ella con gran dignidad en la cara del adversidad.,7
3187,The company will attend the industry convention next month.,7,La empresa asistirá a la convención de la industria próximo mes.,6
3188,her expertise in the field has significantly improved her credibility as a researcher,10,su experiencia en el campo ha mejorado significativamente su credibilidad como investigadora,10
3189,The company will retain the employees who have been with them for over five years.,4,La empresa retendrá a los empleados que han trabajado con ellos durante más de cinco años.,0
3190,The team embarked on an expedition to climb the highest mountain in the range.,6,El equipo se embarcó en una expedición para subir al pico más alto en la cordillera.,7
3191,The artist manipulated the fluid colors to create a unique effect.,5,El artista manipuló los colores fluidos para crear un efecto único.,0
3192,The two friends were able to relate to each other's struggles.,7,Las dos amigas pudieron relacionar sus dificultades mutuamente,5
3193,The fire department inspected the chimney to ensure it was clear of debris,6,El departamento de bomberos revisó la chimenea para asegurarse de que estaba limpia de detritos,7
3194,The movie received a top rank at the Oscars.,6,El cine recibió un rango alto en los Oscar.,5
3195,"The baby's high chair was very wobbly, so we had to prop it against the wall.",7,"La silla del bebé estaba muy tambaleante, así que tuvimos que apoyarla contra la pared.",7
3196,The company's lasting success can be attributed to its innovative approach.,3,El éxito duradero de la empresa se debe a su enfoque innovador,3
3197,The company decided to retreat from the conflict.,5,La compañía decidió retirarse del conflicto.,0
3198,She fought tirelessly for equality and human rights around the world.,5,Luchó incansablemente por la igualdad y los derechos humanos en todo el mundo.,5
3199,The university offers courses in agricultural engineering.,6,La universidad ofrece cursos en ingeniería agrícola.,7
3200,The professor's profound words of wisdom inspired the students to think critically.,3,Las palabras profudas del profesor inspiraron a los estudiantes a pensar de manera crítica.,0
3201,Her perception of the painting changed dramatically when she saw the artist's sketchbook.,2,Su percepción de la pintura cambió drásticamente cuando vio el cuaderno del artista.,2
3202,She arranged the flowers on the table for the party.,0,Ella llamó al atención de las flores sobre la mesa para el paÑ,0
3203,"After years of service, she decided to resign from her job.",8,"Después de años de servicio, ella decidió dimitir de su empleo.",8
3204,I love eating burgers at the beach after a long day of surfing.,0,Me encanta comer hamburguesas en la playa después de un largo día de surfear.,0
3205,Her anxiety about the job interview prevented her from sleeping that night.,2,Su ansiedad por la entrevista de trabajo le impidió dormir esa noche.,2
3206,The prosecutor's conviction that the defendant was guilty was evident in his closing argument.,3,La convicción del fiscal de que el acusado era culpable estaba claramente reflejada en su discurso final.,2
3207,She added a subtle touch to the painting with her delicate brushstrokes.,4,Ella agregó una toqueta sutil al cuadro con sus delicados pinceladas.,5
3208,The clown at the birthday party made balloon animals for the kids.,2,El payaso en la fiesta de cumpleaños hizo animalitos de goma para los niños.,2
3209,The couple spent the winter in their cozy cabin surrounded by snow-covered trees.,9,La pareja pasó el invierno en su cabaña acogedora rodeada de árboles cubiertos de nieve.,8
3210,Her careful use of logic helped her solve the complex math problem.,5,Su habilidad cuidadosa para usar la lógica le ayudó a resolver el problema matemático complejo.,7
3211,She added a shot of vodka to her cosmopolitan.,6,Ella añadió un trago de vodka a su cósmopolita.,6
3212,The doctor assisted the patient with her medical procedure.,0,El médico asistió al paciente en su procedimiento médico.,0
3213,She made a deposit on her new apartment to secure the rent.,4,Ella depositó un monto de dinero en su nuevo apartamento para asegurar el alquiler.,0
3214,The company's new policy established a clear boundary between employee and customer communications.,8,La nueva política del empresa estableció una clara delimitación entre las comunicaciones del empleado y el cliente.,0
3215,The smell of freshly cut grass is a sensation that brings back memories of childhood summers.,9,El olor del césped recién cortado es una sensación que trae de regreso recuerdos de veranos de la infancia.,9
3216,Her philosophical views on the meaning of life have had a profound impact on modern thought.,0,Sus puntos de vista filosóficos sobre el significado de la vida han tenido un impacto profundo en el pensamiento moderno.,0
3217,She was a deaf student and relied on lip-reading to communicate.,4,Ella era una estudiante sorda y dependía de la lectura de labios para comunicarse.,0
3218,She carefully held the blade to cut through the rope.,5,Ella sostuvo con cuidado el filo para cortar la cuerda.,0
3219,The company combines its operations to reduce costs.,0,La empresa combina sus operaciones para reducir costos.,0
3220,She decided to sprint to the finish line.,4,Ella decidió correr a toda velocidad hasta la línea de meta.,0
3221,Her ultimate objective was to complete the project on time.,3,Su objetivo final era completar el proyecto a tiempo.,2
3222,The university offered extensive financial aid to international students,4,La universidad ofreció extenso apoyo financiero a estudiantes internacionales,4
3223,The truck was hauling heavy machinery across the country.,0,El camión llevaba pesada maquinaria a través del país.,0
3224,The team received the new software as a single packet that needed to be installed immediately.,10,El equipo recibió el nuevo software como un paquete único que debía instalar inmediatamente.,9
3225,The vibrant colors of the painting drew everyone's attention.,2,Los colores vivos del cuadro atraían la atención de todos.,0
3226,She declared her intention to resign from the company.,0,Ella declaró su intención de dimitir de la empresa.,0
3227,The chef carefully filleted the cod for dinner.,6,El chef cortó la bacalao con cuidado para cenar.,5
3228,The politician was accused of being a racist for his comments on immigration.,8,El político fue acusado de ser un racista por sus comentarios sobre inmigración.,8
3229,She always spoke politely to her customers.,0,Siempre hablaba educada con sus clientes.,0
3230,The knight wore armour to protect himself from the enemy.,4,El caballero llevaba armadura para protegerse del enemigo.,4
3231,The shepherd watched over his flock all night.,2,El pastor observó su rebaño toda la noche.,2
3232,The company's disastrous financial decisions led to bankruptcy.,3,Las decisiones financieras desastroosas de la empresa llevaron a su quiebra.,0
3233,She grabbed her trusty slate and began to sketch the landscape.,5,Ella tomó su lápiz de confianza y comenzó a dibujar el paisaje.,0
3234,The rain will spoil the wedding cake if it rains outside.,4,La lluvia estropeará la tarta de cumpleaños si fuera a llover afuera.,0
3235,The vicar led the congregation in prayer.,2,El vicario lideró el congregante en oración.,2
3236,The little bunny hopped across the field.,3,El conejito pequeñs hopiza por el campo.,2
3237,She was reluctant to eat the spicy food.,3,Ella era reacia a comer la comida picante.,0
3238,The movie's horrific plot twists kept me on the edge of my seat.,3,La trama aterradora del cine me mantuvo en el borde de mi asiento.,0
3239,The company's mission statement defines the scope of their business operations.,7,La declaración de misión de la empresa define el alcance de sus operaciones comerciales.,10
3240,The traumatic experience of losing a loved one can stay with you for the rest of your life.,0,La experiencia traumática de perder a un ser querido puede permanecer contigo para el resto de tu vida.,0
3241,She has always found solace in worshiping at the beach during sunrise.,0,Ella siempre ha encontrado consuelo en adorárse al amanecer en la playa.,0
3242,The artist dipped her brush in the ink to create a vibrant design.,8,El artista sumergió su pincel en la tinta para crear un diseño vibrante.,8
3243,The punk rock band was known for their energetic live performances.,2,La banda de rock punk era conocida por sus actuaciones en vivo energéticas.,5
3244,The sound of the canyon echoed through the valley.,0,El sonido del valle ecoó por el cañón.,0
3245,The child giggled with delight as her friend tickled her behind.,0,El niño se rió con alegría cuando su amigo le dio unos golpecitos en la espalda.,0
3246,The house is nearer to the park than to the store.,4,La casa está más cerca del parque que del tienda.,0
3247,Her absence at the party was noticed by her colleagues,2,La ausencia de ella en la fiesta fue notada por sus colegas,2
3248,The province of California is known for its beautiful beaches and vibrant cities.,2,La provincia de California es conocida por sus hermosas playas y ciudades vibrantes.,2
3249,The disturbing news report sparked a heated debate among the community.,2,El informe de noticias perturbador despertó un fuerte debate entre la comunidad.,5
3250,The committee will acknowledge receipt of your application.,4,El comité aceptará el recibimiento de tu solicitud.,0
3251,The lion is a predator in the savannah ecosystem.,5,El león es un depredador en el ecosistema de la sabana.,5
3252,The pilot relied on the radar to navigate through the dense fog.,6,El piloto confiaba en el radar para navegar a través del denso humedal.,6
3253,She poured a gin and tonic into her glass.,4,Ella vierte un gin y tonic en su vaso.,0
3254,The doctor prescribed medication to urge her patient to take their medication regularly.,6,El médico recetó medicación para instar a su paciente a tomar sus medicamentos de manera regular.,6
3255,She created a macro to repeat the same sequence of steps every time she exported the data.,4,Ella creó un macro para repetir la misma secuencia de pasos cada vez que exportaba los datos.,4
3256,She felt a deep sense of comfort when her loved ones embraced her.,0,Se sintió una gran sensación de comodidad cuando sus seres queridos la abrazaron.,0
3257,The bird will swallow a bug whole.,4,El pájaro tragará una hormiga entera.,0
3258,She opened her umbrella to prevent getting wet in the storm.,4,Ella abrió su paraguas para evitar mojarse en el tormenta.,4
3259,Her commitment to consistency earned her a promotion at work.,4,Su compromiso con la consistencia le valió una promoción en el trabajo.,5
3260,She flew her kite high above the lake.,4,Ella volaba su cometa por encima del lago.,4
3261,The philosopher defined the nature of consciousness as a complex and multifaceted concept.,0,El filosofo definió la naturaleza de la conciencia como un concepto complejo y multifacético.,0
3262,"As a citizen of the United States, I have the right to vote.",3,"Como ciudadana de los Estados Unidos, tengo el derecho a votar.",0
3263,The city served as a haven for refugees fleeing the war.,6,La ciudad servó como un refugio para los refugiados que escapaban de la guerra.,6
3264,The polluted air was toxic to humans in high concentrations.,5,El aire polucionado era tóxico para los humanos en concentraciones altas.,5
3265,The wizard waved his staff to conjure a fireball.,2,El mago se movió su bastón para conjurar una bala de fuego.,2
3266,The United States was originally established as a British colony on the East Coast.,10,Los Estados Unidos fueron originalmente establecidos como una colonia británica a lo largo de la costa este.,9
3267,The delivery truck was driven by a carrier who arrived early.,8,El camion de entrega estuvo conducido por un portador quiñ el llegó prematuramente.,9
3268,The fire alarm was triggered by the smell of smoke.,0,El alarma de incendio fue activada por el olor del humo.,0
3269,The school offers an educational program in computer science.,5,La escuela ofrece un programa educativo de ciencias de la computadora.,6
3270,She tossed the coin into the air.,0,Ella lanzó la moneda al aire.,0
3271,The grim face of the old man warned everyone to be careful.,2,El rostro sombrío del anciano advirtió a todos de que tení que tener cuidado.,0
3272,She clenched her jaw in frustration with the difficult task ahead.,4,Ella encorvó su mandíbula en frustración con el tarea difícil que tenía por delante.,4
3273,She likes to stack her books in alphabetical order.,4,Ella gusta apilar sus libros en orden alfabético.,0
3274,The designer added a stylish sleeve to the dress.,6,El diseñador agregó una manga estilizada al vestido.,5
3275,The region has been experiencing a severe drought for the past two years.,8,La región ha estado experimentando una sequía severa durante los dos °ltimos dos años.,7
3276,The recipe called for coriander to add depth to the stew.,5,La receta llamaba por cilantro para agregar profundidad al guiso.,5
3277,The penguin waddled along the icy shoreline.,2,El pingñino se deslizó por la orilla helada congelada.,0
3278,She spilled coffee all over her new white shirt.,0,Ella derramó café por toda su camisa blanca.,0
3279,The aerialist performed a daring stunt during the circus show.,6,El acróbata realizó una nube de astucia durante el espectáculo del circo.,0
3280,She loves to ski in the mountains every winter.,4,Ella ama esquí en las montañas cada invierno.,3
3281,The ambulance sped rapidly to the emergency scene.,0,El ambulancia se movio rapidamente al lugar de escenas de emergencia.,0
3282,the dry desert air lacked sufficient moisture to support plant growth,7,el aire seco del desierto carecia de humedad suficiente para apoyar el crecimiento de las plantas,8
3283,The teacher emphasized the importance of punctuality to the students.,0,El profesor enfatizó la importancia del puntualidad para los estudiantes.,0
3284,The gardener carefully pruned the roses.,2,El jardinero cortó con cuidado las rosas.,2
3285,The city had numerous restaurants to choose from.,4,La ciudad tenía numerosos restaurantes para elegir.,0
3286,The factory relied heavily on its machinery to produce the goods,7,La fábrica confiaba mucho en su maquinaria para producir los bienes,7
3287,She studied for the medical examination to ensure she was qualified for the job.,6,Ella estudió para el examen médico para asegurarse de que estaba calificada para el trabajo.,5
3288,The couple took to the floor for a passionate tango performance.,10,El dúo se llevó al suelo para una actuación apasionada de tango.,12
3289,The hiker had to navigate through a steep slope to reach the summit.,9,El senderista tuvo que navegar por un pendiente empinado para alcanzar la cima.,8
3290,The company was ordered to pay damages for the breach of contract.,10,La empresa fue ordenada pagar daños por el incumplimiento del contrato.,0
3291,Her glamour and charisma on the red carpet captivated the audience.,2,Su glamour y carisma en el pasillo rojo cautivó a la audiencia.,2
3292,The pale moon hung low in the sky.,2,La luna pálida se deslizaba bajo el cielo.,0
3293,The rogue thief stole all the cash from the bank vault.,2,El pícaro ladrón robó todo el dinero del cofre bancario.,2
3294,She gently stroked the feather with her finger.,5,Ella acarició con su dedo la plumas con delicado cuidado.,0
3295,The choir's harmony was a perfect blend of individual voices.,3,La armonía del coro era un perfecto equilibrio de voces individuales.,2
3296,The loss of humanity is a tragedy for the world.,4,La pérdida de la humanidad es una tragedia para el mundo.,5
3297,The warmth of the fire made us feel cozy.,2,El calor del hogar nos hizo sentir acogedores.,2
3298,She needs to understand the basics of coding to start her new job.,6,Necesita entender los básicos del código para empezar su nuevo trabajo.,4
3299,"The stag stood proudly in the forest, its antlers towering above the underbrush.",2,"El ciervo se puso orgullosamente en la selva, con sus cuernos altos sobre el follaje bajo.",2
3300,The ancient Greek temple was famous for its impressive arches that seemed to defy gravity.,0,El antiguo templo griego era famoso por sus impresionantes arcos que parecían defiéndere la gravedad con facilidad.,0
3301,The tourists gathered at the scenic overlook to take in the breathtaking view.,0,Los turistas se reunieron en la mirada panorámica para disfrutar de la impresionante vista.,0
3302,The theory of evolution proposes that all living organisms share a common ancestor.,4,La teoría de la evolución sugiere que todos los organismos vivos comparten un ancestro común.,5
3303,The forensic team collected evidence at the crime scene.,2,El equipo forense recogió evidencia en el escenario del crimen.,3
3304,The teacher was a supportive presence in the classroom.,5,La profesora fue una presencia apoyativa en la sala de clase.,0
3305,"The attacker stabbed her in the back, leaving her bleeding badly.",0,"El atacante la apuñaló en la espalda, dejándola con una herida grave.",0
3306,The store had a remarkable novelty section with gadgets from all over the world.,6,La tienda tenía una sección de novelidades impresionante con gadgets de todo el mundo.,0
3307,She spent years pursuing her passion for art.,0,Ella dedicó años a perseguir su pasión por el arte.,0
3308,The car's hood needs regular waxing to protect the paint.,0,La capa del coche necesita ser remojada con cera para proteger el pintura.,9
3309,The salty ocean air filled my lungs as I walked along the shore.,2,El aire salado del océano llenó mis pulmones mientras caminaba a lo largo de la costa.,3
3310,She sniffed the air for any sign of smoke.,0,Ella olfateaba el aire por cualquier señal de humo.,0
3311,The coach was accused of cheating to get an unfair advantage.,0,El entrenador fue acusado de engañar para obtener una ventaja injusta.,6
3312,The news anchor presented both sides of the story to maintain a neutral perspective.,13,La presentadora del noticiero presentó ambos lados de la historia para mantener una perspectiva neutral.,15
3313,She added fresh spinach to her omelette for extra nutrition.,4,Ella agregó espinaca fresca a su tortilla de huevos para obtener más nutrientes.,3
3314,She loves painting as a hobby and has even sold some of her art to local galleries.,6,Ella ama pintar como un pasatiempo y ha incluso vendido algunas de sus obras a galerías locales.,6
3315,She drew a picture with a piece of chalk on the blackboard.,9,Ella dibujó una imagen con una trocada de tiza sobre la pizarra negra.,9
3316,The company made a profit only in the margin of their sales.,9,La empresa generó un beneficio solo en el margen de sus ventas.,9
3317,The laptop's battery was almost completely drained after several hours of usage.,3,La batería del portátil estuvo casi completamente agotada después de varios horas de uso.,2
3318,The American ambassador is the representation of the US government in Paris.,6,El embajador estadounidense es la representación del gobierno de EE. UU. en París.,6
3319,The firework exploded with an explosive burst of color,6,El cohetéreo explotó con un estallido explosivo de colores,7
3320,The baker carefully sprinkled sugar on top of the freshly baked pie to protect its delicate crust.,17,La panadera colocó cuidadosamente azúcar en la parte superior del pastel recién horneado para proteger su delicada corteza.,18
3321,The shallow end of the pool was perfect for young children.,2,El lado profundo del pozo era perfecto para niños pequeños.,0
3322,The aroma of the stew wafted through the kitchen.,5,El aroma del estofado se extendió por la cocina.,4
3323,The characters in the cartoon were loved by children everywhere.,5,Los personajes en el dibujo animado eran amados por niños de todo el mundo.,0
3324,The humid air made the island feel truly tropical.,9,El aire húmedo hizo que la isla se sintiera verdaderamente tropical.,11
3325,She announced that she was going through a period of pregnancy after the baby's ultrasound results confirmed it.,11,Ella anunció que estaba pasando por un período de embarazo después de que los resultados del ultrasonido confirmasen la cosa.,10
3326,The company's innovative approach to sustainability has made it a leader in its industry,0,La empresa innovadora en el enfoque de sostenibilidad se ha convertido en líder en su industria,0
3327,The athletes trained in athletics to prepare for the Olympics.,5,Los atletas entrenaron en atletismo para prepararse para los Juegos Olímpicos.,5
3328,The bouncy castle on the playground was a hit with the kids.,2,El castillo bouncy en el parque de juegos fue un éxito con los niños.,0
3329,She poured gravy over her mashed potatoes.,3,Ella vertió salsa sobre sus patatas maceradas.,3
3330,The treatment of slaves in ancient Egypt was often brutal and inhumane.,0,El trato de los esclavos en el antiguo Egipto era a menudo brutal e inhumano.,0
3331,The swift car sped down the highway.,2,El coche rápido condujo por la autopista.,3
3332,She was working on the draft of her novel for hours every day.,6,Ella estaba trabajando en el borrador de su novela durante horas cada día.,6
3333,She loves to wander through the streets of Paris on Sundays.,4,Ella disfruta vagar por las calles de París los domingos.,3
3334,The rotten fish made the whole kitchen smellily.,0,El pescado podrido hizo que toda la cocina tuviera un hediondo olor.,11
3335,The vicious attack on the dog left it with severe injuries.,2,El ataque violento al perro lo dejó con graves lesiones.,0
3336,The cake was sweet with just the right amount of sweetness.,11,El pastel estaba dulce con la exacta cantidad de dulzura que necesitábamos,10
3337,The store is selling a ton of new video games.,6,La tienda vende una tonelada de nuevos juegos de video.,5
3338,She wrapped herself in a large towel after getting out of the shower.,7,Se envuelve con una gran toalla después de salir del ducha.,6
3339,The tourists took a break under the shade of a palm tree on the beach.,11,Los turistas se tomaron un descanso bajo la sombra de un árbol de palma en la playa.,14
3340,The hiking boots were filled with muddy water,7,Los botas de senderismo estaban llenas de agua enfangada,0
3341,The history professor spent years researching and writing for a column on ancient civilizations.,11,El profesor de historia pasó años investigando y escribiendo una columna sobre las civilizaciones antiguas.,11
3342,The aeroplane soared through the sky before landing safely.,2,El aeroplano se elevó por el cielo antes de aterrizar de manera segura.,2
3343,Her obsession with cooking led her to experiment with new recipes every night.,2,Su obsesión con la cocina la llevó a probar nuevos recetas cada noche,2
3344,She is skilled at negotiation and can resolve conflicts without any major issues.,5,Ella es hábil en negociación y puede resolver conflictos sin ningún gran problema.,5
3345,The company invested in renewable energy to reduce its carbon footprint.,5,La empresa invirtió en energía renovable para reducir su huella de carbono.,6
3346,The dog liked to lick the ice cream cone.,5,El perro se lama la bola de hielo.,0
3347,She asked me to justify my absence from the meeting.,5,Le pidió que justificara su ausencia de la reunión.,0
3348,"She gave her consent for the medical procedure, and everything went smoothly.",4,Ella dio su consentimiento para el procedimiento médico y todo salió bien.,4
3349,The worker's collective bargaining rights have improved workplace safety,3,Los derechos de negociación colectiva del trabajador han mejorado la seguridad laboral,0
3350,The sudden departure of key employees led to significant disruption in the company's operations.,10,La salida repentina de empleados clave causó un desorden significativo en las operaciones de la empresa.,0
3351,The ancient city was a prime example of a lost civilization.,0,La antigua ciudad fue un ejemplo claro de una civilización perdida.,10
3352,The sweeping changes in the economy had a significant impact on employment rates.,2,Los cambios profundos en la economia tuvieron un efecto significativo sobre las tasas de empleo.,0
3353,The government was accused of engaging in a conspiracy to cover up the scandal.,9,El gobierno fue acusado de estar involucrado en una conspiración para cubrir el escándalo.,10
3354,"She was a connoisseur of wine, with a keen sense of tasting.",12,"Ella era una experta en vino, con un sentido muy agudo para cata.",13
3355,She carefully trimmed the stem to prevent it from snapping,5,Ella cortó cuidadosamente el tallo para evitar que se parta,5
3356,The vacuum cleaner was making a lot of noise as it cleaned the floor.,2,El aspirador de tiendas estaba haciendo mucho ruido mientras limpiaba el piso.,0
3357,The committee will proceed with the new proposal.,4,El comité procederá con la nueva propuesta.,0
3358,The reliable source of information was widely used by the public.,2,La fuente de información fiable fue ampliamente utilizada por el público.,5
3359,The performer took a bow after the show,2,El intérprete tomó un giro de mano después del espectáculo,2
3360,The local councillor attended the town hall meeting to discuss community issues.,3,El concejal local asistió a la reunión del ayuntamiento para discutir problemas comunitarios.,2
3361,She sent an invitation to her friends for the party next weekend.,4,Ella envió una invitación a sus amigos para la fiesta del fin de semana siguiente.,4
3362,The sudden appearance of a strange phenomenon in the city's main square was met with curiosity and concern.,7,La apertura repentina de un fenómeno extraño en la plaza principal de la ciudad generó curiosidad y preocupación.,6
3363,The music paused for a moment before continuing with the next song.,0,La música se detuvo por un momento antes de seguir con la siguiente canción.,0
3364,The recent economic downturns have caused widespread unemployment.,0,Las recientes caídas económicas han causado un aumento en el desempleo a gran escala.,0
3365,The painter carefully placed the marble statue on its pedestal.,6,La pintora colocó con cuidado el estatueta de mármol sobre su pedestal.,9
3366,The bomber navigated the plane through treacherous skies.,2,El bombardero navegaba el avñ con malditos cielos.,2
3367,The jockey was experienced enough to handle the difficult terrain.,2,El jockey experimentado era capaz de manejar el terreno difícil.,2
3368,The juicy steak was cooked to perfection.,2,El bistec jugoso fue cocinado a la perfección,3
3369,The new software update contained a virus that deleted all our files.,7,El actualización del software contenía un virus que eliminó todos nuestros archivos.,7
3370,The soldier took a powerful stride across the battlefield.,6,El soldado tomó un paso largo y poderoso en el campo de batalla.,0
3371,The snake's venom was lethal to humans.,5,El veneno del reptil era lethal para los humanos.,0
3372,She carefully turned the steering wheel to avoid hitting the wall.,5,Ella se encargo con cuidado del volante para evitar golpear la pared.,0
3373,The identical twins looked at each other with curiosity.,2,Las gemelas idénticas miraron entre sí con curiosidad.,0
3374,She has always been passionate about her occupation as a painter.,8,Ella siempre ha estado apasionada con su ocupación como pintora.,8
3375,The company installed cameras to enhance the security with surveillance.,10,La empresa instaló camaras para mejorar la seguridad con vigilancia.,10
3376,The documentary focused on issues affecting teenagers.,0,El documental se centró en problemas que afectan a adolescentes.,10
3377,The roller coaster gave her a thrill as it plummeted down the steep drop.,7,El descenso repentino del monte-rroler le dio una emocionante sensación de aventura,0
3378,She spat on her shoe in anger.,0,Ella escupió en su zapato con ira.,0
3379,The family moved into a new house with a spacious basement.,11,La familia se mudó a una nueva casa con un sótano espacioso.,11
3380,The judge's judgement on the case was widely respected by the community.,3,La opinión del juez sobre el caso fue ampliamente respetada por la comunidad.,0
3381,The company's annual proceedings were published on its website for public viewing.,4,Los procedimientos anuales de la empresa fueron publicados en su sitio web para su visión pública.,2
3382,She went on stage to congratulate the award winners.,6,Ella se dirigió al escenario para felicitar a los ganadores del premio.,0
3383,She was known for spreading gossip about her coworkers at the office.,6,Ella era conocida por difundir chisme sobre sus colegas de trabajo en el despacho.,6
3384,The movie received a high rating from critics.,6,La película recibió una alta calificación de los críticos.,6
3385,The puppy played with the ball.,2,El cachorro jugó con la pelota.,2
3386,The museum's memorabilia exhibit included everything from ancient artifacts to childhood toys.,3,El museo de las exhibiciones de recuerdos incluía todo desde artefactos antiguos hasta juguetes de la infancia.,7
3387,Her opinions have been influential in shaping the company's strategy.,5,Sus opiniones han sido influyentes en la formación de la estrategia de la empresa.,0
3388,She used her elbow to wipe out the spill.,4,Ella utilizó su codo para limpiar el derrame.,4
3389,The artist made a quick sketch of the cityscape before starting the final painting.,6,El artista hizo un rápido boceto del paisaje antes de empezar la pintura final.,6
3390,The woodsman swung his axe to chop the logs.,5,El cortador de bosques golpeaba su hacha para cortar los troncos.,7
3391,The match was just enough to spark the flame,7,La cerilla era lo suficiente para hacer chispar la llama,0
3392,"She had an intent to attend the concert, but it fell through due to bad weather.",4,"Tener la intención de asistir al concierto, pero que se canceló debido a mal tiempo.",0
3393,She exclaimed aha when she finally figured out the puzzle.,3,Ella exclamó aja cuando finalmente se dio cuenta del rompecabezas.,3
3394,She rubbed her sore butt with ice packs.,5,Ella masajeó su trasero con paquetes de hielo.,4
3395,The prop under the table helped to stabilize it.,2,El soporte bajo la mesa ayudó a estabilizarlo.,2
3396,The gardener carefully picked up the curious insect from the soil.,8,El jardinero cuidadosamente tomó la curiosa oruga del suelo.,0
3397,The stage curtain slowly opened to reveal the starting performers.,3,La cortina del escenario se abrió lentamente para revelar los primeros actores.,2
3398,She was uncertain about the answer and couldn't make a decision.,3,Ella estaba insegura sobre la respuesta y no podía tomar una decisión.,0
3399,The team takes a fortnight off after the tournament.,5,El equipo se toma una quincena después del torneo.,6
3400,The artificial intelligence program was able to learn and adapt quickly.,2,El programa de inteligencia artificial pudo aprender y adaptarse rápidamente.,5
3401,She seemed a bit dumb when she couldn't solve the simple math problem.,5,Ella parecía tonta al no poder resolver el problema matemático sencillo.,0
3402,She gave the guitar a quick flick to tune it,7,Ella le dio al bajo un rápido toque para afinarlo,8
3403,The ship's hatch was secured with a heavy iron strap after the storm.,3,La bodega del barco estaba sellada con un fuerte cordel de hierro después de la tormenta.,0
3404,The butler poured me a glass of wine while I watched the soccer match.,2,El mayordomo me sirvió un vaso de vino mientras yo veía el partido de fútbol.,2
3405,Her loyalty was rewarded with a promotion at work.,2,Su lealtad fue recompensada con una promoción en el trabajo.,2
3406,"After catching the flu, Sarah spent several days in bed feeling miserable.",4,"Después de contraer la gripe, Sarah pasó varios días en la cama sintiéndose malhumoradamente.",5
3407,She poured herself a cup of hot tea from the new tee.,12,Ella se sirvió una taza de té caliente desde la nueva tee.,12
3408,Her hard work led to her achieving prosperity in her career.,8,Su trabajo duro la llevó a alcanzar prosperidad en su carrera.,8
3409,The city council met with the neighbouring town to discuss a new trade agreement.,7,El consejo municipal se reunió con la ciudad vecina para discutir un acuerdo comercial nuevo.,0
3410,The courier carefully handled the parcel before handing it over to the customer.,6,El mensajero cuidadosamente manejó el paquete antes de entregarlo al cliente.,6
3411,Queen Elizabeth II was the monarch of the United Kingdom for over sixty years.,6,Reina Elizabeth II fue la monarca del Reino Unido durante más de sesenta años.,6
3412,"The new band's funky sound was infectious, getting everyone on the dance floor.",4,"El sonido nuevo del grupo era divertido, haciendo que todos salieran al piso.",0
3413,Most people conform to conventional norms in their daily lives.,5,La mayoría de las personas se ajustan a las normas convencionales en sus vidas diarias.,0
3414,The comedian's hilarious impressions of politicians left the audience in stitches.,3,Las impresiones cómicas del comediante sobre los políticos hicieron reír a la audiencia de pies.,0
3415,The rare collectable coin was displayed at the museum.,3,La moneda rara y coleccionable fue exhibida en el museo.,5
3416,The European mainland is considered a continental shelf.,7,La península europea se considera una plataforma continental.,8
3417,The soldiers formed a brigade to secure the city perimeter.,5,Las soldadas formaron una brigada para asegurar la zona periférica de la ciudad.,5
3418,She presumed the weather would be nice and took her children to the park.,0,Ella presumió que el tiempo sería amable y llevó a sus hijos al parque.,0
3419,The committee will approve the budget proposal.,4,El comité aprobará la propuesta presupuestaria.,0
3420,The singer's vocal range was impressive.,3,La voz del cantante era impresionante.,0
3421,She put on her favourite jumper to keep warm at the ski resort.,6,Ella puso su favorito jersey para mantenerse caliente en la estación del esquí.,5
3422,The patient's symptoms suggested a severe mental disorder.,8,Los síntomas del paciente sugerían una grave disorden mental.,0
3423,The children's laughter filled the room with happiness.,3,El rey se rió tanto que su risa llenó la habitación con alegría.,8
3424,her rising popularity on social media was impressive,3,su creciente popularidad en las redes sociales era impresionante,3
3425,She injured her wrist while playing tennis.,4,Ella se lastimó la muñeca mientras jugaba tenis.,5
3426,The farmer carefully loaded the tractor with equipment to prepare the fields.,6,El agricultor cargó con cuidado el tractor con equipo para preparar los campos.,7
3427,The soap created a rich foam in the sink after washing dishes.,6,El jabón creó una rica espuma en el fregadero después de lavar los platos.,6
3428,The unity of the two teams was evident in their synchronized movements on the field.,2,La unidad de los dos equipos era evidente en sus movimientos sincronizados en el campo.,2
3429,The London Borough of Hackney is a local government area within the London metropolitan region.,3,El Municipio de Hackney de Londres es una zona de gobierno local dentro de la región metropolitana de Londres.,2
3430,The family lived in a grand mansion with beautiful gardens.,7,La familia vivía en una mansión grande con jardines hermosos.,6
3431,The gardener attached the watering can to the end of the hose.,5,El jardinero colocó el recipiente de riego en la punta del caño.,7
3432,The architectural firm designed a sustainable and innovative building for the city.,2,La empresa arquitectónica diseñó un edificio sostenible e innovador para la ciudad.,0
3433,The parrot perched on my shoulder was repeating my favorite phrase.,2,El parrot que se sentaba encima de mi hombro repetía mi frase favorita.,0
3434,She went to the diner for breakfast and ordered pancakes.,5,Ella fue al comedor para desayunar y ordenó panqueques.,4
3435,The cookie crumbled in my hand as I bit into it.,0,El galleta se desmoronó en mi mano al mordertela.,0
3436,Gambling has become increasingly popular in online casinos and sportsbooks.,1,El juego de azar ha adquirido una popularidad creciente en los casinos en línea y apostas de deportes.,0
3437,The doctor tried to reassure her about her condition.,5,El médico trató de tranquilizarla sobre su condición.,0
3438,The electronic device was designed to be compact and efficient.,2,El dispositivo electrónico fue diseñado para ser compacto y eficiente.,3
3439,The staircase was so slippery that I had to hold onto the railing for dear life.,5,El ascensor era tan resbaladizo que tenía que aferrarme al barandal para no caer,5
3440,The company's CEO was called in for an inspection after allegations of misconduct were raised.,9,La CEO de la empresa fue llamada a una inspección después de que se le hicieron acusaciones de malversación de fondos.,10
3441,The camera's lens was replaced after it became cloudy with age.,3,La cámara tenía un lente viejo y lo reemplazaron después de que se volvió nublado con el tiempo.,5
3442,The car is set to automatic mode for the highway drive.,7,El coche esta configurado en modo automatico para la conduccion en la autopista.,6
3443,The bleak weather forecast forced us to cancel the outdoor picnic.,2,La precaria previsión meteorológica obligó a cancelar la pícnicosa al aire libre.,0
3444,She pressed the brake pedal with her foot.,4,Ella presionó el acelerador con su pie.,0
3445,"The crowd joined the choir, adding their voices to the chorus.",11,"La gente se unió al coro, sumando sus voces a la canción.",6
3446,She wore a pair of jeans to the concert.,6,Ella llevaba un par de vaqueros al concierto.,6
3447,The grumpy old man complained to the customer service.,2,El hombre viejo y gromosito quejó con el servicio al cliente.,0
3448,The politician's mandate was to create jobs in the region.,3,El mandato del político era crear empleos en la región.,2
3449,The monetary policy of the government aimed to reduce inflation.,2,La política monetaria del gobierno buscaba reducir la inflación.,0
3450,the new restaurant in town is desirable to foodies.,7,el nuevo restaurante en la ciudad es deseable para los amantes de la comida.,8
3451,The company's commitment to transparency has helped build trust with its customers.,5,El compromiso de la empresa con la transparencia ha ayudado a construir confianza con sus clientes.,8
3452,The rapper's fast-paced flow added to the energy of the concert.,0,La velocidad del ritmo del rapista añadió energía al concierto.,0
3453,The gardener carefully removed the worm from the soil.,6,El jardinero cuidadosamente sacó el gusano del suelo.,6
3454,The company signed a lease on the new office space.,5,La compañía firmó un arrendamiento en el espacio oficiero nuevo.,5
3455,The weather forecast predicted a drizzle for the entire morning.,6,El pronóstico del tiempo previo una llovizna durante toda la mañana.,7
3456,The traffic light indicates when to proceed.,0,El semáforo indica cuándo puede avanzar.,0
3457,The prominent leader of the company was featured on the front page of the newspaper.,2,El líder prominente de la empresa fue destacado en la portada del periódico.,3
3458,her passion was fueled by a growing intensity in the city's protests,8,su pasión estaba impulsada por una creciente intensidad en las protestas de la ciudad,8
3459,The company was required to pay the levy on its profits.,8,La empresa fue obligada a pagar el impuesto sobre sus ganancias.,8
3460,The driver's rage behind the wheel was a major concern for the passengers.,3,El enfado del conductor detrás del volante era un gran preocupación para los pasajeros.,0
3461,She showed remarkable bravery in the face of danger.,4,Ella mostró una valentía asombrosa en la cara del peligro.,4
3462,She felt guilty for breaking the vase without asking permission.,0,Ella sintñ la culpa por romper el vaso sin pedir permiso.,4
3463,The family enjoyed watching the sunset from their balcony on warm summer evenings.,9,La familia disfrutó de observar el atardecer desde su balcón en las tardes cálidas de verano.,10
3464,,0,,0
3465,She struggled to overcome her weakness and achieve success.,6,Ella luchó para superar su debilidad y lograr el éxito.,6
3466,Her decisiveness in the business meeting led to a successful proposal.,0,Su decisión en la reunión empresarial llevó a una propuesta exitosa.,0
3467,The new policy is a topic of debate among employees.,6,El nuevo régimen es un tema de debate entre los empleados.,6
3468,Her honesty was truly appreciated by her colleagues.,2,Su honestidad fue realmente apreciada por sus colegas.,2
3469,The eagle's sharp beak snapped shut around its prey.,4,La aguiluca golpea su presa con el pico afilado.,8
3470,She ate her porridge with fresh fruit and a drizzle of honey.,4,Ella comió su gachas con frutas frescas y un chorrito de miel.,4
3471,The seatbelt is designed to be a protective feature for drivers.,8,El cinturón de seguridad está diseñado para ser un elemento protector para los conductores.,11
3472,The boxer wore gloves to protect his hands.,2,El boxeador llevaba guantes para proteger sus manos.,2
3473,She bought a piece of candy for her brother at the store.,6,Ella compró un trozo de caramelo para su hermano en la tienda.,6
3474,She added thyme to the soup for extra flavor.,3,Ella agregó tomillo al caldo para agregar sabor adicional.,3
3475,She poured herself a shot of brandy to warm up.,7,Ella se servía un trago de brandy para calentarse.,7
3476,The bookshelf was on the third storey of the library,7,La estantería estaba en el tercer piso de la biblioteca,7
3477,The estuary is home to a diverse array of marine life.,2,El estuario es hogar de una variedad diversa de vida marina.,2
3478,Her optimism inspired her team to push through the difficult project.,2,El optimismo de ella inspiró su equipo a superar el proyecto complicado.,2
3479,The company's earnings were higher than expected this quarter.,3,Las ganancias de la empresa fueron más altas que se esperaban este trimestre.,2
3480,The savage beast attacked its owner without warning.,2,El salvaje león atacó a su dueño sin previo aviso.,2
3481,"The daring heist was caught on camera, revealing the mastermind behind the robbery.",13,"La audaz agresión fue grabada en cámara, revelando al cerebro detrás del robo.",13
3482,The cub explored its new surroundings with curiosity.,2,El cachorro exploraba sus nuevos entornos con curiosidad.,2
3483,"After puncturing his tyre, John had to change it before continuing the trip.",4,"Después de hacer un agujero en su neumático, Juan tenía que cambiarlo antes de seguir el viaje.",8
3484,She likes to chew on crunchy apples in winter.,4,Ella le gusta masticar manzanas crujientes en invierno.,4
3485,"On our safari, we saw a pride of lions and a herd of elephants.",3,"En nuestro safari, vimos un prado de leones y una manada de elefantes.",3
3486,The rock was a significant obstacle to our team's hike.,6,El roca fue un obstáculo significativo para nuestra expedición de senderismo.,5
3487,The company develops and distributes a wide range of software solutions.,10,La empresa desarrolla y distribuye una amplia variedad de soluciones de software.,12
3488,The developer spent all night fixing the bug in the application.,2,El desarrollador pasó por toda la noche arreglando el problema en la aplicación.,2
3489,She peeled a pear and ate it for dessert.,4,Ella peló una pera y la comió para postre.,4
3490,My papa loves to garden.,2,Mi papá ama jardinar.,2
3491,The flock of sheep grazed peacefully in the green meadow.,2,El rebaño de ovejas pastó pacíficamente en el prado verde.,2
3492,The music had a beautiful melody that moved the audience to tears.,6,La música tenía una melodía hermosa que conmovió al público a lágrimas.,5
3493,The seventh hour of a movie is usually less busy than the first.,2,La séptima hora de una película suele ser menos concurrida que la primera.,0
3494,Steve Jobs was the founder of Apple Computers.,5,Steve Jobs fue el fundador de Apple Computers.,5
3495,The mahogany paneling in the room added a touch of elegance to the space.,2,El acabado en caoba del comodin añadió un toque de elegancia al espacio.,4
3496,The communist ideology has been influential in shaping modern politics and economies around the world.,2,La ideología comunista ha sido influente en moldear la política y la economía modernas en todo el mundo,3
3497,Her family has been involved in agriculture for generations.,7,Su familia se ha involucrado en agricultura durante generaciones.,7
3498,The company saw its new factory as a major asset in expanding its operations.,10,La empresa consideró su nueva fábrica como un activo importante en el expansión de sus operaciones.,9
3499,She added a drizzle of syrup to her pancakes for extra sweetness.,6,Ella agregó una gota de jarabe a sus pancakes para añadir más dulzura.,6
3500,The oyster was served raw with a squeeze of lemon.,2,El ostra se sirvió crudo con un poco de limón,2
3501,The ban on flavored tobacco products is part of the government's effort to reduce smoking rates.,5,La prohibición de los productos de tabaco con sabor es parte del esfuerzo del gobierno para reducir las tasas de fumadores.,7
3502,"The hikers stood at the brink of the steep drop, holding onto each other tightly.",6,"Los senderistas se encontraban en el borde del descenso abrupto, manteniéndose unos a otros apretados firmemente.",7
3503,She enjoyed munching on a snack while watching TV.,6,Ella disfrutó mordisqueando un aperitivo mientras veía la televisión.,5
3504,She whisked the eggs until they were light and fluffy.,0,Ella batidor los huevos hasta que estaban ligeros y esponjosos.,2
3505,The priest led the mourners to the coffin where they would pay their respects.,8,El sacerdote llevó al grupo de luto hasta el ataúd donde se les pedía que hicieran sus homenajes.,10
3506,The violinist's technical skill was impressive,0,Las habilidades técnicas del violinista eran impresionantes,0
3507,The veteran returned home to a hero's welcome after serving several tours of duty in Iraq.,2,El veterano regresó a casa con un recibimiento hermoso después de varios tours de servicio en Irak.,2
3508,The security guard took his position as the second in line to receive the award.,0,El guarda de seguridad tomó su posición como segundo en línea para recibir el premio.,9
3509,The loop counter increments at the end of each iteration.,2,El contador del bucle aumenta en el final de cada iteración.,4
3510,The company had to adapt to the changing market conditions.,5,La empresa tuvo que adaptarse a las condiciones del mercado cambiantes.,0
3511,The new business plan made the project viable again.,8,El nuevo plan de negocios hizo que el proyecto fuera viabilidad nuevamente.,0
3512,She snuggled up next to him on the couch and started to cuddle.,13,Ella se acurrucó junto a él en el sofá y comenzó a abrazarle.,0
3513,"The artist's style was patchy, making it difficult to identify her as a specific movement.",5,"El estilo del artista era irregulare, lo que lo hacía difícil identificarlo como un movimiento específico.",0
3514,The family lived in a small hut on the outskirts of the village.,7,La familia vivía en una pequeña cabaña al borde del pueblo.,7
3515,The actress wore a glamorous wig to the movie premiere.,6,La actriz llevaba una peluca glamorosa al estreno del película.,5
3516,The company's new tactic is to outsource some of its operations.,4,La empresa nueva táctica es salir a concesionar algunas de sus operaciones.,4
3517,The company's default shipping method was changed to save time during the holiday season.,3,El método de envío predeterminado de la empresa fue cambiado para ahorrar tiempo durante la temporada de fiestas.,0
3518,She let out a heck when the team lost the game.,5,Ella lanzó un demonios cuando el equipo perdió el juego.,4
3519,She picked up her groceries from the trolley at the supermarket.,8,Ella pescó sus compras de supermercado desde el carrito en la tienda.,9
3520,The office printer was in dire need of replacement after years of heavy printing.,14,La impresora del despacho estaba en su última etapa después de años de uso intensivo.,0
3521,The tortoise slowly made its way across the desert sand.,2,La tortuga avanzaba lentamente por la arena del desierto.,2
3522,She felt a deep satisfaction with her decision to take the job.,5,Ella sintió un profundo sentimiento de satisfacción al tomar la decisión de aceptar el puesto.,7
3523,The rescue team worked tirelessly to alleviate the distress of the stranded hikers.,9,El equipo de rescate trabajó incansablemente para aliviar la angustia de los senderistas atrapados.,10
3524,She has been a faithful friend throughout our struggles.,5,Ha sido fiel amiga a lo largo de nuestras luchas.,3
3525,The company's expansion into new markets has increased its revenue significantly.,3,La expansión de la empresa a nuevos mercados ha aumentado su ingresos significativamente.,2
3526,"At the wedding, the groom walked down the aisle with his bride.",5,"Al entrar en el altar, el novio caminó por el pasillo con su novia.",7
3527,The security system uses a camera to detect intruders.,8,El sistema de seguridad utiliza una cámara para detectar intrusos.,9
3528,The player wore shorts to the game to stay cool.,4,El jugador llevaba pantalones cortos al juego para mantenerse fresco.,0
3529,She used her cunning to outwit the thief,4,Ella utilizó su astucia para engañar al ladrón,0
3530,"The origin of the company is in Tokyo, Japan.",2,"El origen de la empresa es en Tokio, Japón.",2
3531,The creamy frosting on top of the cake was a delight to eat.,2,La mantequilla de creamo en la parte superior del pastel era un placer comer.,0
3532,The recipe calls for a fraction of a teaspoon of salt.,6,La receta requiere una fracción de cucharadita de sal.,5
3533,"The tourist paid with her credit card, a sterling to cover the cost.",9,"La turista pagó con su tarjeta de crédito, un esterlina para cubrir el costo.",10
3534,We need to load more cargo onto the ship before it sets sail.,6,Necesitamos cargar más carga sobre la embarcación antes que zaque.,4
3535,The band's trumpet player took center stage to solo in the symphony.,3,El músico del trompeta de la banda tomó el centro del escenario para tocar un solo en la sinfonía.,4
3536,The mere idea of skydiving made me nervous.,2,La simple idea de hacer saltos en paracaídas me hizo nervioso.,0
3537,The two trains ran parallel to each other on the same track.,5,Los dos trenes corriron paralelos entre sí en la misma vialidad.,0
3538,The will left by the deceased was a testament to her love for her family,9,El testamento dejado por el difunto fue un testimonio de su amor por su familia,2
3539,The judge was a respectable figure in the community.,5,El juez era una figura respetable en la comunidad.,6
3540,The hospital's tissue regeneration program helped the patient recover from his injury.,4,La programa de regeneración de tejidos del hospital ayudó al paciente a recuperarse de su lesión.,4
3541,She looked at her peer with admiration.,5,Ella miró su compañero con admiración.,4
3542,The truck ran on diesel for its long haul.,5,El camión se alimentaba de diesel durante su larga conducción.,6
3543,The galaxy is a vast expanse of stars and planets that is still mostly unexplored.,2,La galaxia es un gran espacio lleno de estrellas y planetas que todavña están poco explorados.,2
3544,The quarry was a major source of limestone for construction projects nearby.,2,La cantera era una fuente importante de calcito para proyectos de construcción cercanos.,2
3545,The salad consisted mainly of crisp lettuce and juicy tomatoes.,7,La ensalada estaba compuesta principalmente por lechuga fresca y tomates jugosos.,7
3546,She felt a deep sense of gratitude for the blessing of good health.,10,Ella sintió un profundo sentimiento de gratitud por la bendición de una buena salud.,10
3547,The couple's intimate conversation was filled with laughter.,3,La conversación íntima del couples fue llena de risas.,0
3548,The investigative journalism team worked tirelessly to uncover the truth behind the scandal.,3,El equipo de periodismo de investigación trabajó incansablemente para descubrir la verdad detrás del escándalo.,4
3549,She used a disguise to get into the party without being recognized.,4,Ella usó un disfraz para entrar al partido sin ser reconocida.,4
3550,The speech was memorable for its powerful message.,4,La discursa fue memorable por su poderoso mensaje.,4
3551,The team will unite to achieve their common goal.,4,El equipo se unirá para lograr su objetivo común.,0
3552,The royal family was invited to attend the ceremony in honor of their royalty.,14,La familia real fue invitada a asistir al ritual en honor de su realeza.,14
3553,She carefully tucked the blanket around her shoulders.,0,Ella met el manto alrededor de sus hombros con cuidado.,0
3554,The ship began to drift away from the shore.,5,El barco comenzó a deriva lejos de la costa.,5
3555,"The hikers trekked through the vast wilderness, taking in the breathtaking views.",7,"Los senderistas recorrieron el gran yermo vasto, tomando en la vista impresionante.",6
3556,The company's spokesman answered questions from reporters at the press conference.,3,El portavoz de la compañía respondió a preguntas de los periodistas en la conferencia de prensa.,2
3557,The pier was built in the 19th century and still hosts many fishing and boating activities.,2,El muelle fue construido en el siglo XIX y todavña alberga muchas actividades de pesca y navegación.,2
3558,"After exercising, I need to rest my lungs for a while.",0,"Después de hacer ejercicio, necesito descansar mis pulmones durante un rato.",0
3559,The company's bulk order included a thousand boxes.,3,El pedido en volumen de la empresa incluyó mil cajas.,4
3560,She put on her favorite glove to play tennis.,6,Ella puso su guante favorito para jugar tenis.,4
3561,The old mosque in the city was filled with the scent of incense.,3,La vieja mezquita en la ciudad estaba llena del olor de encienso.,3
3562,She reached into her wallet to pay for the coffee.,5,Ella tomó su cartera para pagar el café.,4
3563,The baby started to wiggle in her arms.,5,El bebé empezó a meneo en los brazos.,5
3564,The abandoned house had a creepy atmosphere that made us want to leave.,6,La casa abandonada tenía un ambiente espeluznante que nos hizo querer salir.,7
3565,She loves surfing in the Pacific Ocean.,3,Ella disfruta surfear en el Océano Pacífico.,0
3566,She is seeking coaching to prepare for her marathon running event.,4,Ella busca entrenamiento para prepararse para su evento de correr maratón.,3
3567,The literary critic analyzed the author's use of language in the novel.,2,El crítico literario analizó el uso del autor de la lengua en la novela.,3
3568,The notorious fugitive was finally caught after years of evading capture.,2,El notorio fugitivo fue finalmente capturado después de años de evadir la captura.,2
3569,She is moving to her new residence in the city.,7,Ella está mudándose a su nueva residencia en la ciudad.,7
3570,She was able to adapt quickly due to her high flexibility.,11,Ella pudo adaptarse rápidamente debido a su alta flexibilidad.,9
3571,The unbeaten champion won her fifth title in a row.,2,El campeona invicta ganó su quinta título consecutivo.,0
3572,The vegetarian restaurant down the street offers a variety of delicious plant-based dishes.,2,El restaurante vegano al pie de la calle ofrece una variedad de deliciosas comidas sin carne.,0
3573,"The company is committed to being a progressive employer, offering training and development opportunities.",8,"La empresa se compromete a ser empleador progresivo, ofreciendo oportunidades de formación y desarrollo.",8
3574,The server is mounted on a rack in the data center.,7,El servidor se monta en un estante en el centro de datos.,7
3575,She felt a deep despair after losing her job.,5,Ella sintió una profunda desesperación después de perder su trabajo.,5
3576,Please exercise caution when walking on uneven terrain.,3,"Por favor, ejerce precaución cuando camines sobre terreno desigual.",4
3577,She took her pill before bed every night.,4,Ella tomó su píldora antes de acostarse cada noche.,4
3578,My nephew came to visit me over the weekend.,2,Mi sobrino vino a visitarme el fin de semana.,2
3579,The teacher spent most of her class time explaining the nuances of grammar to her students.,13,La profesora pasó la mayor parte del tiempo de su clase explicando los matices de la gramática a sus estudiantes.,17
3580,The movie star's mistresses were widely reported on by the tabloids.,0,Las amantes del estrella de cine fueron ampliamente informadas por los periódicos sensacionalistas.,0
3581,The government was criticized for its transparent decision-making process.,7,La administración fue criticada por su proceso de toma de decisiones transparente.,12
3582,The company's new policy aims to increase employee mobility.,9,El nuevo acuerdo de la empresa busca aumentar la movilidad de los empleados.,10
3583,The city's sanctuary offered a peaceful escape from the chaos outside.,3,La ciudad del santuario ofreció una escapada pacífica desde la caótica callejera fuera.,4
3584,She had to repair her high-heeled shoes before going on stage.,0,Tenía que reparar sus zapatos con talón altos antes de subir al escenario.,7
3585,She wore a flowy skirt to the garden party.,5,Ella llevaba un falda floreado a la fiesta en el jardín.,4
3586,The warning sign indicated a potential hazard on the road.,7,El cartel de advertencia indicaba un peligro en la carretera.,7
3587,The new regulator will oversee the entire industry to ensure compliance.,3,El nuevo regulador supervisará toda la industria para asegurar cumplimiento.,3
3588,The new manager will be the employer of all employees in the company.,7,El nuevo gerente será el empleador de todos los empleados en la empresa.,6
3589,He spent hours each morning shaping his moustache for the big day.,8,Pasó  horas cada mañana arreglando su bigote para el gran día.,7
3590,You must pass a background check before being hired for the job.,0,Debes pasar un chequeo de antecedentes antes de ser contratado para el puesto.,0
3591,She had to run over three hurdles in the obstacle course.,0,Ella tuvo que correr tres obstáculos en el curso de obstáculos.,0
3592,She loves skiing in the Swiss Alps every winter.,3,Ella adora esquí en las Alpes suizos cada invierno.,3
3593,She put a curse on the rival team.,4,Ella puso una maldición sobre el equipo rival.,4
3594,The chef carefully fillet the salmon to prepare it for grilling.,4,El chef corta el salmón filete cuidadosamente para prepararlo para asar.,6
3595,The city was hit by a category 5 hurricane that caused widespread destruction.,9,La ciudad fue golpeada por un huracan categoría 5 que causó devastadora destrucción.,0
3596,The company celebrates diversity in its hiring practices to attract talented candidates from all over the world.,4,La empresa celebra la diversidad en sus prácticas de contratación para atraer candidatos talentosos de todo el mundo.,5
3597,The birds migrated south for the winter.,0,Las aves migraron hacia el sur para pasar el invierno.,0
3598,The psychologist studied the psychological effects of trauma on her patients.,5,El psicólogo estudió los efectos psicológicos del trauma en sus pacientes.,0
3599,The teacher will inform the class about the upcoming exam.,4,El profesor informará a la clase sobre el próximo examen.,0
3600,The indoor plants needed more water than the outdoor ones.,2,"Las plantas interior, necesitaban más agua que las plantas exterior.",3
3601,The vase remained intact after the earthquake,4,La vasija permaneció intacta después de la terremoto,0
3602,The government will impose a tax on luxury goods next year.,4,El gobierno impone un impuesto sobre bienes de lujo al comienzo del siguiente año.,0
3603,The ice skater's skin was icy from the cold air.,6,La patinadora de hielo tenía la piel helada desde el aire frío.,0
3604,The Statue of Liberty is an iconic symbol of freedom in the United States.,0,La Estatua de la Libertad es un símbolo icónico de la libertad en los Estados Unidos.,0
3605,The company faced a crushing doom after the scandal broke out.,6,La compañía se encontró con un abismo sin saluda después del escándalo estalló.,0
3606,The biology department at Harvard University is renowned for its research in ecology and conservation biology.,2,El departamento de biologúmia en la Universidad de Harvard es conocido por su investigación en ecología y biologúmia de conservación.,0
3607,The human eye can see a wide spectrum of colors,8,El ojo humano puede ver un amplio espectro de colores,8
3608,The bank has multiple operators to handle the large number of customers,0,El banco tiene varios operadores para manejar el gran número de clientes,0
3609,The lead singer held a microphone to her mouth as she began to sing.,6,La cantante de cabeza sostuvo un microfono en su boca mientras comenzaba a cantar.,7
3610,Her hard work and dedication were the primary sources of her motivation.,12,Su trabajo duro y dedicacion fueron las principales fuentes de su motivacion.,0
3611,"As she looked at the old photograph, she felt sentimental about her childhood.",10,"Mientras miraba la antigua fotografía, sintió sentimiento y recuerdos de su infancia.",0
3612,The taxation system in many countries is complex and involves various forms of revenue collection.,2,El sistema de impuestos en muchos países es complejo y involucra diversas formas de recolección de ingresos.,4
3613,The teacher had to interrupt the presentation to address a technical issue.,5,El profesor tuvo que interrumpir la presentación para abordar un problema técnico.,5
3614,She let her conscience be her guide as she navigated the difficult decision.,4,Dejó que su conciencia fuera su guía mientras navega la difícil decisíon.,4
3615,The football players fought over the right to control the entire turf.,12,Los jugadores de fútbol lucharon por el derecho a controlar toda la hierba,0
3616,The car's fuel efficiency is measured in litres per kilometre.,0,La eficiencia del vehiculo es medida en litros por kilometro.,0
3617,"She is a slim girl, with a athletic build.",4,"Ella es una chica delgada, con un cuerpo atlético.",0
3618,The orphanage was founded to adopt children from all over the world.,6,El refugio fue fundado para adoptar niños de todo el mundo.,6
3619,The knight held up his shield to defend himself from the dragon's flames.,6,El caballero sostuvo su escudo mientras se defendía de los rayos del dragón.,5
3620,She went to catch some waves and have fun while surfing at the beach.,0,Se fue a capturar algunas olas y divertirse mientras surfear en la playa.,0
3621,She picked up the phone and began to dial her sister's number.,9,Ella tomó el teléfono y comenzó a marcar el número de su hermana.,8
3622,The company sells its products in tonnes for international trade.,0,La empresa vende sus productos en toneladas para el comercio internacional.,0
3623,The camel trekked across the dunes under the scorching sun.,2,El camello recorrió las dunas bajo el sol abrasador.,2
3624,The hikers used the relay station to call for help.,5,Los trepadores utilizaron la estación de retransmisión para llamar por ayuda.,0
3625,"As the sun set over the savannah, a leopard emerged from the tall grass.",9,"Al ponerse el sol sobre la sabana, salió de la hierba alta un leopardo.",14
3626,She will propose the new budget at the meeting tomorrow.,3,Ella proponer el presupuesto nuevo en la reunión de mañana.,2
3627,The company stored its inventory in the warehouse until it could be shipped out.,8,La empresa almacenó su inventario en el almacén hasta que podía ser transportado.,8
3628,her high integrity earned her the respect of her colleagues,3,su integridad alta le ganó el respeto de sus colegas,2
3629,She added a pinch of seasoning to the soup for extra flavor.,6,Ella agregó un pellizco de condimento al caldo para darle más sabor.,6
3630,The ship was abandoned due to the severe storm.,0,El barco fue abandonado debido al tormenta severa.,0
3631,The bird's wings began to flap rapidly as it took off.,6,Las alas del pájaro comenzaron a solape rápidamente cuando despegó.,0
3632,The company will fulfil its promise and deliver the new product on time.,4,La empresa cumplirá su promesa y entregará el nuevo producto en tiempo,0
3633,"The new smartphone was very costly, but it came with many useful features.",6,"El nuevo teléfono inteligente era costoso, pero vino con muchas útiles características.",6
3634,The protein in the egg white is essential for its binding properties.,2,La proteína en el blanco de huevo es esencial para sus propiedades de unión.,2
3635,The red tape in the bureaucracy made it difficult for her to get a loan.,6,La burocracia le hizo difícil obtener un préstamo,2
3636,"After her haircut at the salon, she felt like a new person.",6,"Después de su corto de pelo en el salón, se sintió como una persona nueva.",9
3637,Her words conveyed a sense of clarity that inspired confidence in her leadership.,7,Suaves palabras transmitieron un sentido de claridad que inspiró confianza en su liderazgo.,7
3638,"The tsunami warnings were issued for the entire coastline, as the storm was expected to bring a massive tsunami wave.",2,"Se emitieron advertencias de tsunami para toda la costa, ya que se esperaba que el temporal trajo una gran ola del tsunami",5
3639,The museum displayed the plaque on its main entrance to honor its founder.,5,El museo colocó la placa en su entrada principal para honrar a su fundador.,5
3640,The American embassy in Tokyo issues visas to citizens of many countries.,3,La embajada americana en Tokio emite visados a ciudadanos de muchos países.,2
3641,The rock duo has been touring for months.,3,El dúo de rock ha estado en gira durante meses.,2
3642,"After a long day at the office, she likes to unwind with a visit to her favorite spa.",18,"Después de un largo día en el trabajo, le gusta relajarse con una visita a su spa favorito.",17
3643,The concert is scheduled to occur tonight.,6,La noche del concierto está programada para ocurrir esta noche.,8
3644,The compound of nitrogen and oxygen is a key component in the production of fertilizers.,2,El compuesto de nitrógeno y oxígeno es una clave en la producción de fertilizantes.,2
3645,The catering company was hired to provide food and drinks for the corporate event.,2,La empresa de catering fue contratada para proveer comida y bebidas para el evento corporativo.,4
3646,The growing number of Protestants in the country led to increased religious diversity.,0,El creciente número de protestantes en el país llevó a una mayor diversidad religiosa.,0
3647,The project was deemed unnecessary by the investors.,5,El proyecto fue considerado innecesario por los inversores.,5
3648,I have been waiting for weeks for my new shoes to arrive through shipping.,14,Hecho que espero con meses mis nuevos zapatos lleguen a través del envío.,13
3649,She was an ace at playing the piano and could play complex pieces with ease.,4,Era una as en el toque del piano y podía tocar piezas complejas con facilidad.,3
3650,"The family spent the evening in their cellar, sipping champagne and listening to music.",8,"La familia pasó la noche en su sótano, bebiendo champán y escuchando música.",8
3651,She dipped the batter into the frying pan.,4,Ella sumergió la masa en el sartén de freír.,4
3652,The city was known for its diverse cultural scene.,7,La ciudad era conocida por su escena cultural diversa.,0
3653,The judge required the defendant to produce a warrant for the arrest.,9,El juez requería al acusado que produjera un orden de prisión para el arresto.,9
3654,"To determine the pricing strategy, we need to analyze customer behavior.",4,"Para determinar la estrategia de precios, necesitamos analizar el comportamiento del cliente.",6
3655,She picked up a plum from the garden and examined it closely.,5,Ella recogió una ciruela del jardín y la examinó cuidadosamente.,4
3656,She adores her dog and takes him to the park every day.,0,Ella ama a su perro y lo lleva al parque todos los días.,0
3657,She has a short temper and can get angry easily when faced with stress.,5,Ella tiene un temperamento corto y se vuelve irritable fácilmente cuando se le pone el giro en la presión.,4
3658,The audience gave a standing ovation as a gesture of appreciation for the performance.,9,El público se levantó en pie como un gesto de gratitud por la actuación.,9
3659,She put the leftovers in the freezer to keep them from spoiling.,7,Ella colocó los restos en el congelador para evitar que se pudran.,7
3660,The company will sustain its employees' benefits for the next year.,4,La empresa sostendrá los beneficios de sus empleados durante el próximo año,0
3661,She loved to twirl her spaghetti around her fork.,6,Ella disfrutaba de girar su espagueti alrededor de su tenedor.,6
3662,The precision of the microscope allowed for a detailed examination of the sample.,2,La precisión del microscopio permitió una examen detallado de la muestra.,2
3663,The student felt hopeless after failing his exams for the third time.,4,El estudiante se sintió desesperado después de fracasar en los exámenes por tercer vez.,5
3664,The daunting task required hours of preparation.,2,La tarea abrumadora requería horas de preparación.,0
3665,"The vacation was enjoyable, and we spent most of our time at the beach.",4,La vacaciones fueron agradables y pasamos la mayor parte de nuestro tiempo en la playa.,0
3666,The new policy was put forth as a proposition to the city council.,9,La nueva política se presentó como una propuesta ante el consejo municipal.,8
3667,She broke the chunk off her arm and put a bandage on it.,4,Ella separtó un trozo de su brazo y puso una cinta en lugar de eso.,4
3668,She turned on the cooker to start making dinner.,5,Ella encendió la cocina para comenzar a preparar cena.,4
3669,The moist air coming from the ocean made me feel refreshed.,2,El aire húmedo que salía del océano me hizo sentir renovado.,3
3670,The cowboy carefully placed the saddle on his horse before riding into the sunset.,6,El vaquero colocó la silla de montar en su caballo antes de entrar en el atardecer.,0
3671,The candles on the dinner table added a warm ambiance to the room.,0,Las velas en la mesa de cena agregaron un ambiente cálido al cuarto.,0
3672,the construction worker wore a hard hat and matching whites.,10,el trabajador de construcción llevaba un sombrero y blancos ajustados.,9
3673,The crunchy apple was the perfect snack for hiking.,2,La manzana crujiente fue el bocado perfecto para caminata,3
3674,The student was given detention after disrupting the class.,5,El estudiante recibió detención después de interrumpir la clase.,4
3675,The company will recreate the old logo to modernize its brand image.,4,La empresa hará recrear el logotipo antiguo para modernizar su imagen de marca.,4
3676,The unpleasant smell of rotting food filled the entire kitchen.,2,El olor desagradable del comida podrida llenó todo el cocina.,3
3677,The shepherd's clothes were very woolly from all the sheep he had been handling.,6,Los vestidos del pastor estaban muy lanaosos de todos los corderos que había maniobrado.,0
3678,"The old book had started to rot, and the pages were falling apart.",7,"El viejo libro había empezado a podredumbre, y las páginas estaban cayendo en pedazos.",7
3679,She noched an arrow into the target for practice.,4,Ella colocó una flecha en el blanco para la práctica.,4
3680,The compact car was easy to park in the crowded city.,2,El coche compacto fue fácil de estacionar en la ciudad concurrida.,3
3681,She added a pinch of cinnamon to her morning coffee for extra flavor,6,Ella agregó un pincelado de canela a su café de mañana para adquirir más sabor,6
3682,She studied plumbing to fix the leaky faucet herself.,3,Ella estudió la fontanería para reparar el grifo roto por sí misma.,4
3683,The detective examined the remains to recreate the skeleton of the victim.,9,La detective examinó los restos para reconstruir el esqueleto del víctima.,9
3684,The sale of the new smartphone was a whopping success.,9,La venta del nuevo teléfono inteligente fue un éxito extremadamente grande.,0
3685,The executive is accountable for the company's financial performance.,4,El ejecutivo es responsable de la rendición de cuentas del desempeño financiero de la empresa.,4
3686,Please inspect the contents of your delivery before signing for it.,4,"Por favor, revisa los contenidos de tu envío antes de firmar.",5
3687,The movie theater had only one slot available for advance ticket sales.,7,La sala de cine tenía solo un ranura disponible para las ventas de boletos con anticipación.,8
3688,She loves to play poker with her friends at night.,5,Ella ama jugar póker con sus amigos de noche.,4
3689,She minced the garlic before sautéing it in olive oil.,0,Ella picada la ajo antes de saltearlo en aceite de oliva.,2
3690,The mouse let out a faint squeak as it was caught.,7,El ratonizo emitó un leve chirrido al ser atrapado.,6
3691,The greedy child kept begging his parents for more candy.,2,El niño codicioso seguí solicitando recompensas de su padre.,3
3692,"After a late night, he was feeling sleepy at work.",8,"Después de una noche larga, él se sentía soñoliento en el trabajo.",9
3693,She got a tattoo of her favorite quote on her ankle.,4,Ella se tatuó un de su citado favorito en el tobillo.,0
3694,The federal court heard the case involving state laws.,2,La corte federal escuchó el caso sobre las leyes del estado.,3
3695,The merchant looked for a good deal on the items he was selling.,2,El comerciante buscaba una buena oferta en los productos que estaba vendiendo.,2
3696,The football team was relegated to the second division after finishing last in their league.,0,El equipo de fútbol fue relegado a la segunda división después de terminar último en su liga.,0
3697,She added a spoonful of yoghurt to her breakfast cereal.,6,Ella agregó una cucharada de yogur al cereal de su desayuno.,6
3698,That concert was absolutely fab!,5,Ese concierto fue absolutamente fab!,5
3699,The speed limit is 50 mph.,6,El limite de velocidad es de 50 millas por hora.,0
3700,The stock price surged during the earnings report.,0,El precio de la acción saltó durante el informe de ganancias.,0
3701,The company relies heavily on its human resources to drive innovation.,0,La empresa depende muy fuertemente de sus recursos humanos para impulsar la innovación.,0
3702,"The car collided with another vehicle, causing significant damage.",0,"El auto chocó con otro vehículo, causando daños significativos.",0
3703,The supporter of the local charity worked tirelessly to raise funds.,2,El partidario de la caridad local trabajó incansablemente para recaudar fondos.,2
3704,The cloth will soak up the spilled wine.,4,El paño absorberá el vino derramado.,0
3705,"After years of marriage, she became a widow and was forced to raise her children alone.",8,"Despues de anos de matrimonio, se convirtio en viuda y fue obligada a criar a sus hijos solos.",9
3706,She needs to steer the car to avoid the traffic jam.,4,Necesita guiar el coche para evitar el congestionamiento del tráfico.,0
3707,The company will begin recruiting applicants next month.,0,La empresa comenzará a reclutar candidatos a partir del próximo mes.,5
3708,"She had nothing left, so it was nil for her to eat.",8,"Tenía todo, pero el result­do para ella fue nulo para comer.",0
3709,She gave her brother a gentle shove to get him to move the car,7,Le dio a su hermano un empuje suave para que lo moviera el coche,0
3710,The professor will elaborate on the main concepts during the final presentation.,4,El profesor elaborará sobre los conceptos principales durante la presentación final.,0
3711,She sprinkles sugar on her pancakes in the morning.,0,Ella espolvorea azúcar en sus tortas de avena por la mañana.,0
3712,The general's tactical plan was put to the test in the fierce battle.,3,El plan táctico del comandante fue probado en la intensa batalla.,3
3713,The radiation from the sun is what makes plants grow.,2,La radiación del sol es lo que hace crecer las plantas.,2
3714,The government's policy towards capitalism has been a subject of debate among economists and politicians.,5,La política del gobierno hacia el capitalismo ha sido un tema de debate entre economistas y políticos.,7
3715,The vastness of the Grand Canyon inspires awe in all who visit it,8,"La vastedad del Gran Ca
te inspira asombro en todos aquellos que lo visitan",8
3716,The tallest giraffe at the zoo stood at 18 feet tall.,3,El jirafa más alto del zoológico midió 5.4 metros de altura,2
3717,She thought him foolish for not listening to advice.,4,Ella lo consideró tonto por no seguir consejo.,4
3718,The flowers will fade by the end of summer,4,Las flores desvanecerán por fin de verano,0
3719,The gardener pulled out the weeds from the garden.,0,El jardinero quitó las hierbas de la jardinería.,0
3720,The development of commercial aviation revolutionized global transportation.,5,El desarrollo del comercio aeronautico revolucionó el transporte mundial.,0
3721,The execution of the death sentence is carried out in a private chamber.,2,La ejecución del sentencia de muerte se lleva a cabo en un aposento privado.,2
3722,The picturesque countryside surrounded the quaint village.,0,El paisaje pintoresco rodeaba la pequeña aldea encantada.,0
3723,She threatened to quit her job if she wasn't paid on time.,0,Ella amenazó con dimitir de su trabajo si no era pagada a tiempo.,0
3724,The fireworks display was the main spectacle of the festival.,7,La presentación de fuegos artificiales fue el principal espectáculo del festival.,9
3725,The conductor carefully checked the tickets before boarding the passengers.,2,El conductor revisó cuidadosamente los boletos antes de hacer subir a los pasajeros.,2
3726,"The gloomy weather was depressing, and I just wanted to stay in bed all day.",5,"El clima grisía era deprimente, y yo solo quería quedarme en la cama todo el día.",5
3727,The professor was known for his intellectual approach to teaching complex concepts.,7,El profesor era conocido por su enfoque intelectual al enseñar conceptos complejos.,8
3728,She pushed her cart through the crowded market.,4,Ella empujó su carro a travís del mercado concurrido.,4
3729,She caught a glance of herself in the mirror before leaving the room.,4,Vio un vistazo de sí mismo en el espejo antes de salir de la habitación.,3
3730,She asked for a smaller portion of the cake.,6,Ella pidió una porción más pequeña del pastel.,4
3731,The engineer tested the new robot using a dummy to simulate different scenarios.,9,El ingeniero probó el nuevo robot con un maniquí para simular diferentes escenarios.,9
3732,The puppeteer skillfully manipulated the strings to make the puppet dance.,10,El artista habilmente manipuló las cuerdas para hacer bailar la marioneta.,11
3733,The city struggled to clean up the streets after years of heroin trafficking.,12,La ciudad luchaba por limpiar las calles después de años de tráfico de heroína.,14
3734,The team's dismal performance was a disgrace to their fans,7,El desempeño del equipo fue un desgracia para sus fanáticos,7
3735,She dominates the tennis court with her powerful serves.,0,Ella domina la pista de tenis con sus fuertes serves.,0
3736,The government agency will intervene if it finds evidence of wrongdoing.,5,El gobierno agencia actuará si encuentra evidencia de malversación.,0
3737,The museum's entrance was designed to be accessible for visitors with disabilities.,8,La entrada del museo fue diseñada para que fuera accesible para visitantes con discapacidades.,10
3738,The family's inheritance of wealth and property was substantial.,3,La familia recibió una gran cantidad de riqueza y propiedad como herencia.,12
3739,The box was designed as a container for the fragile electronics.,7,El caja fue diseñada como un contenedor para los electromóviles delicados.,7
3740,The book revealed a shocking truth about the author's past.,0,El libro reveló una verdad sorprendente sobre la vida del autor.,0
3741,"She submitted her resignation to the CEO, effective two weeks from that date.",4,"Ella presentó su dimisión al director ejecutivo, efectiva dos semanas después de esa fecha.",4
3742,She grasped the opportunity to travel the world.,0,Ella aprovechó el oportunidad de viajar al mundo.,0
3743,The police seized the suspect at the airport.,0,La policía apoderó al sospechoso en el aeropuerto.,0
3744,She took the freshly baked loaf out of the oven to let it cool.,6,Ella sacó el pan recién horneado del horno para dejarlo enfriar.,4
3745,The maid came in early to clean the entire house.,2,La criada llegó temprano para limpiar toda la casa.,2
3746,The family sailed on their yacht through the Caribbean.,6,La familia navegó por su yate a través del Caribe.,6
3747,She always kept good manners when dining at her host's house.,5,Ella siempre mantuvo buenos modales cuando comía en la casa de su anfitrión.,5
3748,The current monarchy in Japan has been on the throne for over 200 years.,3,La monarquía actual en Japón ha estado en el trono durante más de 200 años.,2
3749,The amendment to the tax code went into effect next year.,2,La enmienda al código fiscal entró en vigor al año siguiente.,2
3750,The exquisite craftsmanship of the designer made the dress truly unforgettable.,2,La habilidad del diseñador de hacer el vestido de forma verdaderamente esmerada lo convirtió en algo inolvidable.,0
3751,The company's innovative approach to sustainable energy helped reduce carbon emissions.,3,La enfoque innovador de la empresa a la energía sostenible ayudó a reducir las emisiones de carbono.,3
3752,"The weather forecast was unpredictable, making it difficult to plan outdoor activities.",5,"El pronóstico del tiempo fue impredecible, lo que complicaba planear actividades al aire libre.",6
3753,The holiday market was a festive atmosphere filled with laughter and music,6,La feria navideña era un ambiente festivo lleno de risas y música,7
3754,"She thought the joke was funny despite being told it was terrible, displaying a naive sense of humor.",15,"Ella pensaba que la broma era divertida, a pesar de serle decir que era terrible, mostrando un sentido del humor ingenuo.",21
3755,The earthquake left the city's historic center covered in rubble.,10,El terremoto dejó el centro histórico de la ciudad cubierto de escombros.,12
3756,The crunchy slices of cucumber added freshness to the summer salad.,5,Las deliciosas rebanadas de pepino añadieron frescura al ensalado estival.,5
3757,The train had to stop at the junction before entering the tunnel.,8,El tren tuvo que detenerse en el cruce antes de entrar al túnel.,8
3758,The patient was diagnosed with an alcoholic personality disorder.,7,El paciente fue diagnosticado con un trastorno de personalidad alcohólica.,0
3759,The new company's main competitor is Amazon.,5,La principal competidora del nuevo compañía es Amazon.,0
3760,The cake was so tempting that we couldn't resist having another slice.,5,El pastel fue tan tentador que no pudimos resistirnos a pedir otra rebanada.,5
3761,The soft couch made the evening very comfy and relaxing.,8,El sofá suave hizo la tarde muy cómoda y relajante.,0
3762,The hikers followed the ridge around the mountain.,5,Los escaladores siguieron el cinturón montañas en torno a la monte.ña,0
3763,Her hunger for adventure drove her to travel the world,2,El hambre por aventura la hizo viajar al mundo entero,2
3764,The restaurant served traditional ethnic cuisine from around the world.,5,El restaurante sirvió una comida étnica tradicional desde todo el mundo.,0
3765,The eighth note is played on the high string of the violin.,2,El octavo acorde se toca en el cable alto del violín.,2
3766,The farmer's productive methods led to a significant increase in crop yields.,3,Los métodos productivos del campesino llevaron a un significativo aumento en las cosechas.,0
3767,The convenient location made it an ideal spot for the picnic.,2,La ubicacion conveniente hizo de un lugar perfecto para el pícnic.,3
3768,She put on a fresh pair of socks after her workout.,0,Ella puso en su pantalón un par de calcetines frescos después de su entrenamiento.,0
3769,The new kitchen cabinet had a beautiful enamel finish that made it easy to clean.,8,La nueva cocina se estrenó con un acabado de esmalte que facilitaba su limpieza,10
3770,We will await the results of the election tonight.,3,Esperaremos los resultados de las elecciones esta noche.,0
3771,The hockey player scored a goal in the final minute of the game.,2,El jugador de hockey marcó un gol en el minuto final del partido.,4
3772,The art critic was a keen viewer of modern sculpture.,7,El crítico de arte era un espectador atento de la escultura contemporánea.,7
3773,She was hesitant to confess her mistake to the teacher.,5,Ella se sentía nerviosa al confesar su error al profesor.,6
3774,The chef added fresh herbs to the soup.,0,El chef añadió hierbas frescas al caldo.,0
3775,The laser cutter made quick work of the intricate design on the wooden table.,2,El corteador láser hizo el trabajo rápido y eficiente con la intrincada diseño en la mesa de madera.,3
3776,The killer was a cold-blooded murderer who had no remorse for his actions.,6,"El asesino era un asesino sin remordimiento, cuyo comportamiento carecía de empatía.",2
3777,The country's high consumption of energy is causing environmental damage.,4,El consumo alto del paíis es causando daños ambientales.,2
3778,The peculiar shape of the antique vase made it stand out from the rest of the collection.,2,El forma peculiar del cuenco antiguo lo convirtió en un elemento destacado de la colección.,3
3779,I just checked my email and saw that I had a new message from John.,5,Acabo de verificar mi correo electrónico y vi que tenía un nuevo mensaje del Carlos.,0
3780,She wore the jewel around her neck.,4,Ella llevaba la joya alrededor del cuello.,4
3781,She listened to records on her old record player.,0,Ella escuchó los ðrdenes en su viejo reproductor de álbumes.,0
3782,She wrapped a scarf around her neck to ward off the chill in the mountain air.,4,Ella envolvió una bufanda alrededor del cuello para defenderse del frío en el aire de la montaña.,4
3783,She can't stop staring at the beautiful sunset.,0,Ella no puede parar de fijarse en el hermoso atardecer.,0
3784,I need to know the quantity of goods in order to order enough for everyone.,6,Necesito saber la cantidad de bienes para poder pedir suficientes para todos.,4
3785,She made a significant donation to the charity organization.,5,Ella hizo una donación significativa a la organización benéfica.,4
3786,The company's distribution network spans the entire country.,3,La red de distribución de la empresa abarca todo el país.,4
3787,The coach offered words of encouragement to the struggling athlete.,6,El entrenador le ofreció palabras de ánimo al atleta que luchaba.,7
3788,The artist applied a glaze to the pottery to give it a vibrant red color.,5,El artista aplicó vidriar la cerámica para darle un color rojo vibrante.,4
3789,She preferred a skinny jeans for her summer vacation.,4,Ella prefirió un par de pantalones delgados para su vacación de verano.,0
3790,The hostile environment made it difficult for the team to work together.,2,El ambiente hostil hizo que fuera difícil para la equipo trabajar juntos.,3
3791,The company hired a scout to investigate the new market.,5,La empresa contrató un explorador para investigar el nuevo mercado.,5
3792,"The stark landscape stretched out before us, a seemingly endless expanse of barren rock.",2,"La paisaje franco y desolado se extendió antes de nosotros, un aparente inmenso de roca baldada.",0
3793,I need to schedule an appointment with my dentist to get a check-up.,9,Necesito programar una cita con mi dentista para un chequeo,7
3794,The reviewer remained anonymous in their scathing review of the movie.,4,El crítico se mantuvo anónimo en su reseña escudiciosa del film.,5
3795,"She was on a hot streak, winning game after game.",6,"Ella estaba en una raya de victorias, ganando partido tras partido.",5
3796,She spent the day bogging through the muck.,0,Ella pasó el día atravesando el pantano con dificultad.,7
3797,She placed the mat in front of the door to catch any dirt that might come inside.,4,Ella coloco la esterilla en frente de la puerta para atrapar cualquier polvo que pueda entrar dentro.,4
3798,The homeowner's insurance policy will cover burglary if the thief is caught within a year.,7,La pípolis de seguro del dueño le cubrirá el robo con allanamiento si el ladrón es sorprendido dentro de un áño.,0
3799,The company offered a significant salary increase as an incentive for the employee's excellent performance.,10,La empresa ofreció un aumento salarial significativo como incentivo para el buen desempeño del empleado.,9
3800,The sparkling water was extremely refreshing on a hot summer day.,2,El agua destilada era extremadamente refrescante en un día de verano caluroso.,0
3801,The army was forced to surrender after running out of ammunition,6,El ejército se rindió después de agotarse las municiones,0
3802,The company needed clearance before shipping the goods.,4,La empresa necesitaba una autorización antes de entregar los bienes.,5
3803,The teacher considered the student's joke inappropriate for the classroom.,7,El profesor consideró el chiste del estudiante inapropiado para la sala de clase.,8
3804,The United States was an ally of the British government during World War II.,6,El Estados Unidos fue un aliado del gobierno británico durante la Segunda Guerra Mundial.,6
3805,The sales team reviewed the array to identify trends and patterns.,6,El equipo de ventas revisó la matriz para identificar patrones y tendencias.,7
3806,The organization runs several lodges in the mountains.,0,La organización gestiona varias cabañas en las montañas.,0
3807,Many people choose to donate to their favorite charities during the holiday season.,5,Muchas personas eligen donar a sus organizaciones favoritas durante la temporada de fiestas.,4
3808,The company will extract all relevant data from the database.,4,La empresa extraerá todos los datos pertinentes del banco de datos.,0
3809,The genetic disorder was passed down from generation to generation.,2,El trastorno genético se transmitió de generación en generación.,3
3810,She took a peek at the present before giving it to him.,4,Ella tomó un vistazo al regalo antes de dárselo él.,4
3811,The sailor returned home after a long voyage.,2,El marinero regresó a casa después de una larga travesía.,2
3812,The patient was writhing in agony after the surgery.,6,El paciente se torticollía en agonía después de la cirugía.,6
3813,The designer carefully chose shades for the windows to block out harsh sunlight.,5,El diseñador eligió cuidadosamente sombras para las ventanas para bloquear la intensa luz solar.,5
3814,The pollution from the factory's emissions is causing serious harm to local wildlife.,2,La contaminación generada por las emisiones de la fábrica está causando graves daños a la vida silvestre local.,2
3815,The temptation to take the shortcut was too great to resist.,2,La tentación de tomar el atajo era demasiado grande para resistirse.,2
3816,She exercised her discretion when choosing a career path that aligned with her passions.,4,Ella ejerció su discreción al elegir un camino profesional que se ajustaba a sus pasiones.,4
3817,Her addiction to coffee was finally starting to take its toll on her health.,2,Su adicción al café estaba finalmente comenzando a tener efectos negativos en su salud,2
3818,Her creativity inspired the team to come up with a groundbreaking new product.,2,La creatividad de ella inspiró al equipo para crear un producto revolucionario,2
3819,The glow of the neon sign illuminated the dark street.,2,El resplandor de la señal neón iluminaba la calle oscura.,2
3820,The lobby was decorated with expensive artwork and furniture.,2,El vestíbulo estaba decorado con arte y muebles caros.,2
3821,The firework will explode in the air tonight.,4,El fuego artificioso explotará en el aire esta noche.,0
3822,She leaned on her cane after the surgery to rest her ankle.,5,Ella se apoyó en su caña después de la cirugía para descansar el tobillo.,6
3823,Her voice was faint in the crowded auditorium.,4,Su voz era débil en el gran auditorio lleno de gente.,4
3824,The couple took to the floor to waltz across the crowded ballroom.,8,El dúo se dirigió al piso para valsar a través del salón relleno.,0
3825,The artist's unique style made each painting distinctly recognizable.,0,La estilo único del artista hizo que cada cuadro fuera reconocible de manera distintiva.,0
3826,The company has a trillion-dollar valuation.,0,La empresa tiene una valoración de un billón dólares.,8
3827,The mechanical watch was passed down through generations of her family.,2,La relojera mecánica fue pasada de generación en generación por su familia.,0
3828,"The old fisherman sat on the dock, watching the sunset.",3,El viejo pescador sentado en el muelle miraba el atardecer.,3
3829,The entire voyage across the ocean was a transformative experience.,3,El viaje entero por el océano fue una experiencia transformadora.,2
3830,The company's historical archive is maintained by a team of dedicated archivists.,4,El archivo histórico de la empresa es mantenido por un equipo de arquitectos dedicados.,2
3831,The car accident was traumatic for the family involved.,5,El accidente de coche fue traumático para la familia involucrada.,6
3832,The Statue of Liberty is an iconic monument in New York Harbor.,8,La Estatua de la Libertad es un monumento icónico en el puerto de Nueva York.,8
3833,"The company underwent significant refurbishment after the fire, but was still able to reopen on time.",5,"La compañía subió por una rehabilitación significativa después del incendio, pero aún pudo reabrir en tiempo.",0
3834,The temperature was so low that it was below the threshold for frost damage,11,La temperatura era tan baja que se encontraba por debajo del umbral para daños debido a la congelación,12
3835,The doctor will heal the wound with stitches.,4,El médico curará la herida con hilo de sutura.,0
3836,There was a rumour that the concert had been cancelled.,4,Hubo un rumor de que el concierto había sido cancelado.,3
3837,The use of cocaine can lead to serious health problems and addiction.,4,El uso de cocaína puede causar problemas de salud graves y adicción.,4
3838,The company specializes in copying technology.,5,La empresa se especializa en copia de tecnología.,6
3839,The manufacturer of the car is responsible for its safety features.,2,El fabricante del auto es responsable de sus características de seguridad.,2
3840,"The plot of the movie was absurd, with characters behaving in ridiculous ways.",7,"La trama del film era absurda, con personajes comportándose de formas ridículas",0
3841,The old mansion was spooky and full of secrets.,5,La antigua mansión era espeluznante y llena de secretos.,5
3842,She was just mocking her little brother's dance moves.,0,Ella solo se burlaba de los movimientos de baile de su pequeño hermano.,0
3843,The central message of Christianity is known as the gospel.,10,La mensagem central del cristianismo se conoce como el evangelio.,10
3844,She blinked rapidly at the bright light.,0,Ella parpadeó rápidamente ante la intensa luz.,0
3845,The refugee sought asylum from the war-torn country and was granted residency.,4,La refugiada buscó asilo en el país devastado por la guerra y fue otorgada residencia.,4
3846,The chef added extra stuffing to the turkey for good luck,5,El chef agregó más relleno al pavo para buena suerte,5
3847,The store's seasonal sale features discounted gifts,3,La tienda ofrece una venta estacional con regalos descritos a precios reducidos,6
3848,The humanitarian organization provided emergency aid to the affected families.,2,La organización humanitaria brindó ayuda de emergencia a las familias afectadas.,0
3849,The new employee will start on Monday morning.,3,El nuevo empleado comenzará el lunes por la mañana.,3
3850,The successive years of drought had devastating effects on the environment.,2,Los años sucesivos de sequía tuvieron efectos devastadores en el medio ambiente.,0
3851,She asked him to trim the hedge before the party.,5,Ella le pidió que recortara la hierba antes del partido.,0
3852,I reject your invitation to the party.,2,"No te invito a la fiesta, por lo que rechazas mi invitación.",0
3853,The boxer won the bout by knockout.,5,El boxeador ganó el combate por nocaut.,5
3854,She carefully tied the rope into a secure knot to climb the mountain.,9,Ella amarró la cuerda en un nudo seguro para subir a la montaña.,7
3855,The new book was widely published in major literary magazines.,0,La nueva novela se publicó ampliamente en revistas literarias importantes.,0
3856,Her embarrassment about tripping in front of her friends made it hard for her to look anyone in the eye.,2,Su vergüenza por tropezar frente a sus amigos hizo que fuera difícil mirarlos a los ojos.,2
3857,The toilet flushed with a satisfying whoosh,0,El inodoro se vació con un suave whooshe,0
3858,She whacked the ball over the fence,0,Ella golpeó el bál sobre la reja,0
3859,She carefully followed the thread of the conversation to understand its meaning.,5,Ella siguió cuidadosamente el hilo de la conversación para entender su significado.,5
3860,"After the long flight, I arrived at the airport terminal.",10,"Después de la larga vuelta, llegué al terminal del aeropuerto.",8
3861,Her exceptional capability in math allowed her to solve the complex equations with ease.,3,Su excepcionalidad en matemáticas le permitió resolver las ecuaciones complejas con facilidad.,0
3862,the company's slogan was deemed redundant by some critics,6,la frase de la empresa con el eslogan fue considerada redundante por algunos críticos,11
3863,The company's operational plan was presented to the board of directors.,3,El plan operativo de la empresa fue presentado ante el consejo de administración.,3
3864,The crane on the construction site lifted the heavy machinery into place.,2,La grúa en el sitio de construcción levantó la maquinaria pesada a su lugar.,2
3865,The landlord met with his tenant to discuss rent increases.,6,El propietario se reunió con su inquilino para discutir incrementos en el alquiler.,7
3866,She took a firm stance against the company's decision.,5,Ella tomó una postura firme contra la decisión de la empresa.,4
3867,The horse was ridden across the field.,4,El caballo fue cabalgado por el campo.,4
3868,The professor was giving a lecture on advanced calculus.,6,El profesor estaba dando una conferencia sobre cálculo avanzado.,6
3869,The mother's affection for her child only grew stronger with time.,3,El amor de la madre por su hijo solo creció más fuerte con el tiempo.,0
3870,The researcher was placed in isolation to study the effects of prolonged solitude.,6,El investigador fue colocado en aislamiento para estudiar los efectos del soliloquio prolongado.,6
3871,The team's coach made a prediction about their chances of winning the championship.,6,El entrenador del equipo hizo una predicción sobre sus posibilidades de ganar la copa.,7
3872,"She took a contrary view on the issue, which caused tension among her colleagues.",4,"Ella tomó una visión contraria en el tema, lo que causó tensión entre sus colegas.",0
3873,The equation of a circle is used to describe its shape and size,2,La ecuación de un círculo se utiliza para describir su forma y tamaño,2
3874,The team's formation on the field was designed to confuse the opposing team's defense.,3,El equipo de fútbol adoptó una formación defensiva en la cancha para confundir la defensa del equipo contrario.,7
3875,The excessive cost of the hotel room was a major deterrent for our vacation plans.,2,El costo excesivo del habitación de hotel fue un gran obstáculo para nuestros planes de vacaciones.,3
3876,The team worked hard to strengthen their chances of winning the championship.,6,El equipo trabajó duro para fortalecer sus posibilidades de ganar la copa.,6
3877,The football game was suspended due to heavy rain.,0,El partido de fútbol se suspendió debido a la lluvia intensa.,0
3878,The dog will nip at your hand if it feels threatened.,4,El perro le dará picazos si se siente amenazado.,0
3879,The forest was dense with tall trees and underbrush,4,El bosque estaba denso de árboles altos y maleza,4
3880,She adjusted the thermostat to save energy.,0,Ella ajustó la termostato para ahorrar energía.,0
3881,Her tempting smile tempted him to buy the expensive watch.,0,Su sonrisa tentadora lo hizo comprar el reloj caro.,0
3882,The outbreak was caused by the plague that spread rapidly through the city.,7,El brote se debó a la plaga que se propagñ rápidamente por la ciudad.,7
3883,The ancient city was built inside a massive dome that protected its inhabitants from harm.,9,La antigua ciudad fue construida dentro de un gran techo de cúpula que protegía a sus habitantes del daño.,12
3884,The rocket's thrust allowed it to escape Earth's gravity,3,El motor del cohete generó el empuje necesario para escapar de la gravedad terrestre,7
3885,The movie's director offered her interpretation of the script to the critics.,6,La directora del cine ofreció su interpretación del guion a los críticos.,7
3886,The magician made the rabbit appear out of thin air.,2,El mago hizo aparecer el conejo del aire.,2
3887,"The player kicked the ball with a punt, trying to get it past the defenders.",8,"El jugador pateó el balón con un punt, intentando pasarlo por los defensores.",0
3888,it was ironic that he won the award for losing the game,0,fue ironía que hubiera ganado el premio al perder el partido,2
3889,"The striker scored the winning goal, securing their team's victory.",0,"El marcador anotó el gol ganador, asegurando la victoria de su equipo.",2
3890,The combustion of fossil fuels releases large amounts of carbon dioxide into the atmosphere.,11,La combustión de los combustibles fósiles libera grandes cantidades de dióxido de carbono en la atmósfera.,11
3891,She felt spite towards her ex-boyfriend for what he had done to her.,3,Se sintió renco hacia su exnovio por lo que había hecho con ella.,0
3892,She decided to rejoin her old team after taking some time off.,4,Ella decidió volver a su antigua equipo después de tomar tiempo libre.,0
3893,The external hard drive is where we store our backup data.,2,La unidad externa de disco duro es donde almacenamos nuestros datos de respaldo.,0
3894,Mathematics is a fundamental subject in many fields of science and engineering,1,Las matemáticas son un tema fundamental en muchos campos de la ciencia y la ingeniería,2
3895,The researcher's approach was thorough and included all relevant data.,5,El enfoque del investigador fue exhaustivo e incluyó todos los datos relevantes.,6
3896,The doctor's diagnosis was based on the patient's symptoms and test results.,3,El diagnóstico del médico se basaba en los síntomas y resultados de los tests del paciente.,2
3897,The chef carefully monitored the temperature to ensure perfect frying.,10,El chef revisó cuidadosamente la temperatura para asegurar un perfeccionado fritura.,11
3898,The architect chose granite for the building's foundation.,4,El arquitecto eligió el granito para la base del edificio.,5
3899,The rotten fish started to stink up the whole kitchen.,6,El pescado mohoso empezó a apestar toda la cocina.,6
3900,She strongly opposes the new policy.,0,Ella se opone fuertemente al nuevo régimen.,0
3901,The film criticise the director's decision to change the script.,3,La crítica del cine criticar la decisión del director de cambiar el guion.,5
3902,her academic achievements were a notable distinction in her application to graduate school.,7,sus logros académicos fueron una distinción notoria en su solicitud para ser aceptado en la escuela de posgrado.,6
3903,The banker was known for his conservative investment strategies.,2,El banquero era conocido por sus estrategias de inversión conservadoras.,2
3904,She lay her head on the pillow to rest her tired eyes.,7,Ella colocó su cabeza en la almohada para descansar sus ojos cansados.,7
3905,The company received its first shipment of new software in a large batch.,13,La empresa recibió su primera entrega de software nuevo en una gran cantidad.,0
3906,She loaded the wagon with hay before taking it out to pasture.,4,Cargó la caja de madera con paja antes de llevarla afuera al prado.,0
3907,The ageing skin requires extra moisturizing to look smooth and healthy,2,La piel envejecida requiere masitimiento adicional para parecer suave y saludable,0
3908,The green lizard basked in the warm sunlight on the rocky outcropping.,3,La lagartija verde se ponchó en la luz cálida del arroyo rocoso.,2
3909,The sommelier recommended a glass of sherry to pair with the dish.,7,El sommelier recomendó un vaso de jerez para acompañar la comida.,7
3910,The music scene experienced a revival of the 80s and 90s genres.,6,El escenario musical experimentó un renacimiento de los géneros de los 80 y 90.,0
3911,The Earth orbits the sun in its elliptical path.,0,La Tierra orbita alrededor del sol en su camino elíptico.,0
3912,She loved spending hours in their backyard patio with family and friends.,8,Ella amaba pasar horas en su patio de jardín con familia y amigos.,7
3913,The baby will crawl across the floor when she gets tired.,4,El bebé hará gatear acrús el piso cuando se cansa.,4
3914,The kayaker began to paddle across the lake.,5,La canoaista comenzó a palar a cero el lago.,0
3915,The discovery of a well-preserved fossil in the desert was a major breakthrough for paleontologists.,6,El hallazgo de un fósil bien conservado en el desierto fue un gran avance para los paleontólogos.,5
3916,The coroner's office was tasked with investigating the suspicious death.,0,El cuerpo de la fiscalía forense fue encargado de investigar la muerte sospechosa.,6
3917,The restaurant served traditional French cuisine.,6,El restaurante sirvió cocina tradicional francesa.,4
3918,She spent hours choosing the perfect hardwood flooring for her living room.,8,Ella pasó horas eligiendo el perfeccio madera para el piso del salón de su casa.,0
3919,Her unpopular opinion at the party made her stand out from the crowd.,2,Su opinón impopular en la fiesta le hizo destacar de la multitud.,3
3920,The TV show was a significant distraction during the meeting.,7,La transmisión de televisión fue una gran distracción durante la reunión.,8
3921,She remained unconscious after the accident and was unaware of her surroundings.,3,Ella permaneció inconsciente después del accidente y no estuvo consciente de sus rodeos.,3
3922,The superior court has the final say in the case.,2,El tribunal superior tiene la última palabra en el caso.,3
3923,The artist's use of authentic materials added depth to her painting.,5,El uso de materiales auténticos por la artista agregó profundidad a su pintura.,0
3924,She wore a delicate lace trim on her wedding dress.,5,Ella llevaba un bordado encaje delicado en su vestido de boda.,5
3925,"He gave her an insult about her cooking, which hurt her feelings greatly.",5,"Le dio una crítica sobre su cocina, lo que le magulló profundamente las emociones.",0
3926,The chef added a sprinkle of walnut to the salad for extra crunch.,7,El chef agregó un polvo de nuez al ensalada para añadir textura adicional.,7
3927,She invented a machine that could clean the ocean quickly.,0,Ella inventó un maquinario que podía limpiar el océano de manera rápida.,0
3928,Her high morale and dedication inspired her team to work harder.,3,Su moral alta y dedicación inspiraron a su equipo a trabajar más duro.,2
3929,She carefully checked the compass before setting out on her hike.,5,Ella revisó cuidadosamente la brújula antes de salir en su pícnic.,5
3930,The mutual agreement was reached after hours of negotiations.,2,El acuerdo mutuo se alcanzó después de horas de negociaciones.,3
3931,She bought twenty apples from the market.,3,Compró veinte manzanas del mercado.,2
3932,The daring stunt left the crowd gasping in amazement.,2,El salto audaz dejó al público sin aliento de asombro.,0
3933,She is willing to be a substitute teacher until I return from vacation.,7,Ella está dispuesta a ser maestra de suplente hasta mi regreso del vacaciones.,0
3934,The Ivy League universities are renowned for their prestigious institutions of higher learning.,9,Las universidades de la Liga Ivy son conocidas por sus prestigiosas instituciones de educación superior.,0
3935,The aerial view of the city was breathtaking.,2,La vista aérea de la ciudad era impresionante.,0
3936,The willow tree swayed gently in the breeze.,2,El árbol de sauce se mecía suavemente en el viento.,4
3937,I rummaged through the attic to find my old trunk.,0,Busqué por todo el ático en busca de mi antigua tronca.,0
3938,Her sadness was palpable in her tears.,2,Su tristeza era evidente en sus lágrimas.,2
3939,The arcade offered a booth where visitors could play classic video games.,5,El centro de entretenimiento ofreció un espacio de cabina donde los visitantes podía jugar clásicos juegos de video.,9
3940,The bully on the playground was pushing kids around,2,El matón en el parque estaba empujando niños por allá,2
3941,The company's yield on investment was higher than expected.,3,El rendimiento del negocio fue superior a lo esperado.,2
3942,The designer's classy sense of style earned her a spot on the cover of fashion magazine.,3,El sentido de estilo elegante del diseñador le valió un lugar en la portada de la revista de moda.,5
3943,The grand finale of the concert was a sold-out performance.,3,La gran final del concierto fue un show completo con todo el público presente.,3
3944,"The skier plunged down the mountain, her heart racing with excitement.",0,"El esquista se desplomó por la montaña, su corazón latiendo con emoción.",0
3945,"The staircase featured a complex spiral design, adding visual interest to the space.",6,"La escalera presentaba un diseño de espiral complejo, añadiendo interés visual al espacio.",7
3946,The patient's diagnosis of rheumatoid arthritis is based on a combination of symptoms and laboratory tests that confirm the presence of a syndrome.,23,El diagnóstico del paciente de artritis reumatoide se basa en una combinación de síntomas y pruebas laboratoriales que confirman la presencia de un síndrome.,24
3947,She is an experienced entrepreneur who has built her own successful company from scratch.,5,Ella es una emprendedora experimentada que ha construido su propia empresa exitosa desde cero.,0
3948,The inspirational speech motivated the team to work together towards a common goal.,2,El discurso inspirador motivó la equipe a trabajar juntos hacia un objetivo común.,3
3949,The detective worked tirelessly to piece together the narrative of the crime.,9,El detective trabajó incansablemente para combinar el relato de la trama del crimen.,0
3950,it was ironic that it rained on his wedding day,3,era irónico que lloviera el día de su boda,2
3951,The bald man walked into the bar.,2,El hombre calvo caminó al bar,3
3952,The photograph showed the dramatic exposure of the landscape during the solar eclipse.,6,La fotografía mostró el dramático exposición del paisaje durante la eclipse solar.,6
3953,The new curriculum focuses on STEM education for high school students.,3,"El nuevo currículo se centra en la educación de las ciencias, tecnologña y matemáticas para estudiantes de secundaria.",3
3954,She attends the concert only on occasional weekends.,7,Ella asiste al concierto solo los fines de semana ocasionales.,0
3955,"The hostess was gracious to her guests, making sure they felt welcome.",4,"La anfitriona fue amable a sus invitados, asegurándose de que se sintieran bienvenidos.",0
3956,her years of experience brought her a sense of certainty about her abilities,10,los años de experiencia de ella le dieron una sensación de certidumbre sobre sus habilidades,12
3957,The vase was made of a material that gave it a beautiful gilt finish.,13,La vasija estaba hecha de un material que le daba un hermoso acabado dorado,14
3958,We are going to fire up the grill and cook some burgers this weekend.,8,Estamos a punto de encender la parrilla y cocinar hamburguesas esta fin de semana.,7
3959,The forum was filled with passionate debates on the latest technology trends.,2,El foro estaba lleno de apasionadas discusiones sobre las últimas tendencias tecnológicas.,2
3960,The stranger began to creep across the room.,5,El extraño comenzó a arrastrarse por la habitacion.,5
3961,The beetle walked slowly across the forest floor.,2,El escarabajo caminaba lentamente sobre el suelo del bosque.,2
3962,The company will take care of the disposal of the hazardous waste.,8,La empresa se encargará del descarte de los residuos peligrosos.,0
3963,The scientist studied the effects of various stimuli on plant growth.,0,El científico estudió los efectos de diferentes estímulos en el crecimiento de las plantas.,0
3964,The culinary school taught us how to prepare traditional dishes from around the world.,2,La escuela culinaria nos enseñó cómo preparar platos tradicionales de todo el mundo.,0
3965,"The rapper's new chain was the envy of everyone at the party, full of bling.",15,"La cadena del nuevo rapero era el celo de todos en la fiesta, llena de blin.",16
3966,The old book was dusty and fell apart.,5,El viejo libro estaba polvoriento y se desmoronó.,5
3967,I need to do my laundry today.,6,Necesito hacer la lavandería hoy.,4
3968,She popped a piece of gum into her mouth to freshen up during the meeting.,6,Ella puso un trozo de encía en su boca para refrescar durante la reunión.,6
3969,The forecast says it will be a rainy day tomorrow.,8,La proyección dice que será un día lluvioso mañana.,8
3970,The elephant is a type of mammal.,7,El elefante es un mamífero.,5
3971,"She was so sneaky, she snuck past the guards undetected.",4,Ella fue tan furtiva que se deslizó silenciosamente entre las guardias sin ser vista.,0
3972,She works hard to satisfy her customers.,5,Ella trabaja duro para satisfacer a sus clientes.,5
3973,The crowd filed a petition with the city council to protest the new development.,5,La multitud envió una petición al consejo de la ciudad para protestar el nuevo desarrollo.,5
3974,"She was a sceptical witness, and her testimony required corroboration from other experts.",4,Ella fue testigo escéptico y su testimonio requería corroboración de otros expertos.,4
3975,The army launched a blitz into the enemy's capital.,5,El ejercito lanzó un blitz en la capital del enemigo.,5
3976,The lawyer carefully drafted the contract to ensure all clauses were included.,0,El abogado redactó cuidadosamente el contrato para asegurarse de que todas las cláusulas estuvieran incluidas.,0
3977,The fashion show featured a model with a striking fringe in her hair.,10,La presentacion del programa de moda destacaba a la modelo con una franja brillante en su cabello.,13
3978,She sat down on the stool to get a better view.,6,Ella se sentó en el taburete para tener una vista mejor.,6
3979,She walked down the aisle to the altar where her friends and family were waiting for her.,5,Ella caminó por el pasillo hacia el altar donde estaban esperando sus amigos y familiares.,5
3980,"The country has struggled with racism for centuries, leading to widespread inequality.",6,"El país ha luchado con el racismo durante siglos, lo que ha llevado a la desigualdad extendida.",7
3981,She wore eleven pairs of socks.,3,Ella llevaba once pares de medias.,3
3982,The reader will receive a free e-book with the purchase of this book.,2,El lector recibirá un libro electrónico gratuito con la compra de este libro.,2
3983,"The weather was getting hotter outside, so we decided to go inside.",5,"El clima estaba volviendo más caliente afuera, así que decidimos ir a dentro.",0
3984,The ruthless leader made a decision that would cost thousands of lives.,2,El líder despiadado tomó una decisión que resultaría en la pérdida de miles de vidas.,3
3985,The magician's trick created a powerful illusion that fooled the entire audience.,7,La truco del mago creó una poderosa ilusión que engañó toda la audiencia.,8
3986,The skydiver deployed her parachute just before hitting the ground.,5,La saltista desplegó su paracaídas justo antes de chocar con el suelo.,5
3987,The company had to comply with the statutory requirements for its licenses.,8,La empresa tuvo que cumplir con los requisitos legales estatutarios para sus licencias.,0
3988,Investing in a startup can be a profitable venture for entrepreneurs.,8,Invertir en una startups puede ser una oportunidad rentable para emprendedores.,9
3989,"The hotel room was adequate, but not particularly impressive.",5,"La habitación del hotel era adecuada, pero no particularmente impresionante.",0
3990,The kids loved the colorful costumes and music at the carnival on the beach.,11,Los nños amaban los trajes coloridos y la música en el carnaval en la playa.,12
3991,"She has been a persistent student, always willing to learn and improve",5,"Ella ha sido estudiante persistente, siempre dispuesta a aprender y mejorar",5
3992,The hollow log was dry and cracked.,2,El tronco hueco estaba seco y encarnado.,3
3993,The game of craps uses two dice to determine the outcome of each roll.,7,El juego de caras y cruz se basa en el uso de dos dados para determinar el resultado de cada tirada.,0
3994,She cinched her dress at the waist to accentuate her curves.,7,Ella ajustó su vestido en la cintura para resaltar sus curvas.,7
3995,Her curly hair framed her heart-shaped face.,2,Su cabello rizado marcaron su rostro redondeado,3
3996,The scandal exposed the company's corruption to the public.,0,El escándalo exponer la corrupción de la empresa a la público.,3
3997,The volcanic landscape was dotted with lava flows and ash deposits.,2,El paisaje volcánico estaba dotado de flujas de lava y depósitos de ceniza.,3
3998,The government's use of propaganda helped them sway public opinion against the protest.,5,El uso del gobierno de la propagand hace que el el surta influencia en la opinion publica contra la manifestacion.,0
3999,The company launched an aggressive recruitment campaign to fill the new position.,6,La empresa lanzó un campaña agresiva de reclutamiento para llenar el nuevo puesto.,8
4000,"The detective was hot on the trail of the elusive suspect, who had managed to evade capture multiple times.",10,"El detective estaba a las puertas del caso del sospechoso escurridizo, quien había logrado escapar de la captura varias veces.",11
4001,The protesters formed a menacing mob in the streets.,6,La protesta formó un grupo amenazante,0
4002,The drummer was amazing at the concert tonight.,2,El baterista fue increíble en el concierto esta noche.,2
4003,The judicial branch of government is responsible for interpreting the constitution.,2,El poder judicial del gobierno es responsable de interpretar la constitución.,3
4004,Her dedication to her craft inspired countless young artists,2,Su dedicación a su arte inspiró a muchos jóvenes artistas,2
4005,She felt a great sense of assurance when she received her acceptance letter.,7,Se sintió una gran sensación de garantía cuando recibió su carta de aceptación.,7
4006,The new video game added a third dimension to the gameplay experience.,8,El nuevo juego de video agregó una tercera dimensión a la experiencia de juego.,9
4007,The choir sang a beautiful hymn during the wedding ceremony.,6,El coro cantó un hermoso himno durante la ceremonia de casamiento.,6
4008,She gave him a bash for being late.,5,Le dio un golpe por ser retrasado.,4
4009,She could hardly behold the beauty of the painting in the gallery.,4,Ella podñ no ver la belleza del cuadro en la galería.,0
4010,The cleanup crew had to sort through the debris after the storm.,9,La brigada de limpieza tenía que separar los escombros después del huracán.,9
4011,The camera zooms in on the subject to capture more detail.,0,La cámara zooma en el sujeto para capturar más detalle.,0
4012,Her facial features gave away her age.,2,Sus características faciales revelaron su edad.,0
4013,The teacher asked the student to clarify her answer.,7,El profesor le pidió al estudiante que aclarara su respuesta.,0
4014,The youngster enthusiastically joined the volunteer program.,2,El joven entusiasta se unió con entusiasmo al programa de voluntariado.,2
4015,The government faced a rebellion from the people who were dissatisfied with their policies.,5,El gobierno enfrentó una rebelión de los ciudadanos que estaban insatisfechos con sus políticas.,5
4016,The city's hub for arts and culture was a popular tourist destination.,3,El centro de las artes y la cultura en la ciudad era un destino turístico muy popular.,2
4017,The astronomer will observe the new planet tonight.,4,El astrónomo observará el nuevo planeta esta noche.,0
4018,The patient began to bleed from the gash on his forehead.,5,El paciente comenzó a sangrar por la grieta en su frente.,5
4019,The noise from the construction site will disturb my work.,8,El ruido del sitio de construcción perturbará mi trabajo.,0
4020,The ancient Greek goddess of wisdom was revered for her counsel and guidance.,4,La diosa griega de la sabiduría fue venerada por su consejo y guía.,2
4021,The graphic novel was illustrated with intricate details.,2,El libro gráfico fue ilustrado con detalles intrincados.,3
4022,The hikers had to navigate through difficult terrain to reach the summit.,8,Los montañistas tuvieron que navegar a través de terreno difícil para llegar al pico.,9
4023,My niece loves to dance.,2,Mi sobrina ama bailar.,2
4024,The firefighter's heroic actions saved countless lives during the blaze.,3,Las acciones heroicas del bombero salvaron numerosas vidas durante el incendio.,0
4025,She deliberately avoided the crowded area to get some peace.,0,Ella deliberadamente evitó la zona concurrida para obtener un poco de paz.,0
4026,The old warehouse was a derelict for years after it stopped receiving supplies.,6,El antiguo almacén estuvo abandonado durante años después de que dejó de recibir suministros.,5
4027,The eco-friendly car was a huge success at the auto show.,0,El coche ecológico fue un gran éxito en la feria del automóvil.,3
4028,Apples are considered an edible fruit.,5,Manzanas son consideradas una fruta comestible.,6
4029,Beware of the sharp object.,1,Cuidado con el objeto afilado.,1
4030,She stepped out of the tub and wrapped herself in a towel.,6,Ella se bajó de la bañera y se envolvió en una toalla.,6
4031,The movie's overuse of special effects made it feel cheesy.,10,"La película usó excesivamente efectos especiales, lo que le dio un aire cursi.",13
4032,"To use the new software, you need to refer to the manual.",12,"Para utilizar la nueva aplicación, necesitas referirte al manual.",9
4033,The family visited the old cemetery to pay their respects.,6,La familia visitó el viejo cementerio para rendir homenaje a sus seres queridos.,6
4034,The new thriller from that author is a page-turner.,3,El nuevo thriller de esa autora es un libro que no puedes dejar de leer.,3
4035,The constant noise from the construction site was a major nuisance to the entire neighborhood.,11,El ruido constante del sitio de construcción era una molestia importante para toda la vecindad.,10
4036,The antique vase was priceless to her collector father.,5,El vaso antiguo era invaluable para su padre coleccionista.,5
4037,The winner of the election was a strong candidate and a contestant for the governorship.,12,El ganador de la elección era un fuerte candidato y concursante para la gobernatura.,11
4038,She gave her colleague a compliment on his presentation skills.,6,Ella le dio un cumplido sobre sus habilidades presentatorias.,5
4039,"The scientist spent years working in the laboratory, trying to find a cure for the disease.",8,"El científico pasó años trabajando en el laboratorio, tratando de encontrar una cura para la enfermedad.",8
4040,Her keen observation of the surroundings helped her avoid the accident.,3,Su observación aguda de la situación le ayudó a evitar el accidente.,2
4041,"The captain cast the bait into the water, hoping to catch a large tuna.",5,"El capitán lanzó el cebo en el agua, esperando capturar una tuna grande.",5
4042,The crowd erupted into cheers as the American anthem played during the baseball game.,9,La multitud estalló en aplausos mientras se tocaba el himno de Estados Unidos durante la partida de béisbol.,10
4043,The company's marketing team worked tirelessly to format the presentation for the big meeting.,8,El equipo de marketing de la empresa trabajó incansablemente para formato la presentación del gran encuentro.,11
4044,"She worked as a pollster during the election, helping candidates understand public sentiment.",0,"Ella trabajó como encuestadora durante la campaña electoral, ayudando a los candidatos a entender la opinión pública.",0
4045,The intense rivalry between the two teams led to a thrilling final match.,3,La intensa rivalidad entre los dos equipos llevó a un emocionante partido final.,3
4046,The city lies amid the rolling hills.,4,La ciudad se encuentra en medio de las colinas onduladas.,0
4047,The poet's latest verse is a beautiful reflection of her life experiences.,4,La última línea del poeta es una hermosa reflexión de sus experiencias de vida.,0
4048,The strong magnet attracted the paper clip to its surface.,3,El fuerte imán atraía el papel de clip hacia su superficie.,3
4049,The chiropractor specialized in spinal adjustments.,5,El masajista especializado en ajustes espinales.,0
4050,She loves to decorate her home for the holiday season.,4,Ella disfruta decorar su hogar para la temporada de fiestas.,3
4051,The coach's aggressive tactics were widely criticized by fans and opponents alike.,0,Las tácticas agresivas del entrenador fueron ampliamente criticadas por aficionados y oponentes.,0
4052,The company's irresponsibility led to financial ruin.,0,La irresponsabilidad de la empresa llevó al colapso financiero.,0
4053,She gained her qualification by completing a series of exams.,4,Ella obtuvo su calificación completando una serie de exámenes.,4
4054,She always showed courtesy to her elderly customers,4,Ella siempre mostraba cortesía a sus clientes mayores,4
4055,She made a manoeuvre to avoid the opponent's attack.,4,Ella hizo una maniobra para evitar el ataque del oponente.,4
4056,The fruit is ripe and can be eaten now.,4,La fruta es madura y se puede comer ahora.,0
4057,"After the unexpected turn, she was wary of making any sudden moves.",7,"Después del giro inesperado, era cauta al hacer cualquier movimiento repentino.",0
4058,The CEO saw great potential in the young engineer and decided to take her under his mentor.,17,El director ejecutivo vio gran potencial en la joven ingeniera y decidió llevarla bajo su mentor.,16
4059,The villain was defeated by the hero's bravery.,2,El villano fue derrotado por la valentía del héroe.,2
4060,The boxing glove will smack against your face if you're not careful.,5,El guante de boxeo va a chicle tu cara si no te cuidas.,7
4061,The scam artist was a sucker for the fake investment opportunity.,6,El estafador era un chupador de la oportunidad de inversión falsa.,5
4062,The young giraffe's long neck began to wobble as it ran.,8,El cuello del joven ciervo comenzó a tambalear mientras corría.,0
4063,The sympathetic ear listened attentively to her problems.,2,El oído compasivo escuchó atentamente sus problemas.,3
4064,"The adventurer explored the dense jungle, eager to discover its secrets.",0,"El aventurero exploró la densa jungla, ansioso por descubrir sus secretos.",2
4065,The yard was filled with a heap of old boxes.,7,El patio estaba lleno de un montón de cajas viejas.,7
4066,The ancient Egyptians built grand tombs to bury their pharaohs.,0,Los antiguos egipcios construyeron grandes tumbas para enterrar a sus faraones.,0
4067,She wore her hair in a casual ponytail to the party,7,Ella llevaba su cabello en un moño casual al partido,0
4068,The family gathered for the burial of their loved one on the beach.,6,La familia se reunió para el entierro de su ser querido en la playa.,7
4069,The tribal attire was adorned with vibrant colors and patterns.,2,El atuendo tribales estaba adornado con colores vibrantes y patrones.,0
4070,The eternal love between two souls will conquer time and mortality.,2,El amor eterno entre dos almas conquistará el tiempo y la mortalidad.,3
4071,The chef carefully placed a foil wrapper around the turkey for even cooking.,6,El chef colocó elenvoltor de papel de aluminio en torno al pollo para un cocinado uniforme.,0
4072,The microscope allowed us to study the tiny structures on the microchip.,0,El microscopio nos permitió estudiar las pequeñas estructuras en el microchip.,0
4073,The band was famous for its funky groove on stage.,8,La banda era famosa por su ritmo funk en el escenario.,0
4074,her attention to detail helped improve her spelling in school,8,su atención al detalle la ayudó a mejorar su ortografía en la escuela,10
4075,The smell of her perfume brought back a strong remembrance of our first date.,10,El olor de su perfume trajo un fuerte recuerdo de nuestra primera cita.,9
4076,The company showed appreciation for the employee's hard work by giving him a bonus.,4,La empresa mostró appreciation por el trabajo duro del empleado déjandole un bono.,0
4077,The mechanic used a gauge to check the oil level in my car.,5,El mecánico utilizó un calibre para verificar el nivel de aceite en mi coche.,5
4078,She grabbed a scrub brush to clean the dirty grill.,4,Ella tomó un cepillo de estregar para limpiar la parrilla sucia.,6
4079,The company will consult with industry experts to develop their new product.,4,La empresa consultarán con expertos de la industria para desarrollar su nuevo producto.,0
4080,She was unsure if she had locked the door before leaving.,3,Ella estaba insegura si había cerrado la puerta antes de salir.,0
4081,She has been dealing with a lingering sickness for weeks.,8,Ella ha estado lidiando con una enfermedad persistente durante semanas.,7
4082,"Her famous speech was a masterclass in rhetoric, effortlessly weaving together logic and emotional appeal.",8,"Su famosa charla fue un maestro en retórica, moldeando lógica y apelación emocional con facilidad",8
4083,The movie was a work of purely fictional art.,8,El cine fue una obra de arte puramente ficticia.,0
4084,The new restaurant was a satisfying experience.,6,El nuevo restaurante fue una experiencia satisfactoria.,0
4085,The donor generously donated money to the hospital for new equipment.,2,El donante donó dinero generosamente al hospital para comprar nuevos equipos.,2
4086,it was a logical conclusion based on the data,4,Era una conclusión lógica basada en los datos,0
4087,"After a long hike, I felt thirsty for a cold beer.",7,"Después de una larga caminata, me sentí sediento por una cerveza fría.",8
4088,The adventurous game was set in a mysterious maze,9,El juego aventurero estaba establecido en un misterioso laberinto,9
4089,The corrupt politician was arrested and charged with bribery.,2,El político corrupto fue arrestado y acusado de corrupción,3
4090,She confronted her fears head-on.,0,Ella enfrentó sus miedos de frente.,0
4091,Her employer had an obligation to provide her with adequate training for the new role.,5,Su empleador tenía la obligación de proporcionarle la capacitación adecuada para el nuevo puesto.,5
4092,The company was splitting its assets to pay off its debts.,4,La empresa se estaba dividiendo sus activos para pagar sus deudas.,0
4093,The mint tea was incredibly refreshing after lunch.,6,El té de menta era absolutamente refrescante después del almuerzo.,7
4094,The new member was welcomed into the tribe with open arms.,8,El nuevo miembro fue recibido en los brazos abiertos con la tribu con alegría.,12
4095,She carefully shaved her legs with a razor to get rid of unwanted hair.,8,Ella se afeitaba cuidadosamente las piernas con una afieadora para eliminar el pelo no deseado.,0
4096,She put on a comfortable pair of pyjamas and settled in for the night.,8,Ella se puso una cómoda pareja de pijama y se sentó para la noche.,8
4097,The soups were savoury and well-seasoned.,4,Las sopas eran sabrosa y bien condimentadas.,0
4098,"After a long week, Sarah treated herself to a relaxing massage to unwind and de-stress.",11,"Después de una larga semana, Sara se trató con un masaje relajante para desestresarse y descansar.",11
4099,The fabric was made from strong fibre that would last for years.,7,La tela era hecha de fibras fuertes que durarían años.,0
4100,"The day was breezy, making it perfect for sailing.",4,"El día era ventoso, lo que lo hacña ideal para navegar.",4
4101,She pressed the button that opened the secure door.,0,Ella presionó el botón que abrí la puerta segura.,0
4102,"The rent is due monthly, on the same day every year.",5,"El alquiler está vencido mensualmente, el mismo día todos los años.",0
4103,The speedy car quickly passed us on the highway.,2,El coche muy rápido nos pasó rápidamente en la autopista.,4
4104,The pensioner was able to travel freely after retiring.,2,El pensionista fue capaz de viajar libremente después de jubilarse.,2
4105,Her comments about the old movie were irrelevant to the discussion.,8,Sus comentarios sobre el viejo película eran irrelevantes para la discusión.,0
4106,"The crowd stood in stunned silence, the speechless audience watching as their favorite performer took a bow.",8,"La multitud se quedó silenciosa, mirando conmocionada la actuación de su favorito mientras recibía el aplauso.",0
4107,She will mend her old bike before selling it.,3,Ella reparará su viejo bicicleta antes de venderla.,0
4108,She decided to alter her hairstyle before the wedding.,4,Ella decidió cambiar su peinado delante del boda.,0
4109,The captain warned about the iceberg that was hidden beneath the waves.,6,El capitán advirtió sobre el iceberg escondido debajo del agua.,6
4110,She clenched her fist in anger.,4,Ella apretaba su puño con ira.,4
4111,Her blunt honesty was refreshing in a world of tactless comments.,2,Su franqueza contundente fue revitalizante en un mundo de comentarios insensible,3
4112,Can you recap the main points from our discussion?,3,¿Puedes resumir los puntos principales de nuestra discusión?,0
4113,The tidal wave crashed against the shore with incredible force.,2,La onda mareal golpeaba con fuerza increíble contra la orilla.,3
4114,She uses her smartphone as a gadget to navigate through unfamiliar cities.,7,Ella utiliza su teléfono inteligente como un artilugio para navegar por ciudades desconocidas.,8
4115,The gravel path led to a beautiful waterfall.,2,El camino de grava conduce a una preciosa cascada.,4
4116,The detective used all her skills to uncover the truth behind the crime.,8,El detective utilizó todas sus habilidades para descubrir la verdad detrás del crimen.,8
4117,"Please pay with cash, and I'll give you a receipt for your purchase.",10,"Por favor, pague con efectivo, y le daré un recibo para su compra.",10
4118,The accountant reviewed the company's financial statements to ensure accuracy.,2,El contador revisó las declaraciones financieras de la empresa para asegurarse de su precisión.,2
4119,The instructor helped the students with their math homework.,2,El instructor ayudó a los estudiantes con su tarea de matemáticas.,2
4120,The westerly wind made it difficult for us to navigate.,2,El viento occidental dificultaba nuestra navegación.,3
4121,her grit helped inspire the team to win the game,2,Su arena animó al equipo a ganar el partido,2
4122,The long trailer made it difficult to park in the narrow alleyway.,3,El largo remolque hizo que fuera difícil estacionar en la estrecha callejuela.,3
4123,She replaced the old bulb with a new one.,5,Reemplazó la vieja bombilla con una nueva.,4
4124,She needs to shave her legs every week in the summer.,4,Ella necesita afeitar sus piernas cada semana en el verano.,3
4125,The mechanic applied a layer of grease to the moving parts.,7,El mecánico aplicó una capa de grasa en los movimientos,7
4126,The company's packaging is made from recycled materials.,3,El paquete del negocio está hecho de materiales reciclados.,0
4127,Watching the thrilling fireworks display was an unforgettable experience.,3,Ver el espectáculo de fuegos artificiales emocionantes fue una experiencia inolvidable.,0
4128,The stars shone countless in the midnight sky.,4,Las estrellas brillaban innumerables en el cielo de la medianoche.,0
4129,The company's financial records were scrutinized in response to the allegation of embezzlement.,11,Las registros financieros de la empresa fueron examinados en respuesta a la acusación de desvio de fondos.,13
4130,She walked down the alley to avoid the rain.,5,Ella caminó por la callejón para evitar la lluvia.,5
4131,The company will analyse the market trends to make a decision.,4,La compañía analizará las tendencias del mercado para tomar una decisión.,0
4132,"The big, fluffy bear was very furry.",7,"El gran, peludo oso era muy peludo.",3
4133,The film critic was known for her harsh reviews of Hollywood blockbusters.,3,El crítico de cine era conocido por sus duras opiniones sobre los bloqueos de Hollywood.,2
4134,Drilling was used to access the underground water supply.,1,Se utilizó la perforación para acceder al suministro subterráneo de agua.,4
4135,She walked carefully on the pavement to avoid tripping.,6,Ella caminó cuidadosamente sobre la acera para evitar tropezar.,6
4136,The hurricane was a catastrophe that left thousands of people homeless,5,El huracan fue una catástrofe que dejó a miles de personas sin hogar,5
4137,The old village was a picturesque example of rural architecture.,6,El viejo pueblo era un ejemplo pintoresco de arquitectura rural.,7
4138,The new business venture is expected to thrive in the economy.,8,La nueva empresa de negocio está esperada para prosperar en la economía.,9
4139,The ugly old mansion on the hill was a hideous sight to behold.,10,La vieja mansión antigua en la colina era un espectáculo horrible de ver,11
4140,The company struggled to recover from the financial turmoil that had engulfed it for months.,9,La empresa luchó por recuperarse del turbio daño que la habú sumido desde meses atrás.,0
4141,I opt for the vegetarian option at lunch.,2,Elige la opción vegetariana para el almuerzo.,0
4142,The recycling truck comes to collect the trash from the neighborhood.,8,El camión de reciclaje viene a recolectar la basura del barrio.,9
4143,The store offered a refund for the defective product.,5,La tienda ofreció un reembolso por el producto defectuoso.,5
4144,The mythology of ancient Greece is a fascinating topic that has captivated scholars for centuries.,2,La mitología antigua de Grecia es un tema fascinante que ha cautivado a los eruditos durante siglos.,2
4145,The consecutive numbers from 1 to 100 were used in the calculation.,2,Los números consecutivos del 1 al 100 se utilizaron en la calcularación.,0
4146,She used her wit to talk her way out of the tricky situation.,4,Utilizó su ingenio para hablarse salta a una situación complicada.,3
4147,"After eating the spicy burrito, she let out a loud cough that echoed through the restaurant.",11,"Después de comer el burrito picante, ella soltó una tos fuerte que resonó en todo el restaurante.",10
4148,The new furniture decor transformed the entire room.,4,La nueva mobiliaria decoró completamente la habitación.,0
4149,She will greet her old friend warmly.,3,Ella saludará a su amiga vieja con calor.,0
4150,The company's best seller was a new line of jeans.,4,La compañía mejor vendedor fue una nueva línea de pantalones de jeans.,4
4151,Her vanity led her to spend hours in front of the mirror every morning.,0,Su vanidad la llevó a pasar horas frente al espejo cada mañana.,0
4152,"She writes about her travels on her popular blog, where she shares tips and photos with her followers.",9,"Ella comparte sus viajes en su blog muy popular, donde publica consejos y fotos a sus seguidores.",7
4153,The chaotic traffic made it difficult to navigate the city.,2,El tráfico caótico me hizo difícil navegar la ciudad.,3
4154,The company's policy on discrimination was widely criticized by human rights groups.,5,La política de discriminación de la empresa fue ampliamente criticada por grupos de derechos humanos.,4
4155,The aluminium alloy used in the plane's structure provided excellent strength and durability.,2,El aluminio acerado utilizado en la estructura del avñ con proporcionó un excelente vigor y durabilidad.,2
4156,"The company's requirement for a new employee is a salary of at least $50,000.",3,"La empresa requiere que el nuevo empleado tenga un salario de al menos $50,000.",0
4157,The driver struggled to keep her eyes on the road as hail pounded against the windshield.,12,El conductor luchó por mantener sus ojos en la carretera mientras el granizo golpeaba contra el parabrisas.,13
4158,The passport was valid for a year after its issuance date.,4,El pasaporte era válido durante un año después de la fecha de emisión.,4
4159,The carer took the children to the park after school.,2,El cuidador llevó los níos al parque despues de la escuela.,2
4160,The ship's anchor was dropped into the water.,3,La nave lanzó el ancla al agua.,5
4161,The new serial drama has gained a huge following online.,3,La nueva serie de drama ha ganado una gran audiencia en línea.,3
4162,The general saluted the flag with pride.,0,El general saludo la bandera con orgullo.,3
4163,Her cynical view of life made her an outcast among her friends.,2,Su visión cinica de la vida la convirtio en un parias entre sus amigos.,0
4164,She went through the ritual of lighting the candles before speaking in front of the crowd.,5,Ella siguió el ritual de encender las velas antes de hablar en frente del público.,4
4165,She leaned in close to whisper the secret in his ear.,6,Ella se acercó lo suficiente como para susurrarle el secreto en el oído.,0
4166,The comedian's amusing jokes had the whole audience in stitches.,3,Las bromas divertidas del comediante hicieron que toda la audiencia se riera a carcajadas.,0
4167,The circular motion of the figure skater was mesmerizing to watch.,2,La órbita circular del patinador era hipnótica de ver.,3
4168,The kids loved playing at the fountain in the park on a hot summer day.,7,Los niños amaban jugar alrededor de la fuente en el parque en un día caluroso de verano.,8
4169,The eccentric millionaire wore a suit that was two sizes too small,2,El millonario excéntrico llevaba una chaqueta que era dos tamaños demasiado pequeña,3
4170,She changed into her knickers after the workout.,5,Se cambió a sus bragas después del entrenamiento.,5
4171,Many young people are drawn to socialist ideologies as a way to address income inequality.,7,Muchos jóvenes se sienten atraídos por las ideologías socialistas como una forma de abordar la desigualdad de ingresos.,0
4172,"Her maternity leave allowed her to care for her newborn,",2,,0
4173,The soldier was called a coward for refusing to fight in the war.,6,El soldado fue llamado cobarde por no luchar en la guerra.,5
4174,"She took a moderate approach to the decision, considering both options.",4,"Tomó una actitud moderada ante la decisión, considerando tanto como tanto opciones.",0
4175,Her pioneering work in renewable energy helped reduce carbon emissions worldwide.,2,Su trabajo pionero en energía renovable ayudó a reducir las emisiones de carbono en todo el mundo.,3
4176,The construction of the new dam was expected to provide clean water for the entire city.,6,La construcción de la nueva presa se esperaba proporcionar agua limpia para toda la ciudad.,6
4177,The doctor examined the injured limb carefully before stitching it up.,6,El médico examinó cuidadosamente el miembro herido antes de coserlo.,6
4178,He was accused of being petty for refusing a small favor.,6,Fue acusado de ser pequeño por no aceptar un pequeño favor,5
4179,She had to navigate the steep ramp to reach the top of the stairs,7,Tuvimos que navegar por la rampa para llegar arriba de las escaleras,6
4180,She carefully stacked the blocks into a neat cube shape.,9,Ella arregló cuidadosamente los bloques en una forma cúbica limpia.,0
4181,The kids screamed with delight as they rode the coaster for the first time.,10,Los niños gritaron con emoción mientras subían al posavasos por primera vez.,9
4182,The team has a one-week interval between each match.,6,El equipo tiene una semana de intervalo entre cada partido.,7
4183,"The company struggled to overcome the prejudice of its customers, who were skeptical of its new product.",7,"La empresa luchó por superar el prejuicio de sus clientes, quienes estaban escépticos con respecto al nuevo producto.",7
4184,The hotel will accommodate guests with disabilities.,4,El hotel se encargará de acoger a los huéspedes con discapacidades.,0
4185,The ice cream cone was dropped on the sidewalk and broke into pieces.,4,El cono de helado se cayó sobre la acera y se rompió en trozos.,2
4186,The lush green forest was home to a wide variety of wildlife.,2,El bosque verde lujoso era hogar de una amplia variedad de vida silvestre.,4
4187,The user's index finger was used to navigate the menu.,3,El dedo del medio del usuario se utilizó para navegar el menú.,0
4188,She put the dinner in the stove to warm it up.,7,Ella pone el almuerzo en la estufa para calentarlo.,7
4189,She was unaware of the surprise party planned for her birthday.,3,Ella no sabía del sorpresa fiesta planeada para su cumpleaños.,0
4190,the fluffy cloud had an airy texture,6,la nube esponjosa tenía un sabor aéreo,7
4191,She studied the depths of her own emotions to better understand herself.,4,Ella estudió las profundidades de sus propias emociones para comprenderse mejor.,4
4192,She uses a peg to hang her coat on the hook.,4,Ella usa una clavija para colgar su chaqueta en la estaca.,4
4193,The falconer carefully trained the young hawk to fly and hunt.,7,El halconero entrenó con cuidado el joven halcón para volar y cazar.,8
4194,The patient was given an anaesthetic to numb the pain during surgery.,6,El paciente recibió un anestésico para numificar el dolor durante la cirugía.,5
4195,"She made an assumption about the weather, but it ended up being a surprise",4,"Ella hizo una suposición sobre el tiempo, pero resultó ser un sorpresa",4
4196,The doctor checked her pulse to see if it was acute.,11,La doctora revisó su pulso para ver si estaba agudo.,10
4197,She picked up twelve apples from the tree,4,Ella recogió doce manzanas del árbol,3
4198,The United States and other countries have been launching missiles at the city in an attempt to regain control.,0,Estados Unidos y otros países han estado lanzando misiles hacia la ciudad con el fin de recuperar el control.,0
4199,She braced herself for the jump.,0,Ella se apoyó a sí misma para el salto.,0
4200,Her daily commute to the city was long and tiring.,3,Su viaje diario a la ciudad era largo y cansante.,0
4201,The brightness of the fireworks lit up the night sky.,2,El brillo de los cohetes iluminó la noche,2
4202,She took her daily dose of vitamins to boost her energy.,5,Ella tomó su dosis diaria de vitaminas para aumentar su energía.,4
4203,The company's ranking in customer satisfaction has improved over the past year.,3,La clasificación del empresa en satisfacción del cliente ha mejorado durante el año pasado.,2
4204,The company will undergo a significant removal of jobs due to financial constraints.,7,La empresa pasará por una eliminación significativa de empleos debido a las limitaciones financieras.,6
4205,The general led a quick briefing with his troops before the battle.,6,El comandante lideró un rápido briefing con sus tropas antes de la batalla.,0
4206,The couple decided to separate their assets before the divorce.,0,El pareja decidió separar sus activos antes del divorcio.,0
4207,"The phone rang with a loud ping, breaking the silence.",7,"El teléfono sonó con un fuerte ping, rompiendo el silencio.",7
4208,The students were filled with zest for the new project,6,Los estudiantes estaban llena de entusiasmo por el nuevo proyecto.,6
4209,The user is prompted for input before the program can run.,6,El usuario es solicitado para ingresar información antes que el programa pueda ejecutarse.,0
4210,The doctor explained the importance of proper genital care to her patient.,0,El médico explicó la importancia del cuidado de los genitales para su paciente.,0
4211,She was known for her quick banter with the comedian on stage.,7,Ella era conocida por su rápido intercambio de bromas con el comediante en escena.,0
4212,The president's racial background was a topic of discussion during the campaign.,3,El perfil racial del presidente fue un tema de discusión durante la campaña.,3
4213,The wine had a crude taste that made it undrinkable.,5,El vino tenía un sabor crudo que lo hizo inaceptable.,6
4214,The camera was so shaky that I had trouble stabilizing it.,5,La cámara estaba tan temblorosa que tuve problemas estabilizándola.,0
4215,The defenders of the castle prepared for the long and brutal siege that would last for weeks.,12,Los defensores del castillo se prepararon para el asedio largo y brutal que duraría semanas.,9
4216,The waiter took our order and brought us our meals.,2,El camarero tomó nuestra orden y nos trajo nuestras comidas.,2
4217,The gender of the main character in the novel was ambiguous until the end.,2,El género del personaje principal de la novela era ambiguo hasta el final.,2
4218,She added a jar of homemade pickles to the salad.,0,Ella agregó una lata de ensaladillas caseras de encurtido a la ensalada.,9
4219,The sound engineer had to calibrate the equaliser to achieve a balanced mix.,8,El ingeniero de sonido tuvo que calibrar el igualador para lograr una mezcla equilibrada.,9
4220,She found solace in the quiet companionship of her loyal friend.,0,Se encontró consuelo en el silencioso compañerismo leal de su fiel amigo.,0
4221,The famous inventor of the light bulb is celebrated for his groundbreaking discovery.,3,El famoso inventores del interruptor de luz es celebrado por su descubrimiento innovador.,0
4222,The doctor diagnosed a fracture to her wrist.,5,El médico diagnosticó una fractura en su muñeca.,5
4223,"As I walked in the hot summer weather, I was sweating profusely.",11,"Mientras caminaba en el clima cálido del verano, estaba sudando abundante.",0
4224,The bartender poured a glass of ale to serve with the fish and chips.,7,El bartender sirvió una taza de cerveza para servirla con pescado y patatas fritas.,7
4225,The fuse in the old car blew during the road trip.,2,El fusible del viejo auto se dispare durante la travesía por la carretera.,2
4226,The thought of public speaking filled her with dread.,9,El pensamiento de hablar en público llena su corazón con temor.,11
4227,The retro video games were displayed at a museum exhibition.,2,Los juegos de video retro fueron exhibidos en una exposición del museo.,5
4228,The gas burner on the grill was too hot to handle.,3,El quemador de la parrilla estaba demasiado caliente para manejar.,2
4229,She pulled the lever to turn on the faucet.,4,Ella tiró la palanca para encender el grifo.,4
4230,The soggy cereal tasted terrible after being left out all morning.,2,El cereal empapado/tanto tuvo un sabor desagradable después de haber sido dejado afuera todo el día.,0
4231,She opened the door to the tenth floor.,7,Ella abrió la puerta al décimo piso.,6
4232,The fiddler expertly navigated the complex melody on her fiddle.,10,El violinista experimentó con habilidad la melodía compleja en su violín.,11
4233,Her newfound consciousness allowed her to see the world in a different light.,3,Su nueva conciencia le permitió ver el mundo en una luz diferente.,3
4234,The economist recommended a new tax policy to reduce income inequality.,2,El economista recomendó una nueva política fiscal para reducir la desigualdad de ingresos.,2
4235,"The new smartphone is functional, with a touchscreen interface.",5,"El nuevo teléfono inteligente es funcional, con una interfaz de pantalla táctil.",6
4236,"As she walked alone in the rain, she let out a sigh of frustration.",12,"Mientras caminaba sola en la lluvia, dejó escapar un suspiro de frustración.",10
4237,The new cult in town has already gained a large following.,3,El nuevo culto en la ciudad ha ganado ya una gran cantidad de seguidores.,0
4238,The weather varies greatly from one region to another.,0,El clima varía muchísimo de un lugar a otro.,0
4239,The sponge will absorb the spill on the floor.,4,El trago de mantequilla se absorberá en el piso.,0
4240,The fish was spoilt by the warm water.,4,El pescado se estuvo,0
4241,"The carpenter mixed the mortar with a combination of cement, sand, and water.",5,"El cartero mezcló el mortero con una combinación de cemento, arena y agua.",5
4242,Please attach the package to the wall.,2,Por favor adjuntar el paquete a la pared.,3
4243,She poured herself a bowl of cereal for breakfast.,7,Ella se sirvió un tazón de cereal para desayunar.,7
4244,The company will inherit the assets of its failed sister firm.,4,La empresa heredará los activos de su filial cerrada.,0
4245,The vertical lines on the whiteboard attracted the students' attention.,2,Las líneas verticales en la pizarra llamaron la atención de los estudiantes.,0
4246,The maritime trade is a significant contributor to the country's economy.,2,El comercio marítimo es un importante contribuyente a la economía del país.,3
4247,The new policy will interfere with our current project timeline,5,La nueva política interfiere con nuestro plazo de entrega actual,0
4248,The reservoir was filled with rainwater from the nearby lake to supply the town's water needs.,2,El embalse se llenó con agua de lluvia del lago cercano para abastecer las necesidades de agua del pueblo.,2
4249,The architect carefully designed the exterior of the new skyscraper.,6,El arquitecto diseñó cuidadosamente el exterior del nuevo rascacielos.,6
4250,The doctor wrote out her prescription on a piece of paper.,6,La médica escribió su receta en un trozo de papel.,5
4251,"That “bro” is always there for me, no matter what.",2,"Ese ±bro es siempre allí de mí, sin importar nada.",0
4252,The farmer led his ram to the pasture.,5,El agricultor condujo el carnero al prado.,5
4253,The doctor's dire warning was taken seriously by the patient.,3,La advertencia seria del médico fue tomada en serio por el paciente.,0
4254,The famous Coca-Cola logo is one of the most recognizable brands in the world.,4,El famoso logo de Coca-Cola es uno de los marcas más reconocibles del mundo.,3
4255,"The company's new slogan is 'Sustainable Energy for All', emphasizing its commitment to renewable resources.",4,"La nueva frase de la empresa es ""Energía Sostenible para Todos"", resaltando su compromiso con las recursos renovables.",0
4256,The fall foliage in New England is renowned for its vibrant colors.,3,El follaje otoñal en Nueva Inglaterra es famoso por sus colores vibrantes.,2
4257,The mare was gentle and calm in the field.,2,La yegua era suave y tranquila en el campo.,2
4258,The bird's peep was a gentle sound in the forest,3,El canto de la pajarita era una suave oejaada en el bosque,0
4259,The investor was thrilled to see her portfolio value increase after the stock market rally.,2,La inversora estaba emocionada de ver que el valor de su cartera aumentó después de la alzanza del mercado de valores.,0
4260,The Italian peninsula is home to many ancient ruins and historical sites.,3,La península italiana es hogar de muchos ruinas antiguas y sitios históricos.,2
4261,The factory's slaughterhouse was shut down after a series of animal welfare investigations.,0,La fábrica de matanza del ganado fue cerrada después de una serie de investigaciones sobre la protección animal.,4
4262,The priest offered words of consolation to the grieving widow.,6,El sacerdote ofreció palabras de consuelo a la viuda llorica.,6
4263,"To register for a flight, you'll need to provide your passport and ID.",0,"Para registrarse para un vuelo, necesitarás proporcionar tu pasaporte y credencial de identidad.",0
4264,The hospital provided extensive rehabilitation services to help the patient recover from his surgery.,5,El hospital brindó servicios de rehabilitación extensos para ayudar al paciente a recuperarse después de su cirugía.,6
4265,The news that she got the job disappointed her greatly.,0,La noticia de que no le habían ofrecido el trabajo la decepcionó mucho.,0
4266,"The passenger pigeon is now extinct, a victim of habitat loss and hunting.",6,"El pico de pasajero es ahora extinto, una víctima de la pérdida del hábitat y la caza.",7
4267,The company will undergo a thorough audit to ensure compliance with regulatory standards.,7,La empresa someterá a un auditorña exhaustiva para asegurarse de la cumplimiento con los normas regulatorias.,0
4268,I love to bake cookies for my friends during the holidays.,0,Me encanta hornear galletas para mis amigos durante las fiestas.,0
4269,The lawyer was a strong advocate for the cause.,6,El abogado fue un defensor de la causa.,5
4270,I need to translate the document for my international client.,4,Necesito traducir el documento para mi cliente internacional.,2
4271,"The famous explorer, Christopher Columbus, was the first European to set foot in the Americas.",3,El explorador famoso Cristóbal Colón fue el primero en pisar tierra americana con un pie de europeo.,2
4272,The flag was a symbolic representation of the country's independence.,5,La bandera era una representació simbólica de la independencia del país.,0
4273,The theatrical effects of the fireworks display dazzled the crowd.,2,Los efectos teatrales de la exhibición de fuegos artificiales asombraron a la multitud.,0
4274,The psychology lab was filled with students working on their latest research project.,2,La sala de psicologña est« a llenada con estudiantes trabajando en su proyecto de investigación más reciente.,0
4275,The scientist's life was dedicated to exploration and discovery.,7,La vida del científico estaba dedicada a la exploración y el descubrimiento.,9
4276,"To obtain a visa, you'll need to fill out an application form and provide supporting documents.",4,"Para obtener un visado, debes cumplir con una solicitud de forma y proporcionar documentos adjuntos.",4
4277,She gave a small nod to acknowledge his joke.,5,Ella dio un cabeceo pequeño para reconocer su chiste.,4
4278,Her hatred for the government was evident in her vocal protests.,2,Su odio por el gobierno estaba evidente en sus protestas vocales.,2
4279,The doctor warned that chronic neglect could lead to serious health complications.,6,El médico advirtió que la negligencia crónica podría llevar a complicaciones de salud graves.,6
4280,The company went bankrupt after facing financial difficulties.,4,La empresa se declaró bancarrota tras enfrentar dificultades financieras.,5
4281,The poisonous snake slithered silently across the forest floor.,2,La serpiente venenosa se moví silenciosamente por el piso del bosque.,0
4282,She smiled at me with a warm smiley on her face.,8,Ella me sonrió con una sonrisa cálida en su rostro.,6
4283,"She needed to do a few extra reps in her push-up exercise, wearing just her bra.",16,Necesitaba hacer unos cuantos más repeticiones en su ejercicio de empuje con solo su sostén.,15
4284,She needed to find a cord to plug the old lamp into the wall outlet.,6,Necesitaba encontrar una cuerda para enchufar la antiga lámpara en el enchufe de la pared.,4
4285,The crow perched on the fencepost cawed loudly at night.,2,El cuervo paro en el post del arco llamando fuertemente por la noche.,2
4286,"She ran the marathon in under three hours, a feat that earned her a scholarship.",10,"Ella corrió el maratón en menos de tres horas, una hazaña que le valió la beca.",11
4287,"My dear missus, please pass the cookies.",3,"Mi querida señora, por favor pase los galletas.",3
4288,The glazing on the windows added an extra layer of security.,2,La vidriera en las ventanas agregó un capa adicional de seguridad.,2
4289,her curiosity got the best of her and she started asking questions,2,su curiosidad la llevó a hacerle preguntas,2
4290,The company's commitment to excellence in customer service earned them a reputation as one of the most reliable firms in the industry.,5,El compromiso de la empresa con la excelencia en el servicio al cliente le otorgó una reputación como una de las firmas más confiables del sector,8
4291,The company is likely to verge on bankruptcy if they don't receive more funding.,6,La empresa probablemente va a borde del fracaso si no reciben más fondos.,6
4292,The plumber fixed the leaky faucet in my kitchen.,2,El fontanero arregló la grifa rota en mi cocina.,2
4293,The geologist examined the ore samples to determine their composition and potential uses.,5,El geólogo examinó las muestras de mineral para determinar su composición y potencial uso.,7
4294,The workers poured cement into the mold to shape the concrete pillar.,4,Los trabajadores vertieron cemento en el molde para dar forma al pilar de hormigón.,4
4295,The library became a quieter place after the children left.,5,La biblioteca se convirtió en un lugar más silencioso después que los niños se fueron.,0
4296,The swimmer won the gold medal in the Olympics.,2,El nadador ganó la medalla de oro en los Juegos Olímpicos.,2
4297,The abstract nature of his art made it difficult for critics to analyze.,2,La naturaleza abstracta de su arte hizo que fuera difícil para los críticos analizar.,0
4298,The challenging hike was incredibly rewarding at the summit.,6,El desafiado pico fue increíblemente gratificante al alcanzar la cima.,6
4299,The sports commentator provided insightful analysis during the championship game.,3,El comentarista deportivo proporcionó un análisis interesante durante el partido de campeonato.,2
4300,The misleading instructions made it impossible to assemble the furniture.,2,Las instrucciones engañosas hicieron imposible ensamblar la mueble.,0
4301,The farmer used a plough to till the new field.,5,El agricultor usó un arado para arar el nuevo campo.,5
4302,That new dance move is really groovy.,7,Esa nueva movida de baile es realmente groovy.,8
4303,The report provided a summary of the company's quarterly profits.,5,La informé presentó un resumen de los ganancias trimestrales de la empresa.,5
4304,The doctor administered the vaccination as an injection.,8,El médico administró la vacuna como inyección.,7
4305,The traveller checked into the hotel and was exhausted.,2,El viajero se registró en el hotel y estaba agotado.,2
4306,The doctor analyzed the patient's urine to detect any potential health issues.,6,El médico analizó el orina del paciente para detectar cualquier problema de salud potencial.,5
4307,She used a zipper to close her coat.,0,Ella utilizó una cremallera para cerrar su chaqueta.,4
4308,The judge will punish the defendant by fining them $1000.,4,El juez castigará al acusado con una multa de $1000.,0
4309,The red pin was used as a marker for the meeting location.,8,El puntero rojo se utilizó como marcador para la ubicación del encuentro.,7
4310,The young athlete ran the race with incredible speed and agility.,0,El joven atleta corrió la carrera con increíble velocidad y agilidad.,0
4311,The university was proud to highlight the impressive pedigree of its faculty members.,9,La universidad estaba orgullosa de destacar el impresionante pedigree de sus miembros del personal.,9
4312,The president's succession was seen as a significant test of the country's new political system.,3,La sucesión del presidente fue vista como un serio desafío del nuevo sistema político del país.,2
4313,The arrogant boss belittled his employee's idea.,2,El jefe arrogante desprecia la idea del empleado.,3
4314,The new policy requires all measurements to be taken in meters.,0,La nueva política requiere que todas las mediciones sean tomadas en metros.,0
4315,The cruise liner sailed through the Caribbean Sea.,3,El transatlántico navega por el mar Caribe.,2
4316,"After the election, many people had to rethink their political beliefs.",8,"Después de la elección, muchos personas tuvieron que reconsiderar sus creencias políticas.",9
4317,She loves to knit sweaters in her free time.,4,Ella disfruta tejer chaquetas en su tiempo libre.,3
4318,The new warden was responsible for the daily operations of the prison.,3,El nuevo guardián era responsable de las operaciones diarias de la cárcel.,3
4319,The makeup artist carefully applied the foundation to even out her complexion.,0,La maquilladora de pelo aplicó cuidadosamente el fundimento para uniformar su tono.,0
4320,Racing through the dark forest gave her an adrenaline rush.,9,Correr por el bosque oscuro le dio un suspiro de adrenalina.,11
4321,"The crowd held out anticipation for the concert, eagerly awaiting the start time.",5,"La multitud sostenía la anticipación al concierto, esperando ansiosamente el momento de inicio.",5
4322,The accuracy of the test results was crucial for making informed decisions.,2,La precisión de los resultados del test era fundamental para tomar decisiones informadas.,2
4323,Can you please nuke the leftovers in the microwave?,9,"Por favor, hornea los restos en la microondas.",8
4324,She couldn't help but feel a pang of envy when she saw her friend's new car.,9,No podía evitar sentir un dolor en el pecho de envidia cuando vio que su amiga había comprado un nuevo coche.,11
4325,Her favorite motto was to always strive for excellence.,3,Su lema favorito era siempre perseguir la excelencia.,2
4326,The data was organized into clusters to facilitate analysis.,0,Los datos se organizaron en grupos para facilitar el análisis.,0
4327,The new marketing strategy will enhance the company's brand recognition.,6,La nueva estrategia de marketing mejorá la reconocimiento de marca de la empresa.,0
4328,He always drove recklessly on the highway.,0,Siempre conducía de manera temeraria por la autopista.,0
4329,The surveyor carefully mapped out the property to determine its value,2,El agrimensor acreditado cuidadosamente trazó el terreno para determinar su valor,2
4330,The race was 42 kilometres long.,0,La carrera era de 42 kilómetros de largo.,0
4331,The new building was equipped with recycled insulation to minimize energy consumption.,8,La nueva edificio estñ equipado con aislamiento reutilizado para minimizar el consumo de energía.,7
4332,The professor's explanations were understandable even to the most confused students.,5,Las explicaciones del profesor eran comprensibles incluso para los estudiantes más confundidos.,0
4333,She made a plea for mercy in front of the judge.,4,Ella hizo una súplica por clemencia frente al juez.,4
4334,The trio performed a beautiful rendition of the classic song.,2,El trío tocó una hermosa versión clásica de la canción.,2
4335,She gave the bike a test ride and adjusted the pedals to her liking.,0,Ella le dio un paseo en bicicleta y ajustó los pedales a su gusto.,0
4336,The army will conquer the enemy's stronghold if they are strong enough.,4,El ejército conquistará la fuerte enemiga si es lo suficientemente poderoso.,0
4337,The roaring flames danced across the fireplace.,2,Las llamas rugidos bailaban en la chimenea.,0
4338,She loved grazing in the rolling hills with her sheep,3,Ella disfrutaba del pastoreo con sus ovejas en los colinas rotas,4
4339,the bumpy road made us lose our appetite for driving,2,la carretera accidentada nos hizo perder el apetito para conducir,0
4340,Her cheerful smile lit up the entire room.,2,Su sonrisa alegre iluminó toda la habitación.,3
4341,She maximises her productivity by working in short intervals,0,Ella maximiza su productividad trabajando en intervalos cortos,0
4342,The new internet service provider will offer faster speeds.,5,El nuevo proveedor de servicio de internet ofrecerá velocidades más rápidas.,3
4343,She will elect the winner of the contest.,3,Ella elegirá al ganador del concurso.,0
4344,She spends every waking moment grinding away on her latest project.,0,Ella pasa cada momento de su vida trabajando duro en su último proyecto.,0
4345,She is known as the ruler of this kingdom.,6,Ella es conocida como la gobiernante de este reino.,0
4346,The rusty gate needed to be painted to protect it from further decay.,2,La puerta oxidada necesitaba ser pintada para protegerla contra la decadencia adicional.,0
4347,She was consumed by her ego and couldn't listen to anyone else.,6,Ella estaba consumida por su ego y no podía escuchar a nadie más.,6
4348,"The hikers walked through the green meadow, feeling carefree.",7,"Los caminantes pasearon por el verde prado, sintiéndose libres.",7
4349,"She survived a year in prison, an ordeal that she would never forget.",8,"Ella sobrevivió un año en la prisión, un calvario que nunca olvidaría.",9
4350,She unlocked the door with her key.,0,Ella desbloqueó el puente con su llave.,0
4351,The experienced cyclist rode his bike down the steep hill with ease.,3,El ciclista experimentado cabalgó su bicicleta por la cuesta empinada con facilidad.,2
4352,The politician's nationalist stance was criticized by her opponents.,3,La postura nacionalista del político fue criticada por sus oponentes,3
4353,The company's constructive criticism helped them improve their product.,3,El comentario constructivo del cliente ayudó a mejorar el producto.,3
4354,The company hired a new supplier to reduce costs.,6,La empresa contrató un nuevo proveedor para reducir los costos.,6
4355,The retailer carefully selected the products to offer to their customers.,2,El minorista seleccionó cuidadosamente los productos para ofrecer a sus clientes.,2
4356,The poisoning was a result of the contaminated water supply.,2,El envenenamiento fue un resultado del suministro de agua contaminado.,2
4357,Please shush the kids so they can go back to sleep,2,"Por favor, deja que los niños se callen para que puedan volver a dormir",0
4358,The new manager was hailed as a saviour by the team after they were saved from financial ruin.,8,El nuevo gerente fue aclamado como salvador por el equipo después de que fueron salvados del ruino financiero.,7
4359,She is the foremost expert on her field.,4,Ella es la principal especialista en su campo.,4
4360,The politician's greed for power led to corruption allegations.,3,La codicia del político por el poder llevó a acusaciones de corrupción.,2
4361,The queen's velvet cloak was so luxurious it seemed like silk to the touch.,3,El manto de terciopelo de la reina era tan lujoso que parecía seda al tacto.,4
4362,The bodyguard was hired to escort the celebrity at the concert.,6,El guardaespaldas fue contratado para escoltar al artista en el concierto.,0
4363,"The coffee filter helped to absorb the liquid, making it safe to drink.",3,"El filtro de café ayudó a absorber la líquido, haciéndolo seguro para beber.",2
4364,She tripped over her own feet and became quite clumsy as she tried to walk down the stairs.,10,Ella se desvía por sus propias piernas y se volvió torpe al intentar caminar por las escaleras.,11
4365,The GPS can help you locate your car in a crowded parking lot.,6,El GPS puede ayudarte a localizar tu coche en un estacionamiento congestionado.,6
4366,The harnessed wind energy was used to power the city.,0,La energía de viento capturada se utilizó para alimentar la ciudad.,0
4367,The company will manufacture the new product line.,4,La empresa fabricará la nueva línea de productos.,0
4368,The child's pantomime of a bird flying impressed the audience.,3,La pantomima del niño de un pájaro volando impresionó al público.,2
4369,The politician stood at the forefront of the rebellion.,6,El político se puso en la vanguardia de la rebelión.,7
4370,Her childhood innocence was lost when she discovered the truth about her parents.,3,La inocencia de su infancia fue perdida cuando descubrió la verdad sobre sus padres.,2
4371,The artist's latest composition is an intricate study of light and color.,4,La última composición del artista es un complejo estudio de la luz y el color.,3
4372,The new blanket was so snug on my lap that I forgot to get up.,6,El nuevo manta era tan cómoda en mi regazo que olvidé levantarme.,0
4373,The little girl played with her adorable doggy in the park.,8,La pequeña niña jugó con su cariúo perrito en el parque.,8
4374,She applied a slick of lip gloss to enhance her evening look.,4,Aplicó una capa de barniz labial para realzar su aspecto nocturno.,0
4375,The gloomy weather matched her mood perfectly.,2,El clima gélido y gris se ajustó perfectamente a su estado emocional.,0
4376,She kept a journal of her travels throughout the year.,4,Ella mantuvo una revista de sus viajes durante todo el año.,4
4377,"She's such a fussy eater, she won't eat anything that's not organic.",4,"Ella es tan particular en lo que come, no como nada que no sea orgánico.",0
4378,The static camera was mounted on the wall to avoid any movement.,2,La cámara estática fue montada en la pared para evitar cualquier movimiento.,0
4379,The virtual reality headset provided an immersive gaming experience.,2,El par de gafas de realidad virtual proporcionó una experiencia de juego inmersiva.,7
4380,She attends concerts frequent enough to meet her favorite band members backstage.,4,Ella asiste a conciertos lo suficientes como para conocer los miembros favoritos de la banda detrás del escenario.,0
4381,The ferocious beast roared loudly at its captors.,2,El animal salvaje y feroz rugió fuerte ante sus captores.,5
4382,The billionaire donated millions to charitable causes around the world.,6,El millonario donó millones a causas caritativas en todo el mundo.,0
4383,The athlete maintained a continuous pace throughout the marathon.,5,El atleta mantuvo una velocidad constante durante todo el maratón.,0
4384,The company's goal is to achieve effective integration with its new technology platform.,8,El objetivo del empresa es lograr la integración efectiva con su plataforma tecnológica nuevo.,8
4385,The student will participate in the school play.,4,El estudiante participará en el espectáculo escolar.,0
4386,She sliced up a ripe peach and added it to her salad.,6,Ella cortó un melocotón maduro y lo agregó a su ensalada.,4
4387,The person who had the vaccine is now immune to measles.,9,La persona que tomó la vacuna ahora es inmune a la meningitis.,9
4388,The fruit salad was fruity and perfect for lunch.,5,El ensalada de frutas era afrutada y perfecta para almorzar.,0
4389,"The cozy cabin had a rustic feel to it, with its wooden beams and stone fireplace.",6,"La pequeña cabaña tenía un aire rústico, con sus tablas de madera y chimenea de piedra.",7
4390,The firework exploded with glitter in the night sky.,5,El fuego artificioso explotó con brillo en el cielo nocturno.,6
4391,She applied a layer of clear gel to her nail to seal the polish.,7,Aplicó una capa de gel claro en su uño para sellar la pintura.,5
4392,The firework produced a loud racket in the night,6,La chispa produjo un ruido fuerte raqueta en la noche,7
4393,She conceded that the opposing team's strategy was stronger than hers.,0,Ella reconoció que la estrategia del equipo rival era más fuerte que la suya.,0
4394,She wore a strap across her bag to keep it secure.,4,Ella llevaba una correa acrás su mochila para mantenerla segura.,4
4395,The width of the room was just right for a small party.,2,El ancho del salón era perfecto para una pequeña fiesta.,2
4396,The tide will start to swell as it gets closer to the shore.,6,El mar comenzará a hincharse cuando se acerque más al costero.,0
4397,The Roman Empire was an ancient dynasty that ruled much of Europe for centuries.,7,El Imperio Romano era una dinastía antigua que gobernó gran parte de Europa durante siglos.,6
4398,The company's commitment to continuity was a key factor in its success.,5,La voluntad del empresario por la continuidad fue un factor clave en el éxito de la empresa.,7
4399,The oriental spices added a unique flavor to her cooking.,2,Las especias orientales que agregó una sabor único a su cocina.,0
4400,"The documentary was compelling, and it made me think about the issue in a new way.",4,"El documental fue convincente, y me hizo pensar sobre el tema de una manera nueva.",4
4401,The company will import goods from China to meet the growing demand.,4,La empresa importará mercancías de China para satisfacer la creciente demanda.,0
4402,The city was booming with new businesses and economic growth.,4,La ciudad estaba en auge con nuevas empresas y crecimiento económico.,0
4403,The company's new factory had a surplus of raw materials due to increased production.,7,La fábrica del nuevo de la empresa tenía un excedente de materiales de starting debido a una producción aumentada.,10
4404,"After lunch, she took a nap on the couch.",6,"Después del almuerzo, ella se durmió en el sofá",0
4405,The hunter carefully aimed his rifle at the target.,6,El cazador apuntó con cuidado su fusil en el objetivo.,7
4406,The hefty weight of the kettle was difficult to lift,2,El peso pesado del tetero era difícil de levantar,0
4407,The firework exploded with a vivid display of color and light.,6,El cojetilla explotó con una exhibición viva de color y luz.,0
4408,"I know you're excited, albeit it's still early in the morning.",5,"Sé que estás emocionado, aunque todavía es temprano en la mañana.",5
4409,She applied a new shade of lipstick to her lips before going out.,7,Ella aplicó un nuevo tono de lápiz labial en sus labios antes de salir.,0
4410,The demolition crew carefully removed the old building's walls.,2,La demolición de la antigua edificio se realizó con cuidado por el equipo que lo desmanteló.,2
4411,The company announced a significant withdrawal of its operations from the country.,6,La empresa anunció una significativa retirada de sus operaciones del paíss,6
4412,The dual nature of the universe is still not fully understood by scientists.,2,La naturaleza doble del universo todavñ no se entiende completamente por los científicos.,3
4413,She will repay the loan when she gets her next paycheck.,3,Ella pagará el préstamo cuando reciba su próximo salario.,0
4414,The storm brought a fierce gale that knocked over trees.,6,El tormenta trajo un vendaval que derribó árboles.,5
4415,She plopped down on the couch to watch TV.,6,Se sentó en el sofá para ver la televisión.,5
4416,Playing soccer on a hot day made me feel really sweaty.,11,Jugar fútbol en un día caluroso me hizo sentir muy sudoroso.,11
4417,The alphabet is composed of 26 letters.,2,El alfabeto está compuesto por 26 letras.,2
4418,The harmless animal wandered into the garden.,2,El animal inofensivo se deslizó al jardín.,3
4419,The portable computer allowed me to work from anywhere.,2,El portátil de computadora me permitió trabajar desde cualquier lugar.,2
4420,The cat uses its paw to swat at the mouse.,5,El gato usa su garra para golpear al raton.,5
4421,The team spent hours designing the rig to withstand the heavy load.,7,La equipo pasó horas diseñando la plataforma para resistir el peso pesado.,7
4422,The fishy smell coming from the bait tank was a dead giveaway that something was wrong.,2,El olor pesado proveniente del tanque de cebo era una señal clara de que algo estaba mal.,0
4423,The queen walked stately through the palace gardens,4,La reina caminó con imponente gravedad por los jardines del palacio,5
4424,Her face filled with fury as she saw her ex-boyfriend again.,5,Su rostro se llenó de furia al verla su ex novio de nuevo.,6
4425,The fiery passion of the crowd was evident in their chants.,2,La pasí nardamente ardiente del mía era evidente en sus cantos.,4
4426,She packed her luggage into the overhead bin.,4,Ella colocó su equipaje en el estante superior.,4
4427,He always loved motoring through the countryside on his weekends.,4,Él siempre disfrutaba recorriendo la campiña en automovilismo durante sus finos de semana.,8
4428,The successful novelist spent years working on her latest manuscript.,3,La exitosa novelista pasó años trabajando en su último manuscrito.,3
4429,Her final act of bravery brought salvation to the entire community,7,Su último acto de valentía trajo salvación a toda la comunidad,7
4430,The natural disaster left a trail of devastation in its wake.,8,La catástrofe natural dejó un rastro de devastación a su espalda.,8
4431,The lone traveler walked into the old mansion.,2,El viajero solitario caminó hacia la mansión antigua.,3
4432,"After getting bitten by a mosquito, she developed a rash on her arm.",10,"Después de ser mordida por una mosca, desarrolló un sarpullido en su brazo.",10
4433,The company prioritized equity in its hiring process to attract a diverse workforce.,4,La empresa priorizó la equidad en su proceso de selección para atraer una fuerza laboral diversa.,5
4434,The binding contract required both parties to sign in writing.,2,El contrato vinculante requiere que ambas partes firmen por escrito.,3
4435,I need to pee after drinking this huge cup of coffee.,4,Necesito pis después de beber este enorme tazón de café.,2
4436,The family moved to the suburb for more space.,6,La familia se mudó al suburbio para más espacio.,6
4437,"The company's financial situation is unstable, and investors are worried about the future.",6,"La situación financiera de la empresa es inestable, y los inversores se preocupan por el futuro.",8
4438,The army's ammunition stock was running low after the battle.,3,La reserva de municiones del ejército estaba baja después de la batalla.,4
4439,The surgeon performed a surgical procedure on the patient.,5,El cirujano realizó un procedimiento quirúrgico en el paciente.,6
4440,The new business began to flourish after securing a major investment.,6,La nueva empresa comenzó a florecer después de obtener una inversión importante.,6
4441,The infamous actor was arrested for tax evasion.,2,El actor infame fue detenido por evadir impuestos.,3
4442,The company's patrons helped to fund the new art installation.,0,Los patrocinadores de la compañía ayudaron a financiar la nueva instalación de arte.,0
4443,The company was accused of exploiting its employees for profit,0,La empresa fue acusada de explotar a sus empleados para el beneficio,6
4444,The wildfire was causing a fierce blaze that threatened to engulf the entire town.,7,El incendio del bosque estaba causando un intenso brote de fuego que amenazaba con consumir toda la ciudad.,2
4445,The soccer field was filled with excited fans cheering on their favorite team.,2,El campo de fútbol estaba lleno de fanáticos emocionados que apoyaban su equipo favorito.,4
4446,The communal garden was tended by volunteers from the neighborhood.,2,El jardín comunal est« fue cuidado por voluntarios de la vecindad.,3
4447,The company's goal is to eliminate waste in its operations.,6,La empresa busca eliminar el desperdicio en sus operaciones.,4
4448,She made a confession to her therapist about her struggles with anxiety.,4,Ella hizo una confesión con su terapeuta sobre sus dificultades con el estrés.,4
4449,The congregation gathered in the church for Sunday services.,2,La congregación se reunió en la iglesia los domingos para las ceremonias.,2
4450,The recent massacre in the news was carried out by a deranged individual.,3,El reciente masacre informado en las noticias fue llevado a cabo por una persona desesperada.,3
4451,"She received an admission to Harvard University, which was a dream come true.",4,"Ella recibió la admisión en la Universidad de Harvard, que fue un sueño hecho realidad.",4
4452,The disagreement over the contract sparked a heated contention among the partners.,9,La disputa sobre el contrato generó una contienda apasionada entre los socios.,8
4453,She adjusted her seat belt buckle before driving.,6,Ella ajustó su cinturón de seguridad hebilla antes de conducir.,7
4454,She was arrested because of her motive to escape.,7,Ella fue arrestada porque de su motivo a escapar.,7
4455,"After eating the peanuts, she became allergic to them and had to carry an EpiPen at all times.",7,"Después de comer los nueces, ella se volvió alérgica a ellos y tuvo que llevar una jarra de epinefrina en todas partes.",0
4456,The company's new logo improved the website's visibility.,8,La nueva marca del sitio web mejoró la visibilidad,9
4457,She was made eligible for the scholarship by meeting all the requirements.,4,Ella se convirtió elegible para la beca al cumplir con todos los requisitos.,4
4458,The artillery unit was stationed on the outskirts of the city.,2,La unidad de artillería se encontraba ubicada en las afueras de la ciudad.,4
4459,The artist used a scraper to scrape the paint off the wall.,7,El artista usó un escurridor para raspar el barniz del mural.,7
4460,The child will drown if he is not rescued soon,4,El niño se ahogar© si no es rescatado pronto,4
4461,She has a tendency to procrastinate when working on deadlines.,4,Ella tiene una tendencia a retrasarse cuando trabaja con plazos.,4
4462,The carpenter carefully measured the wood to ensure a precise fit.,2,El carpintero medidor cuidadosamente la madera para asegurar una ajuste preciso.,2
4463,The car's engine turned on its shaft to generate power,7,El motor del coche encendió su eje para generar energía,7
4464,The gray sky and cold wind created a gloom over the city.,9,El cielo gris y el viento frío crearon una penumbra sobre la ciudad.,10
4465,The bicycle's loose wheel started to rattle on the pavement.,7,El biñculo con la rueda suelta comenzó a traqueteo en el asfalto.,9
4466,The horse trotted across the field with ease.,0,El caballo trotteó con facilidad por el campo.,0
4467,She began to weave a beautiful pattern on the tapestry.,4,Comenzó a tejer un hermoso patrón en la tapiceria.,3
4468,The team was reliant on the coach's guidance to make the right decisions.,4,El equipo era confiable y en el asesoramiento del entrenador se tomaron las decisiones adecuadas.,0
4469,The family put their children on a raft and let them float downstream.,8,La familia colocó a sus hijos en una balsa y les permitió flotar hacia abajo por el río.,9
4470,She has a strong preference for Italian food over Chinese.,5,Ella tiene una fuerte preferencia por la comida italiana sobre la china.,5
4471,Her relentless work ethic earned her a promotion at the company.,2,Su disciplina incansable le valió una promoción en la compañía.,0
4472,She put her books away in the locker after class.,8,Ella puso sus libros en la taquilla después de clase.,7
4473,The firework ended with a sparkle in the night sky.,6,La estrella finale terminó con un brillo en el cielo nocturno.,7
