fk_word,def_en,def_es,translation
1,"Used to refer to a specific or previously mentioned person, place, thing, etc.","Usado para referirse a una persona, lugar, cosa específica o mencionada anteriormente",el/la/los/las
2,a is a general singular article used before nouns,un es un artículo definitivo generalmente utilizado ante sustantivos,un/una
3,Used as the first person singular pronoun.,Se utiliza como el pronombre personal singular en primer persona.,yo
4,used to refer to a person or thing without specifying who or what,usado para referirse a una persona o cosa sin especificar quién ni qué,él/ella/ello
5,"used to connect words, phrases, or clauses in a sentence.","se utiliza para conectar palabras, frases o cláusulas en una oración.",y
6,used to refer to a person or people in a respectful manner,se utiliza para referirse a una persona o personas en un modo respetuoso,tú/usted/vosotros/ustedes
7,Used to indicate possession or relationship.,Usado para indicar posesión o relación.,de
8,Used to refer back to a person or thing previously mentioned in the conversation.,Usado para referirse a una persona o cosa previamente mencionada en la conversación.,ese/esa/aquel/aquella
9,used to indicate a location or position within something,usado para indicar una ubicación o posición dentro de algo,en
10,used to refer to the speaker and others in a group,usado para referirse al hablante y otros en un grupo,nosotros/nosotras
11,used to indicate purpose or reason for something,usado para indicar propós o razón para algo,para/por
12,to possess or have something,poseer o tener algo,tener/haber
13,Located on a surface or in a particular position.,Ubicado sobre una superficie o en un lugar específico.,sobre/en
14,Used to refer to a person or thing that is near or in the present tense.,Se utiliza para referir a una persona o cosa que está cerca o en el presente,este/esta
15,Used as a subject pronoun to refer to a group of people or things.,Usado como pronombre de sujeto para referirse a un grupo de personas o cosas.,ellos/ellas
16,He is a male noun.,Él es un sustantivo masculino.,él
17,used to ask for information or clarification,se utiliza para preguntar por información o aclaración,qué
18,used to indicate a contrast or an exception,usado para indicar una oposición o excepción,pero
19,used to show the relationship between two things or people.,usado para mostrar la relación entre dos cosas o personas.,con
20,indicating a location or position.,indicando una ubicación o posición.,en/a
21,used to indicate the whole or entire amount of something,se utiliza para indicar el todo o la cantidad total de algo,todo/toda/todos/todas
22,used to indicate similarity or equivalence,se usa para indicar similitud o equivalencia,como
23,one as a numerical unit,uno como unidad numérica,uno
24,to be able to do something,tener la capacidad de hacer algo,poder
25,a decision or determination made before something happens,una decisión o determinación tomada antes de que algo suceda,voluntad/testamento
26,Located at or above a surface,Ubicado en o sobre una superficie,arriba
27,used to show that something is similar in nature or effect,usado para mostrar que algo es similar en naturaleza o efecto,como
28,Used to indicate possession or relationship.,Se utiliza para indicar posesión o relación.,mi
29,relating to or about something,relacionado con o sobre algo,sobre/acerca de
30,to consider or reflect on something,considerar o reflexionar sobre algo,pensar
31,Used to introduce a condition or hypothesis,Usado para introducir una condición o hipótesis,si
32,used to indicate refusal or negation,utilizado para indicar rechazo o negación,ningún/ninguna
33,originating or coming from a particular place or person.,origeniado o proveniente de un lugar o persona en particular.,de/desde
34,to acquire or obtain something,obtener o conseguir algo,obtener/conseguir
35,located or situated outside something,ubicado o situado fuera de algo,fuera
36,used to express possibility or potentiality,utilizado para expresar posibilidad o potencialidad,(verbo condicional)
37,to have or be aware of something,tener o estar al tanto de algo,saber/conocer
38,Used to refer to a person of female gender.,Usada para referirse a una persona del género femenino.,ella
39,having a pleasing quality,teniendo una calidad agradable,bueno/buena
40,The present moment or a specific point in the past or future.,El presente momento o un punto específico en el pasado o futuro.,tiempo
41,the people in a country,la gente en un país,gente/personas
42,to perceive with the eyes or as if by the eyes,perceber con los ojos o como si se viera,ver
43,Used to ask for the identity or description of a person or thing.,Se utiliza para preguntar por la identidad o descripción de una persona o cosa.,quien/quiénes
44,"used to indicate that something has increased or become greater in amount, degree, or intensity","se utiliza para indicar que algo ha aumentado o se ha vuelto mayor en cantidad, grado o intensidad",más
45,Used to indicate a choice between two options,Usado para indicar una elección entre dos opciones,o
46,Used to indicate cause or agent,Usado para indicar la causa o agente,por
47,used to indicate an indefinite quantity or amount,se utiliza para indicar una cantidad o cantidad indefinida,algunos/algunas
48,able to do something,capaz de hacer algo,podía/podría
49,used to introduce a question or to indicate a choice between two alternatives.,usado para introducir una pregunta o indicar una elección entre dos alternativas.,cuál/cuáles
50,to move towards the speaker or a place from which one is coming,llegar a un lugar o persona desde donde uno viene,venir
51,to direct one's attention towards something,dir la atención hacia algo,mirar
52,to desire or wish for something,querer algo,querer
53,used to explain the reason for something,se utiliza para explicar la razón de algo,porque
54,A number indicating a quantity of two items or units.,Un número que indica una cantidad de dos unidades o elementos.,dos
55,Used to indicate the beginning or initial stage of something,Usado para indicar el comienzo o etapa inicial de algo,primero/primera
56,to allow something to happen or be done.,dar permiso para que suceda o se realice algo.,dejar/permitir
57,Located above or beyond something.,Ubicado encima o más allá de algo.,sobre/encima de
58,to bring into existence or to create something,llevar a la existencia o crear algo,hacer
59,to express an opinion or feeling in speech or writing,expresar una opinión o sentimiento por voz o escritura,decir
60,used to refer to people or things previously mentioned or easily identified.,se utiliza para referirse a personas o cosas anteriormente mencionadas o fácilmente identificables.,estos/estas
61,a path or route,un camino o ruta,camino/manera
62,A small portion or fragment of something.,Un pequeño trozo o fragmento de algo.,pedazo/poco
63,in a downward direction or position,en una dirección o posición hacia abajo,abajo
64,located or situated outside something.,ubicado o situado fuera de algo.,fuera de/apagado
65,to seize or obtain something,señalar o obtener algo,tomar
66,to require something in order to accomplish something or maintain a situation.,requerir algo para lograr algo o mantener una situación.,necesitar
67,of small size or amount,de pequeña o pequeño tamaño,pequeño/pequeña
68,Used to compare two things or people.,Usado para comparar dos cosas o personas.,que
69,used to indicate the presence of something,usado para indicar la presencia de algo,algún/alguna/cualquier
70,it is necessary or expected that something should be done,es necesario o esperado que algo debiera hacerse,debería (condicional)
71,extremely good or of high quality,muy bueno o de alta calidad,grande/excelente
72,A period of 24 hours.,Un período de 24 horas.,día
73,the activity of doing a job or skill for pay,la actividad de realizar un trabajo o habilidad para el pago,trabajo
74,to place something in a particular position or location,colocar algo en una posición o ubicación específica,poner
75,A large amount or quantity of something.,Una gran cantidad o cantidad de algo.,lote/mucho
76,new can be used to describe something that has just been introduced or started.,nuevo se utiliza para describir algo que ha sido introducido recientemente o empezado.,nuevo/nueva
77,of the most recent or final in time or sequence,de la más reciente o final en tiempo o secuencia,último/última
78,The current day of the month.,El día actual del mes.,hoy
79,used to indicate movement from one side of something to the other,se utiliza para indicar movimiento desde una parte de algo hacia la otra,a través de
80,extremely large in size or amount,muy grande en tamaño o cantidad,grande
81,A thing is an object or entity that exists or can be perceived.,Una cosa es un objeto o entidad que existe o se puede percibir.,cosa
82,in a later time or position,en un momento posterior o posición,después de
83,Used to refer to two or more things previously mentioned or clearly understood in the context.,Usado para referirse a dos o más cosas anteriormente mencionadas o claras en el contexto.,esos/esas/aquellos/aquellas
84,A quantity of three items or objects.,Un número de tres objetos o elementos.,tres
85,A year is a unit of time equal to 365.24 days.,"Un año es una unidad de tiempo igual a 365,24 días.",año
86,"used to indicate the point in time or position that follows a particular event, period, or action","utilizado para indicar el punto en el tiempo o posición que sigue un evento específico, período o acción",siguiente/próximo
87,to locate or discover something,localizar o descubrir algo,encontrar
88,in a position or time that is earlier than something else,en una posición o tiempo que es anterior al de algo,antes de
89,the entire physical universe including all of space and time,el universo entero que incluye todo el espacio y el tiempo,mundo
90,to have a strong feeling of affection for someone or something,tener un fuerte sentimiento de afecto por alguien o algo,amar
91,used to describe quantities that are numerous or large,usado para describir cantidades numerosas o grandes,muchos/muchas
92,To express gratitude or appreciation for something.,Expresar agradecimiento o aprecio por algo.,agradecer
93,A person's dwelling place.,El lugar donde una persona vive.,hogar/casa
94,to cause someone to have something,causar a alguien que tenga algo,dar
95,located or situated on all sides of something,ubicado o situado a todos lados de algo,alrededor de
96,A human male.,Un hombre es un ser humano masculino.,hombre
97,the money in your pocket is yours alone,el dinero que tienes en tu bolsillo es tuyo,dinero
98,pleasantly pleasing or appealing.,plejente y agradable.,agradable/bonito
99,A house is a building for human habitation.,Una casa es un edificio para la habitación humana.,casa
100,to communicate information to someone,comunicar información a alguien,decir/contar
101,The experience or existence of human beings on earth.,La experiencia o existencia de seres humanos en la tierra.,vida
102,of great extent or duration,de gran extensión o duración,largo/larga
103,to have the ability or power to do something,tener la capacidad o potencial para hacer algo,poder (pasado/potencial)
104,extremely antiquated or out of date,extremadamente antiguo o de fecha antigua,viejo/vieja
105,confident or certain,confidente o seguro,seguro/segura
106,A location where something happens or exists,Un lugar donde sucede algo o existe,lugar
107,used to show possession or belonging,utilizado para mostrar posesion o pertenencia,su (de ello)
108,"a presentation or performance of music, dance, or other art forms","una presentación o actuación de música, danza o otras formas de arte",espectáculo
109,the final point or stage of something,el último punto o etapa de algo,fin
110,to initiate or begin something,initiar o comenzar algo,comenzar
111,A government is the system or group of people who make and enforce decisions for a country.,El gobierno es el sistema o grupo de personas que hacen y aplican las decisiones para un país.,gobierno
112,to assist or support someone or something in need,ayudar a alguien o algo en necesidad,ayudar
113,used to refer to all members of a group or set.,se utiliza para referirse a todos los miembros de un grupo o conjunto.,cada
114,to experience or be affected by something in a subjective way,experimentar o estar afectado por algo de manera subjetiva,sentir
115,to hold or maintain something in existence,sustener o mantener algo en existencia,guardar/mantener
116,relating to or characteristic of the individual who possesses something,relacionado con o característico del individuo que lo posee,propio/propia
117,A circle or sphere in shape.,Un círculo o esfera en forma.,ronda/redondo
118,to express a feeling or opinion,expresar un sentimiento o opinión,significar
119,to engage in an activity for enjoyment or recreation,participar en una actividad para el placer o la recreación,jugar
120,to have the power or permission to do something.,tener el poder o permiso para hacer algo.,poder (permiso)
121,"a group of people related by birth, marriage, or adoption","un grupo de personas relacionadas por nacimiento, matrimonio o adopción",familia
122,to request something in a polite manner,pedir algo de manera amable,complacer/por favor
123,the number that comes after three and before five,el número que viene después de tres y antes de cinco,cuatro
124,Not many; a small or insufficient number.,Poco; una cantidad pequeña o insuficiente.,pocos/pocas
125,A component or element that makes up the whole,Una parte o elemento que forma el todo,parte
126,a group of people working together for a common purpose,un grupo de personas trabajando juntas para un propósito común,equipo
127,it is necessary or required,es necesario o requerido,deber
128,a sequence of lessons or study periods offered by an institution,una secuencia de lecciones o períodos de estudio ofrecidos por una institución,curso
129,A period of seven days.,Un período de siete días.,semana
130,having a distinct character or quality,teniendo un carácter o calidad distinta,diferente
131,A period of darkness between sunset and sunrise.,Un período de oscuridad entre el atardecer y la aurora.,noche
132,expressing regret or apology for something unpleasant or disappointing.,expresando arrepentimiento o disculpa por algo desagradable o decepcionante.,lo siento/apenado
133,to make an effort to do something,intentar algo,intentar
134,having the same qualities or characteristics,tener las mismas cualidades o características,mismo/misma
135,pleasantly pleasing to the eye or mind,agradable y atractivo,encantador/encantadora
136,A country is a geographical territory with defined borders and a population.,Un país es un territorio geográfico con fronteras definidas y una población.,país
137,a numerical quantity equal to one followed by one zero,un número que consiste en uno seguido de cero,cinco
138,the best or highest part of something,la parte mejor o más alta de algo,superior/cima
139,A person's given identity,El nombre de una persona,nombre
140,A category or classification of things.,Una categoría o clasificación de cosas.,tipo/clase
141,occurring or coming after the first in a sequence of three,sucediendo o ocurriendo después del primero de una secuencia de tres,segundo/segunda
142,The head of a household is responsible for making financial decisions.,La cabeza de una familia es responsable de tomar decisiones financieras.,cabeza
143,A person's occupation or profession.,Una ocupación o profesión de una persona.,trabajo
144,a piece of information sought or required to be found,una pieza de información buscada o requerida,pregunta
145,a location on a surface or in space,un lugar en una superficie o en el espacio,punto
146,the quality of being gentle and generous,la calidad de ser amable y generoso,tipo/clase
147,A private space for sleeping and relaxation.,Un espacio privado para dormir y relajarse.,habitación/cuarto
148,located below something,ubicado debajo de algo,debajo de
149,extremely difficult to do or to get through.,extremadamente difícil de hacer o de superar.,duro/difícil
150,Not in accordance with facts or standards.,No acorde con hechos o normas.,incorrecto/equivocado
151,to fix something in a certain way,establecer algo de manera determinada,establecer/colocar
152,the present time or opportunity,el momento o oportunidad actual,momento
153,used to refer to two or more things at the same time,se usa para referirse a dos o más cosas al mismo tiempo,ambos/ambas
154,of great value or consequence,de gran valor o consecuencia,importante
155,to employ or utilize something for a particular purpose.,utilizar algo para un fin específico.,usar
156,A concept or notion that is conceived and entertained in the mind.,Un concepto o noticia concebida y considerada en la mente,idea
157,to feel a sense of optimism or confidence that something will happen or improve,sentirse optimista o confiado de que algo sucederá o mejorará,esperar
158,of poor quality,de mala calidad,malo/mala
159,Feeling or expressing great pleasure or joy.,Sentir o expresar gran placer o alegría.,feliz
160,A quantity or amount.,Una cantidad o cantidad,número
161,to consider something to be true,considerar algo como verdadero,creer
162,the ultimate response to a question,la respuesta definitiva a una pregunta,respuesta
163,used to indicate a position or time between two things,se utiliza para indicar una posición o tiempo entre dos cosas,entre
164,the amount or degree of something that is divided in two,la cantidad o grado de algo que se divide en dos,mitad
165,to come to an end or cessation,causar la cesación o el fin de algo,detener/parar
166,A location or area to which one is facing or turned.,Un lugar o área en dirección a la que se enfrenta o se vuelve.,lado
167,completely entire or undivided in amount or degree,entero o indiviso en cantidad o grado,entero/entera
168,A form of entertainment or leisure activity.,Una forma de entretenimiento o actividad de ocio.,juego
169,to communicate or summon someone by phone,comunicarse o llamar a alguien por teléfono,llamar
170,actually or actually being the case,de hecho o de hecho existente,real
171,used to indicate a singular quantity of a thing or person,se utiliza para indicar una cantidad única de algo o alguien,cada
172,"A clear, colorless, and odorless liquid substance that is essential for human life.","Una sustancia líquida clara, colorless y sin olor que es esencial para la vida humana.",agua
173,extremely tall or elevated in position,extremadamente alto o elevado en posición,alto/alta
174,"a social gathering with food, drink, and music","una reunión social con comida, bebida y música",fiesta/partido
175,opposed to something or someone,en contra de algo o alguien,contra
176,prepared for use or action.,preparado para uso o acción.,listo/lista
177,to communicate thoughts or opinions through speech,comunicarse a través del habla,hablar
178,to recall or bring back to mind,recordar o llevar a la mente,recordar
179,A situation or issue that needs to be solved or addressed.,Un problema que necesita resolverse o abordarse.,problema
180,relating to or characteristic of youth; fresh and vigorous.,relacionado o característico de la juventud; fresco y vigoroso.,joven
181,the police are responsible for maintaining law and order in a country,la policía es responsable de mantener el orden y la seguridad en un país,policía
182,to a great extent; very much,en un gran grado; muy mucho,tal
183,to exist or continue in a state of being.,existir o continuar en un estado de ser.,vivir
184,the time of day when the sun rises,el tiempo del día cuando el sol se levanta,mañana
185,used to indicate a direction or distance from one side of something to the other,se utiliza para indicar una dirección o distancia desde un lado de algo hasta el otro,a través de
186,to achieve or obtain a winning outcome,lograr un resultado ganador,ganar
187,to depart or go away from a place,salir de un lugar,dejar/salir
188,to move quickly on foot or by running,movirse con rapidez a pie o corriendo,correr
189,to change the position of something or someone,cambiar la posición de algo o alguien,mover/mudarse
190,to make something different or to cause something to become different,hacer que algo sea diferente o causar que algo cambie,cambiar
191,A person's occupation or profession.,Una ocupación o profesión de una persona.,negocio
192,The number that is one more than five and one less than seven.,El número que es uno más que cinco y uno menos que siete.,seis
193,the ability to think and reason,la capacidad de pensar y razonar,mente
194,Having or showing the quality of being able.,Tener o mostrar la calidad de ser capaz.,capaz
195,Ultimately decided or agreed upon.,Ultimadamente decidido o acordado.,final
196,used to indicate a starting point or period of time,usado para indicar un punto de partida o período de tiempo,desde
197,the mother of one's children,la madre de los hijos de una persona,mamá
198,a possibility for something to happen or be true,una posibilidad para que algo suceda o sea cierto,oportunidad
199,used to indicate a point of time or period during which an action takes place.,utilizado para indicar un momento o período durante el cual se realiza una acción.,mientras
200,a true statement or assertion about a matter of fact.,una afirmación verdadera sobre un hecho,hecho
201,a place where students go to learn and study,un lugar donde los estudiantes van a aprender y estudiar,escuela
202,extremely good or exciting.,muy bueno o emocionante.,fantástico/fantástica
203,the time of night in the present or near future,el momento de la noche en el presente o cercano futuro,esta noche
204,A line is a continuous sequence of points extending infinitely in two directions.,Una línea es una secuencia continua de puntos que se extiende infinitamente en dos direcciones.,línea
205,The food on the table is stale.,La comida en la mesa está vencida.,comida
206,to cause something to change direction or position,causar que cambie dirección o posición,girar/cambiar
207,Relating to or occurring in the same region as a particular place or area.,Relacionado con o ocurriendo en el mismo lugar o área.,local
208,open to everyone; accessible,abierto/a al público; accesible,público/pública
209,satisfactory or acceptable,satisfactorio o aceptable,bien/fino
210,The face is the visible part of a person's head that shows their emotions.,La cara es la parte visible de la cabeza que muestra las emociones de una persona.,cara
211,A car is a road vehicle that is designed to carry people or goods.,Un coche es un vehculo de camino que se diseina para llevar personas o mercancas.,coche/auto
212,to perceive sound as it is made,perceber sonido como lo que se hace,escuchar/oír
213,The hand is a part of the human body used for grasping and manipulating objects.,La mano es una parte del cuerpo humano utilizada para agarrar y manipular objetos.,mano
214,A case is a set of circumstances or conditions.,Un caso es un conjunto de circunstancias o condiciones.,caso
215,not large in size or amount,pequeño o pequeña en tamaño o cantidad,pequeño/pequeña
216,expression of politeness or gratitude in response to a kindness or favor,expresión de cortesía o gratitud en respuesta a una amabilidad o beneficio,gracias
217,used to indicate contrast between two ideas or situations.,se utiliza para indicar la oposición entre dos ideas o situaciones.,aunque
218,extremely pleasing to the senses,muy agradable,bello/bella/hermoso/hermosa
219,a sequence of events or experiences related to the human condition,una secuencia de eventos o experiencias relacionados con la condición humana,historia
220,the part of the human body that contains the eyes and nose.,el parte del cuerpo humano que contiene los ojos y la nariz.,frente
221,used to indicate location or position behind something,usado para indicar la ubicacion o posicion detrás de algo,detrás de
222,a pair of things that are related in some way,una pareja de cosas que están relacionadas de alguna manera,pareja
223,A father or male parent.,Un padre o padre masculino.,papá
224,capable of being accessed or used,capaz de ser accedido o utilizado,abierto/abierta
225,"information about current events,",,noticias
226,to request information or something,solicitar información o algo,preguntar
227,to come into contact with someone or something again,"llamarse, conocerse",encontrar/conocer
228,requiring great effort or skill to accomplish,requiriendo gran esfuerzo o habilidad para lograr,difícil
229,A region or space defined by boundaries or limits.,Un espacio o área definida por límites o limitaciones.,área/zona
230,to move something from one place to another,movilizar algo de un lugar a otro,traer
231,to give something in exchange for money,dar algo a cambio de dinero,pagar
232,completely filled or occupied,completamente lleno o ocupado,lleno/llena
233,until means the point or period at which something stops or ends,hasta significa el punto o período en el que algo deja de estar activo,hasta
234,A city is a large human settlement in which people live and work.,Una ciudad es un gran asentamiento humano en el que las personas viven y trabajan.,ciudad
235,a thing or things considered as a whole.,un conjunto o cosas consideradas como un todo.,cosas
236,to remain in a place or situation,quedarse en un lugar o situación,quedarse
237,used to indicate a choice or decision between two options,usado para indicar una elección o decisión entre dos opciones,si
238,a numerical value equal to ten,un número que equivale a diez,diez
239,a large but not extremely large number,una gran pero no extremadamente grande cantidad,millón
240,to hold one's course or action until something happens or until a specific time,sustener el curso o acción hasta que ocurra algo o hasta una determinada hora,esperar
241,to purchase something for money,comprar algo con dinero,comprar
242,A thing that belongs to someone or something.,Un bien que pertenece a alguien o algo.,propiedad
243,free from obstacles or difficult to understand,libre de obstáculos o difícil de entender,claro/clara
244,In a precise and accurate manner.,De manera precisa y exacta.,correcto/correcta
245,extremely good or impressive,muy bueno o impresionante,increíble
246,Located within something,Ubicado dentro de algo,dentro de
247,to sever or divide something into two parts,separar o dividir algo en dos partes,cortar
248,the sound or activity of playing music,el sonido o actividad de tocar música,música
249,a state of armed conflict between nations or groups,un estado de conflicto armado entre naciones o grupos,guerra
250,A human being.,Una persona.,persona
251,the act of showing concern for someone's well-being,el acto de mostrar preocupación por el bienestar de alguien,cuidado
252,a bargain or agreement reached after negotiation,un acuerdo o trato alcanzado después de negociación,trato
253,extremely talented or impressive,muy talentoso o impresionante,brillante
254,true is a word used to describe something that is factually correct or accurate.,verdadero es un adjetivo que se utiliza para describir algo que es factualmente cierto o preciso.,verdadero/verdadera
255,moving or extending in a continuous line or course,moviéndose o extendiéndose en una línea o curso continuo,a lo largo de
256,"A round object made of leather or synthetic materials, used for playing sports.","Un objeto redondo hecho de cuero o materiales sintéticos, utilizado para jugar deportes.",pelota/bola
257,extremely good or pleasing.,muy bueno o agradable.,maravilloso/maravillosa
258,to grasp or keep something in one's hand,sostener algo en la mano o en la suya,sostener
259,Characterized by being exceptional or unusual in some way.,Caracterizado por ser excepcional o uncommon en algún sentido.,especial
260,occurring or happening at the beginning of a period of time,ocurriendo o sucediendo al comienzo de un período de tiempo,temprano
261,to occur or take place,ocurrir o suceder,suceder/ocurrir
262,extremely large in size or amount,extremadamente grande en tamaño o cantidad,enorme
263,requiring little effort or skill,requiriendo poco esfuerzo o habilidad,fácil
264,used to indicate a decrease or degree,se utiliza para indicar una disminución o grado,menos
265,A feeling of enjoyment or amusement.,Un sentimiento de disfrute o diversión.,diversión
266,to strike or come into contact with something,golpear a algo o alguien,golpear
267,to see or behold,ver o mirar algo o a alguien,ver/mirar
268,"A title of respect used to address a man, especially one in a position of authority.","Un título de respeto utilizado para dirigirse a un hombre, especialmente uno en una posición de autoridad.",señor
269,the time after the present or past,el tiempo después del presente o pasado,futuro
270,the central organ of the circulatory system,el órgano central del sistema cardiovascular,corazón
271,used to describe something that happened before the present time,señala algo que ocurrió antes del tiempo presente,pasado/pasada
272,A young female human.,Una joven chica humana.,chica/niña
273,A word is a unit of language that expresses a meaning or concept.,Una palabra es un unidad de lenguaje que expresa una significado o concepto.,palabra
274,a young human from birth,un niño desde el nacimiento,bebé
275,the ability or capacity to do something or act in a particular way,la capacidad o facultad para hacer algo o actuar de una manera particular,poder
276,A female parent of a child.,La madre de un niño es la persona que lo ha parido y lo crió.,madre
277,A region in the universe that is not occupied by anything.,Una región en el universo que no está ocupada por nada.,espacio
278,The act or state of helping or assisting someone or something.,El acto o estado de ayudar o apoyar a alguien o algo.,apoyo
279,a person liked or trusted for companionship,una persona a quien se le gusta la compañía,amigo/amiga
280,a public route for vehicular or pedestrian traffic,una ruta pública para el tráfico de vehículos o peatones,carretera/camino
281,A financial institution where deposits are accepted and withdrawals are made.,Una institución financiera donde se aceptan depósitos y se realizan retiradas.,banco
282,the smallest amount or degree,la cantidad o grado más pequeño,menor/menos
283,having a value or quality that makes something desirable or valuable.,teniendo un valor o calidad que hace que algo sea deseable o valioso.,valer la pena
284,A garden is a planned space for growing plants.,Un jardín es un espacio planificado para cultivo de plantas.,jardín
285,"extremely good or faultless in quality, situation, or performance.","muy bueno o defectuoso en calidad, situación o desempeño.",perfecto/perfecta
286,a period of time spent sleeping or inactivity,un período de tiempo dedicado al sueño o inactividad,descanso/resto
287,The price of a house can vary greatly depending on location.,El precio de una casa puede variar mucho dependiendo del lugar.,precio
288,A source of illumination.,Una fuente de iluminación.,luz
289,Providing a good balance of challenges and rewards can make an experience interesting.,Prestar un buen equilibrio de desafíos y recompensas puede hacer que una experiencia sea interesante.,interesante
290,to change or develop into something else,cambiar o desarrollarse en algo,llegar a ser/convertirse en
291,a young male person,un niño joven,chico/niño
292,A part or portion of something.,Una parte o fragmento de algo.,pieza/pedazo
293,A recording of events in the past or present that are intended to be entertaining,Una grabación de eventos pasados o presentes destinados a ser entretenido,película
294,a set of things working together as parts of a whole,un conjunto de cosas que trabajan juntas como partes de un todo,sistema
295,of the color between blue and brown,de la color entre azul y marrón,negro/negra
296,A door is a movable structure used to open access to a room or building.,Una puerta es una estructura móvil utilizada para abrier acceso a un habitáculo o edificio.,puerta
297,the day after the current day,el día después del día actual,mañana
298,A father is a male parent of a child.,Un padre es un hombre que es el progenitor de un hijo.,padre
299,White is a color that is often associated with purity and innocence.,Blanco es un color que se asocia comúnmente con la pureza y la inocencia.,blanco/blanca
300,to hear or attend to the sound of something,oír o prestar atención al sonido de algo,escuchar
301,used to express future obligation or necessity,se utiliza para expresar la obligacion o necesidad futura,deber (futuro)
302,a favorable set of circumstances that helps a person succeed,un conjunto de circunstancias favorables que ayudan a una persona a tener éxito,suerte
303,having or showing great physical or mental power,teniendo o mostrando gran poder físico o mental,fuerte
304,"The study of past events, especially human affairs.","El estudio de los acontecimientos pasados, especialmente las cosas humanas.",historia
305,not having to pay or give something in exchange,no tener que pagar o dar algo a cambio,libre/gratis
306,to be in a position of authority or control,estar en una posición de autoridad o control,estar de pie
307,the subject or main point of discussion,el tema o asunto principal de debate,asunto/materia
308,a contraction of 'going to' used informally in American English.,una contracción de 'volver a' usado informalmente en inglés estadounidense.,ir a (contracción)
309,A century is a period of one hundred years.,Un siglo es un período de uno cien años.,siglo
310,A building is a structure that serves as the basic unit of a settlement or town.,Un edificio es una estructura que sirve como unidad básica de un asentamiento o pueblo.,edificio
311,A small group of people living in a particular place.,Un grupo pequeño de personas que viven en un lugar específico.,pueblo/ciudad
312,a feeling or meaning that something gives to someone,un sentimiento o significado que algo da a alguien,sentido
313,the middle point or position of something,el punto o posición central de algo,medio/centro
314,to shatter or fracture something into pieces,romper algo o causar que se parta en pedazos,romper
315,a unit of time equal to 60 seconds,una unidad de tiempo equivalente a 60 segundos,minuto
316,A connection or association between two things.,Un enlace o asociación entre dos cosas.,enlace/vínculo
317,A business or organization that engages in a particular activity or profession.,Una empresa o organización que se dedica a una actividad o profesión particular.,empresa/compañía
318,A particular situation or condition,Un estado específico o condición,estado
319,A place where goods and services are bought and sold.,Un lugar donde se compran y venden bienes y servicios.,mercado
320,a numerical value equal to ten,un número cuyo valor es diez,ocho
321,A woman is an adult human female.,Una mujer es una mujer adulta.,mujer
322,the air around us is essential for breathing,el aire que nos rodea es esencial para respirar,aire
323,to offer or provide something in exchange for money,ofrecer o proporcionar algo a cambio de dinero,vender
324,Characterized by a color that is not brown or black.,Caracterizada por un color que no es marrón o negro.,verde
325,The number that comes after six and before eight.,El número que viene después de seis y antes de ocho.,siete
326,to feel a strong sense of loss or longing for something or someone.,sintir una fuerte sensación de pérdida o anhelo por algo o alguien.,extrañar/fallar
327,The pressure was building as the storm approached.,La presión era alta en el sistema de control.,presión
328,A book is a written or printed work consisting of pages glued or sewn together along one side and bound in covers.,Un libro es un trabajo escrito o impreso que consta de páginas pegadas o cosidas por un lado y encuadernado en tapas.,libro
329,arriving or coming after the expected or usual time.,llegando o llegando después de la hora esperada o habitual.,tarde
330,to take food into the body,tomar alimento en el cuerpo,comer
331,A large body of saltwater,Un gran cuerpo de agua salada,mar
332,The kitchen is a room where food and cooking are prepared.,La cocina es un espacio donde se prepara la comida y se cocina.,cocina
333,relating to or characteristic of a nation.,relacionado con o característico de un país.,nacional
334,capable of being done or existed,capaz de ser hecho o existido,posible
335,A plan or schedule for something to be done,Un plan o calendario para algo que debe hacerse,programa
336,a detailed proposal or scheme for achieving a goal,un proyecto detallado o esquema para lograr un objetivo,plan
337,a short burst of sound or a sudden movement,un breve estallido de sonido o un movimiento repentino,disparo/tomada
338,a public road for vehicular traffic,una vía pública para el tráfico de vehículos,calle
339,A particular kind of activity or effort provided for the benefit of others.,Un tipo específico de actividad o esfuerzo proporcionado a favor de los demás.,servicio
340,A fish is a vertebrate aquatic animal.,Un pez es un animal acuático vertebrodo,pez/pescado
341,to move at a pace that is typically steady and smooth,moverse a un ritmo que suele ser constante y suave,caminar
342,an event or situation that tests one's ability,un evento o situación que prueba la capacidad de alguien,desafío/reto
343,A device used for communicating over long distances,Un dispositivo utilizado para comunicarse a largas distancias,teléfono
344,A planned amount of money to be spent on expenses during a particular period of time.,Un monto planificado de dinero para ser gasto en gastos durante un período determinado de tiempo.,presupuesto
345,The reason for a particular action or decision is the underlying cause that motivates it.,La razón de un determinado acto o decisión es la causa subyacente que la motiva.,razón
346,the surface on which something is based or supported,el suelo o terreno sobre el que algo se apoya,suelo/terreno
347,A platform for performance or competition,Un punto de presentación o competencia,etapa/escenario
348,A collection of people or things that are similar or belong together.,Un conjunto de personas o cosas que son similares o pertenecen juntos.,grupo
349,A central part or location of something.,Un centro o lugar central de algo.,centro
350,A natural phenomenon characterized by the rapid oxidation of fuel sources.,Un fenómeno natural caracterizado por la rápida oxidación de fuentes de combustible.,fuego
351,the stage of life at which a person can reproduce,la etapa de la vida en la que una persona puede reproducirse,edad
352,A problem or question that needs to be dealt with.,Un problema o cuestión que necesita ser abordado.,asunto/problema
353,"a heavy metal element with the symbol Pb, used in batteries and other applications.","un elemento metálico pesado con el símbolo Pb, utilizado en baterías y otras aplicaciones.",plomo/liderazgo
354,a area of ground enclosed by a wall or fence,un área de tierra rodeada por una muralla o valla,tierra
355,a compulsory payment to the government.,un pago obligatorio a los gobiernos.,impuesto
356,during a particular period of time,durante un período determinado de tiempo,durante
357,The body is the physical structure that supports an organism,El cuerpo es la estructura física que soporta un organismo,cuerpo
358,A unit of time equal to 60 minutes.,Unidad de tiempo igual a 60 minutos.,hora
359,The cost of a ticket is $50.,El costo de un boleto es de $50.,costo
360,"occurring or coming third in time, order, or degree.","ocurriendo o llegando tercer en el tiempo, orden o grado.",tercero/tercera
361,the act of choosing between two or more alternatives,el acto de elegir entre dos o más alternativas,decisión
362,A formal sale in which goods are offered for sale and bought by the highest bidder.,Una venta formal en la que se ofrecen bienes y son comprados por el comprador más alto,subasta
363,A domesticated carnivorous mammal often kept as a pet.,Un mamífero carnívoro doméstico a menudo mantenido como mascota.,perro
364,A male child or the male parent of a family.,Un hijo o el padre masculino de una familia.,hijo
365,a particular perspective or outlook,una perspectiva o visión particular,vista
366,A noise or voice produced by a person or thing,Un ruido o voz producido por una persona o cosa,sonido
367,Choose something for use or eating.,Elige algo para uso o para comer.,elegir/recoger
368,the location where something is placed or occurs,el lugar donde algo se encuentra o ocurre,posición
369,a formal expression of opinion or choice in an election.,una expresión formal de opinión o elección en una elección.,voto
370,"a bright, clear, and calm color","un color brillante, claro y tranquilo",azul
371,to form an opinion about something without having enough information,formar una opinión sobre algo sin tener suficiente información,adivinar
372,showed a serious concern for the team's performance.,muestra un serio interés en el rendimiento del equipo.,serio/seria
373,"the system of production, distribution, and consumption of goods and services","el sistema de producción, distribución y consumo de bienes y servicios",economía
374,having the quality of being just and equitable,teniendo la calidad de ser justo e igualitario,justo/justa
375,"a particular occasion or situation in which someone learns or acquires new knowledge, skills, or attitudes.","una oportunidad o situación específica en la que alguien aprende o adquiere nuevos conocimientos, habilidades o actitudes.",experiencia
376,a man or boy considered as a representative type of his sex,un hombre o niño considerado como un tipo representativo de su sexo,chico/tipo
377,A lady is a woman considered to be polite and dignified.,Una señora es una mujer considerada educada y digna.,señora/dama
378,A request or instruction given to someone.,Un pedido o instrucción dada a alguien.,orden
379,unmarried or having only one partner,soltero o sin pareja,soltero/soltera/único/única
380,dead refers to something that has ceased to function or breathe.,muerto/muerta significa algo que ha cesado de funcionar o respirar.,muerto/muerta
381,relating to the government or politics of a country,relacionado con el gobierno o política de un país,político/política
382,The quality or manifestation of human creative expression.,La calidad o manifestación de la expresión creativa humana.,arte
383,The wife is a woman who is married to someone.,La esposa es una mujer casada con alguien.,esposa
384,A young human being from birth.,Un niño es una persona joven desde el nacimiento.,niño/niña
385,extremely high in temperature,muy alto en temperatura,caliente
386,main can be used to refer to the most important or primary part of something.,principal se utiliza para referirse al elemento más importante o principal de algo.,principal
387,to feel anxious or uneasy about something that may happen,sintetizar o preocuparse por algo que puede suceder,preocuparse
388,the process of dying or ceasing to exist,el proceso de morir o cesar a existir,muerte
389,a formal statement of the price at which something will be sold or purchased.,una declaración oficial del precio con el que algo se venderá o comprará.,oferta
390,to interpret or understand the meaning of written or printed words,interpretar o entender el significado de palabras escritas o impresas,leer
391,The ability to be healthy and free from disease.,La capacidad de ser saludable y libre de enfermedad.,salud
392,The control panel is used to regulate the functions of a machine.,El panel de control se utiliza para regular las funciones de una máquina.,control
393,A council is a group of people elected to make decisions on behalf of a community or organization.,Un consejo es un grupo de personas elegidas para tomar decisiones en nombre de una comunidad o organización.,concejo/consejo
394,to allow someone or something to go through a doorway or a period of time,permitir que alguien o algo pase por una puerta u oportunidad,pasar
395,to be in a seated position,estar sentado,sentarse
396,to use money or resources in order to achieve something,utilizar dinero o recursos para lograr algo,gastar
397,A room where people work,Un espacio donde las personas trabajan,oficina
398,to appear or seem to be in a certain way,parecer algo o a alguien,parecer
399,moving or capable of moving with great speed,muevo o capaz de moverse con gran velocidad,rápido/rápida
400,the organ by which we see,el órgano por el cual vemos,ojo
401,a particular standard or point in something,un estándar o punto particular de algo,nivel
402,the most liked or preferred of several things,el o la más preferido a varios,favorito/favorita
403,A photograph or drawing that represents an object or scene.,Una fotografía o dibujo que representa un objeto o escena.,imagen/cuadro
404,of limited length,de corta longitud,corto/corta
405,a contest in which two teams or individuals compete to achieve a common goal.,una competencia en la que dos equipos o individuos compiten para alcanzar un objetivo común.,partido/coincidencia
406,A period of time at the end of day when most people stop working.,Un período de tiempo a la hora del final del día cuando la mayoría de las personas cesan de trabajar.,tarde/noche
407,a style of expressive movement performed to music,un estilo de movimiento expresivo realizado a la música,baile
408,The weather outside is rainy and gloomy.,El tiempo en el exterior es lluvioso y sombrío.,tiempo (clima)
409,A rectangular container used for storing or transporting things.,Un contenedor rectangular utilizado para almacenar o transportar cosas.,caja
410,requiring a great deal of strength or courage,demandando una gran cantidad de fuerza o coraje,duro/difícil
411,a place where you sleep.,un lugar donde duermes.,cama
412,having a small amount or degree,teniendo una cantidad o grado pequeño,bajo/baja
413,"A document or digital file that contains information about a person, organization, event, or transaction.","Un documento o archivo digital que contiene información sobre una persona, organización, evento o transacción.",récord/registro
414,"to lose something or someone, often permanently.","perder algo o a alguien, a menudo permanentemente.",perder
415,A competition in which participants run a set distance.,Una competencia en la que los participantes corren una distancia establecida.,carrera/raza
416,Having a low temperature.,Teniendo una temperatura baja.,frío/fría
417,A person considered a friend or associate.,Un persona considerada un compañero o socio.,compañero/compañera
418,a place where people go to have their disputes or problems decided by a judge.,un lugar donde las personas van a tener sus disputas o problemas decididos por un juez.,tribunal/corte
419,extremely big in size or amount,extremadamente grande en tamaño o cantidad,grande
420,the value of a medal or coin made from the precious metal gold,el valor de una medalla o moneda hecha del metálico precioso oro,oro
421,A piece of furniture for holding objects.,Un mueble destinado a sostener objetos.,mesa
422,to express acceptance of a proposal or idea,expresar aceptación de una propuesta o idea,estar de acuerdo
423,providing a secure environment for people and property,ofreciendo un entorno seguro para personas y propiedades,seguro/segura
424,to come together or unite with others,unirse a algo o alguien,unirse
425,the act of physically making contact with something or someone,el acto de hacer contacto físico con algo o alguien,tacto/toque
426,used to indicate a contrast between two ideas or situations despite any opposing facts.,"se utiliza para indicar una oposición entre dos ideas o situaciones, a pesar de cualquier hecho en contra.",aunque
427,a flat surface for holding or playing things on,un plano para sostener o jugar cosas,tablero/junta
428,a social organization for people who share a common interest,una organización social para personas que comparten un interés común,club
429,a piece of music with a repeated melody and harmony,una pieza de música con una melodía repetida y armonía,canción
430,a group of people living in the same area and sharing a common identity,un grupo de personas que viven en el mismo área y comparten una identidad común,comunidad
431,to examine or verify something,examinar o verificar algo,comprobar/revisar
432,A period of the year characterized by specific weather conditions.,Un período del año definido por condiciones climáticas específicas.,temporada
433,having twice the normal amount or degree,teniendo el doble de la cantidad o grado normal,doble
434,a unit of time equal to 60,una unidad de tiempo igual a 60,segundos
435,to anticipate or foresee something that is likely to happen,anticipar o prever algo que es probable que suceda,esperar (anticipar)
436,A situation is a particular circumstance or condition.,Una situación es un estado o condición específica.,situación
437,A unit of movement in walking or running.,Unidad de movimiento en caminar o correr.,paso
438,a thing that is done or performed,un hecho o gesto realizado,acción
439,to communicate through vocal sounds,comunicarse mediante sonidos vocales,hablar
440,A document or presentation that presents information and findings on a particular subject.,Un documento o presentación que presenta información y hallazgos sobre un tema determinado.,informe
441,the thing that distinguishes one thing from another,la cosa que distingue un cosa de otra,diferencia
442,The size of a room determines how many people can fit comfortably.,El tamaño de una habitación determina cuántas personas pueden caber cómodamente.,tamaño
443,A form of precipitation that occurs when water droplets in the atmosphere condense and fall to the ground.,Una forma de precipitación que ocurre cuando los goteros en la atmósfera se condensan y caen a la tierra.,lluvia
444,a difficult or unpleasant situation,un problema difícil o desagradable,problema
445,A park is an outdoor area of land used for recreation and leisure.,Un parque es una área de tierra al aire libre utilizada para recreación y ocio.,parque
446,a shape or outline used as a basis for something,una forma o línea de base utilizada como base para algo,forma/formulario
447,a building where people go for medical treatment,un edificio donde las personas van para tratamiento médico,hospital
448,"A unit of time, equal to approximately 30 or 31 days.","Unidad de tiempo, equivalente a aproximadamente 30 o 31 días.",mes
449,in an adjacent position or location.,en una posición o ubicación adyacente.,cerca de
450,a person who holds the key to a situation or problem,una persona que posee la clave para una situación o problema,clave
451,A choice or selection made by citizens to choose their leaders.,Un proceso en el que los ciudadanos eligen a sus líderes.,elección
452,to defeat or overcome something,vencer a algo o a alguien,vencer
453,to form a mental image of something,formar una imagen mental de algo,imaginar
454,A chance to do or get something,Una oportunidad para hacer o obtener algo,oportunidad
455,Used to describe something that is not complicated or difficult to understand.,Usado para describir algo que no es complicado o difícil de comprender.,simple/sencillo
456,The amount of money in your account is sufficient to pay the bill.,La cantidad de dinero en tu cuenta es suficiente para pagar la factura.,cantidad
457,The number nine.,El número nueve.,nueve
458,pleasantly attractive or impressive,atractivo o impresionante de manera agradable,genial/fresco
459,to construct or assemble something,construir o ensamblar algo,construir
460,relating to or denoting a person as an individual human being,relacionado con o que indica una persona como un ser humano individual,humano/humana
461,the outcome of a process or situation,el resultado de un proceso o situación,resultado
462,clear proof or facts that support a fact or argument.,prueba clara o hechos que apoyan un hecho o argumento.,evidencia
463,A beverage is a liquid substance suitable for human consumption.,Una bebida es una sustancia líquida adecuada para consumo humano.,bebida
464,to bring something to a close or completion,alcanzar un fin o una conclusión,terminar
465,to think deeply about something in a feeling of surprise or curiosity,preguntarse con asombro o curiosidad,preguntarse
466,a preliminary examination or evaluation of something.,una primera evaluación o examen de algo.,prueba
467,causing laughter or amusement.,producir risas o diversión.,divertido/divertida
468,a place where goods are sold,un lugar donde se venden bienes,tienda
469,to store or set aside for future use,guardar o ahorrar para uso futuro,guardar/ahorrar
470,A colour is a way of describing something that has a particular hue or tint.,Un color es una manera de describir algo que tiene un cierto tono o matice.,color
471,A set of rules that govern the behavior of a community or organization.,Un conjunto de reglas que rigen el comportamiento de una comunidad o organizacion.,ley
472,to express a desire or hope for something to happen,exprimir un deseo o esperanza para que suceda algo,desear
473,applicable to all or most cases,aplicable a todos o la mayoría de casos,general
474,the thing that engages or absorbs your attention,la cosa que retiene tu atención,interés
475,to take pleasure in something,disfrutar de algo,disfrutar
476,A general concept or idea.,Un concepto o idea general.,término
477,"lacking in resources, wealth, or material possessions.","pobre de recursos, riqueza o bienes materiales.",pobre
478,Relating to the main or most important part of something.,Relacionado con el principal o más importante aspecto de algo.,mayor/principal
479,A solid structure that surrounds or encloses a space.,Una estructura sólida que rodea o encierra un espacio.,pared
480,A floor is a horizontal surface level with the ground.,Un piso es una superficie horizontal nivelada con el suelo.,piso/suelo
481,to grasp or hold something firmly in one's hand,sacar o obtener algo firmemente de la mano,atrapar
482,A series of operations or steps carried out in a particular order,Una serie de operaciones o pasos llevados a cabo en un orden determinado,proceso
483,A person's or thing's possession,La posesión de una persona o cosa,mina/mío/mía
484,"A star is a massive, luminous ball of gas that is held together by its own gravity.",Una estrella es una bola masiva y brillante de gas que está mantenida unida por su propia gravedad.,estrella
485,to struggle or contend against someone or something,luchar contra alguien o algo,luchar
486,to cause someone to forget something or stop thinking about it,causar que alguien olvide algo o deje de pensar en ello,olvidar
487,extremely large in size or amount,muy grande en tamaño o cantidad,masivo/masiva
488,the facts or data needed to answer a question or solve a problem,los hechos o datos necesarios para responder a una pregunta o resolver un problema,información
489,to prepare food for eating,preparar alimentos para comer,cocinar
490,well-known for achievements or qualities,conocido por logros o cualidades,famoso/famosa
491,"A score is a number or mark given to someone for something they have done, achieved, or been awarded.","Una puntuación es un número o marca otorgada a alguien por algo que ha hecho, logrado o sido premiado.",puntuación
492,having or showing a strong feeling of good luck,teniendo o mostrando una fuerte sensación de buena suerte,afortunado/afortunada
493,a growth on the head that covers it,un crecimiento en la cabeza que lo cubre,cabello/pelo
494,A gathering of people to discuss or make a decision.,Una reunión de personas para discutir o tomar una decisión.,reunión
495,the act of selecting something,el acto de seleccionar algo,elección
496,feeling or showing fear or anxiety,sintiendo o mostrando miedo o ansiedad,asustado/asustada
497,A person who is in charge of a group or organization.,Una persona que dirige un grupo o organización.,líder
498,to assume or believe something to be true without evidence.,asumir o creer algo sin evidencia.,suponer
499,a hot drink made from the leaves of the tea plant,un té caliente hecho con las hojas de la planta de té,té
500,a person who specializes in the prevention and treatment of diseases and injuries.,un profesional que se especializa en la prevención y tratamiento de enfermedades y lesiones.,médico/doctor
501,used to refer to itself as the subject of a sentence,se utiliza para referirse a sí mismo como sujeto de la oración,sí mismo/sí misma
502,relating to the present time; up-to-date,relacionado con el tiempo presente; actualizado,moderno/moderna
503,A building for Christian worship and other religious activities.,Un edificio para la adoracion y otras actividades religiosas cristianas.,iglesia
504,to hold something firmly in place,sosteniendo algo firmemente en lugar,pegar/pegarse
505,additional or surplus beyond what is needed,adicionales o superfluos por encima de lo necesario,extra/adicional
506,the state of being certain that someone or something is reliable and trustworthy,el estado de ser seguro de que alguien o algo es confiable y de confianza,confianza
507,extremely distinctive or noteworthy in some way,extremadamente distinguido o notorio en algún sentido,particular
508,not open to the public; restricted,no público; restringido,privado/privada
509,a small hard particle of rock or mineral that forms on the surface of the ground,una pequeña partícula dura de roca o minerales que se forma en la superficie del suelo,roca
510,A category or group of things that share common characteristics.,Una categoría o grupo de cosas que comparten características comunes.,clase
511,"a colorless, metallic element of the noble group",un elemento metalesco incoloro de la grupo noblio,plata
512,"the sun is a massive ball of hot, glowing gas that makes up the center of our solar system",el sol es una gran bola de gas caliente y brillante que compone el centro del sistema solar,sol
513,the capacity to do work or be active,la capacidad de hacer trabajo o ser activo,energía
514,to drop or come down from a position of height,caer de algo o de una posición de altura,caer
515,A male sibling.,El hermano de un niño es el hijo mayor o menor del mismo padre o madre.,hermano
516,to acquire knowledge or skill through study or experience,obtener conocimiento o habilidad a través de estudio o experiencia,aprender
517,The quality of a product is determined by its ability to meet customer needs.,La calidad de un producto se determina por su capacidad para satisfacer las necesidades del cliente.,calidad
518,a measure of something that has importance or worth,un mide de algo que tiene importancia o valor,valor
519,a large or sufficient amount of something,una cantidad grande o suficiente de algo,abundancia
520,to introduce or include something new,introducir o incluir algo nuevo,añadir
521,A season of warm weather in the Northern Hemisphere.,Una temporada de clima cálido en la Hemisferio Norte.,verano
522,A sample or illustration of something.,Un ejemplo o ilustración de algo.,ejemplo
523,The amount of money spent on something.,El monto gasto en algo.,gasto
524,the earth is the third planet from the sun.,la tierra es el tercer planeta desde el sol.,tierra
525,A place or location where something happens or is found.,Un lugar o ubicación donde algo sucede o se encuentra.,lugar/punto
526,occupied or filled with activity,ocupado o lleno de actividad,ocupado/ocupada
527,A natural movement of air that blows over the Earth's surface.,Un movimiento natural del aire que golpea la superficie de la Tierra.,viento
528,more unpleasant or detrimental than something else,más desagradable o perjudicial que algo,peor
529,a vision of the future or a series of thoughts and images experienced while sleeping.,una visión del futuro o una serie de pensamientos y imágenes experimentadas mientras duerme.,sueño
530,to operate a vehicle,operar un vehiculo,conducir
531,A punctuation mark used to end a sentence or indicate the end of a section.,Un símbolo de puntuación utilizado para finalizar una oración o indicar el fin de una sección.,período
532,clearly evident or unmistakable,claro e evidentemente visible,cierto/cierta
533,A surface that is even and level,Una superficie plana y uniforme,plano/plana
534,feeling or showing great self-respect and satisfaction,sentimiento o manifestación de gran respeto y satisfacción por sí mismo,orgulloso/orgullosa
535,"a large, hoofed mammal often kept for riding or used in agriculture.",un gran mamífero con astas que a menudo se mantiene para caballeriza o se utiliza en la agricultura.,caballo
536,the first part of something,el primer momento de algo,comienzo
537,the performance or achievement of a particular role in a play or musical,el desempeño o logro de un papel en una obra de teatro o música,acto
538,The training was held at a local facility.,El entrenamiento se llevó a cabo en un establecimiento local.,entrenamiento
539,A person who plays a game or participates in an activity.,Una persona que juega un juego o participa en una actividad.,jugador/jugadora
540,A contest or struggle for achievement or supremacy.,Un concurso o lucha por logro o supremacía.,competencia
541,to suspend something from a fixed point,"suspended, colgar",colgar
542,the potential loss or danger associated with a particular situation,el potencial pérdida o peligro asociado con una situación específica,riesgo
543,A plan or set of rules made by an organization to govern its activities and achieve its objectives.,Un plan o conjunto de reglas establecido por una organización para gobernar sus actividades y lograr sus objetivos.,política
544,a solid mass of frozen water,un sólido amasado de agua congelada,hielo
545,A person's style is the way they look or dress in a particular way.,El estilo de una persona es la forma en que se viste o se presenta en un modo particular.,estilo
546,Extremely pleasant or enjoyable.,Muy agradable o disfrutable.,dulce
547,A lubricating liquid used to reduce friction between moving parts.,Un líquido utilizado para reducir la fricción entre partes que se mueven.,aceite/petróleo
548,A self-propelled railway vehicle consisting of a series of linked vehicles designed for transporting people or goods.,"Un vehül de ferrocarril impulsado por su propio motor, formado por una serie de vehculos unidos para transportar personas o mercancas.",tren
549,a group of people with shared interests or goals,un grupo de personas con intereses o objetivos comunes,sociedad
550,the fluid that circulates through the body and supplies oxygen to tissues,la sustancia que fluye a travás del cuerpo y suministra oxígeno a los tejidos,sangre
551,a symbol or indicator used to convey information,un símbolo o indicador utilizado para comunicar información,señal
552,Extending far down or outward in space or time.,Extiéndose a gran profundidad o en ámbitos amplios.,profundo/profunda
553,the benefit or advantage gained from a particular action or situation,el beneficio o ventaja obtenida de una acción o situación específica,beneficio
554,A sport is an activity involving physical exertion and skill,Un deporte es una actividad que implica ejercicio físico y habilidad,deporte
555,the thing that someone is trying to achieve,lo que alguien intenta lograr,objetivo/meta
556,representing the sum of all values,representando la suma de todos los valores,total
557,A series is a set of connected items or events.,Una serie es una colección de elementos o eventos conectados.,serie
558,The quality or state of being able to do something well,El estado o cualidad de ser capaz de hacer algo bien,actuación/rendimiento
559,A female child or one's child of either sex.,"Una niña o el hijo de uno, independientemente del sexo.",hija
560,to make something available for someone to take or use,hacer algo disponible para que alguien lo tome o lo utilice,ofrecer
561,relating to the interaction of individuals in a group,relacionado con la interacción de las personas en un grupo,social
562,to be suitable or adapted to something,ser adecuado o adaptarse a algo,caber/encajar
563,free from dirt or impurities,libre de suciedad o impurezas,limpio/limpia
564,causing feelings of great enthusiasm or excitement,producir sentimientos de gran entusiasmo o emoción,emocionante
565,completely lacking moisture or humidity.,completamente seco o húmedo.,seco/seca
566,to pursue or move in the same direction as something else,sigue o sigue en la misma dirección que algo más,seguir
567,a piece of land that is surrounded by water,un trozo de tierra que está rodeado de agua,isla
568,very large or impressive in size or amount,muy grande o impresionante en tamaño o cantidad,gran/magnífico
569,The branch of study that deals with the governance of a country or society.,El ramo de estudio que se relaciona con el gobierno de un país o sociedad.,política
570,The force of nature caused the earthquake to destroy the city.,La fuerza de la naturaleza causó el terremoto a destruir la ciudad.,fuerza
571,a point where two lines or planes intersect,un punto donde dos líneas o planos se encuentran,esquina
572,A billion is one thousand million.,Un billón es mil millones.,mil millones
573,characterized by or resembling untamed nature,caracterizado por o similar a naturaleza salvaje,salvaje
574,A collection of related items or tasks ordered in a specific way.,Una colección de elementos relacionados ordenados en un orden específico.,lista
575,to make or bring into existence,hacer o poner en existencia,crear
576,A tree is a perennial plant with a single main stem or trunk.,Un árbol es una planta perenne con un solo tallo o tronco principal.,árbol
577,to carry on or keep something in progress,sustener o continuar algo,continuar
578,a sudden event that is unexpected and delightful,un evento repentino que es inesperado y agradable,sorpresa
579,fully finished or fulfilled,completo o completa,completo/completa
580,A particular style or genre of popular music characterized by its use of catchy melodies and rhythms.,Un estilo o género específico de la música popular caracterizado por su uso de melodías y ritmos atractivos.,pop/música pop
581,a sum of money given as payment,una cantidad de dinero entregada como pago,efectivo
582,A person who is employed to work for an organization or business.,Una persona que se emplea para trabajar para una organización o empresa.,personal
583,to transmit or deliver something,transmitir o entregar algo,enviar
584,to hold or bear something in one's hands,llevar algo en las manos,llevar
585,a pleasant sensation resulting from eating or drinking something.,un placer sensorial que se produce al comer o beber algo.,gusto/sabor
586,A particular branch or field of economic activity,Un ramo o campo específico de actividad económica,sector
587,Located in a higher position than something else,Ubicado en una posición superior que algo más,encima de
588,A wedding is a social ceremony where two people are legally united as spouses.,Una boda es una ceremonia social donde dos personas se unen legalmente como cónyuges.,boda
589,the man to whom someone is married,el hombre con quien alguien está casado,esposo/marido
590,A particular branch of economic activity involving the production and distribution of goods or services.,Un ramo específico de actividad económica que implica la producción y distribución de bienes o servicios.,industria
591,the part played or assumed by an actor in a production,el papel o rol que asumen los actores en una producción,rol/papel
592,to rest or relax during the night,estar en reposo durante la noche,dormir
593,the process of preparing and cooking food.,el proceso de preparar y cocinar alimentos.,cocina
594,A plan or undertaking for achieving a specific goal or objective.,Un plan o proyecto para lograr un objetivo específico,proyecto
595,A period of time set aside for recreation and relaxation.,Un período de tiempo destinado a descanso y diversión.,vacaciones
596,very good or of high quality,muy bueno o de alta calidad,excelente
597,to produce musical sounds with the voice,producir sonidos musicales con la voz,cantar
598,A communication conveyed through the dissemination of information.,Una comunicación que se difunde a través de la diseminación de información.,mensaje
599,relating to the production and distribution of goods and services,relacionado con la producción y distribución de bienes y servicios,económico/económica
600,a sum of money that a person is required to pay as punishment or penalty,una suma de dinero que una persona debe pagar como castigo o sanción,cargo/carga
601,to draw or pull something towards oneself,dar una tirada o arrastrar algo hacia uno mismo,tirar/jalar
602,extremely good or impressive,muy bueno o impresionante,increíble
603,a particular day or period of time,una fecha específica o período de tiempo,fecha/cita
604,A dish is a course or part of a meal.,Un plato es una parte o curso de un comedor.,plato
605,a road or path that intersects with another,un camino o carretera que cruza con otro,cruz
606,"A material made from processed plant fibers, often used for writing or printing.","Un material hecho de fibras procesadas de plantas, a menudo utilizado para escribir o imprimir.",papel
607,A social occasion where people gather to meet and interact.,Una oportunidad social donde las personas se reúnen para conocer y interaccionar.,visita
608,A prolonged fight or contest between two or more groups.,Una lucha prolongada o conflicto entre dos o más grupos.,batalla
609,Lacking light; gloomy.,Falta de luz; sombrío.,oscuro/oscura
610,A group of musicians playing together.,Un grupo de músicos que tocan juntos.,banda
611,to make a decision or choice,hacer una decisión o elección,decidir
612,"a person or animal that is a part of a story, play, or other work of fiction.","un personaje o animal que es parte de una historia, un juego teatral o otro trabajo de ficción.",carácter/personaje
613,not openly revealed or known,no openamente revelado o conocido,secreto/secreta
614,A living organism that feeds on organic matter.,Un organismo vivo que se alimenta de materia orgánica.,animal
615,having its first stage or period.,teniendo su primer período o etapa.,original
616,"to increase in size, amount, or degree","crecer en tamaño, cantidad o grado",crecer
617,a category or classification to which something belongs,una categoría o clasificación a la que pertenece algo,tipo
618,A natural flowing body of water,Un cuerpo de agua natural en flujo,río
619,"The process of learning and teaching skills, knowledge, and values.","El proceso de aprender y enseñar habilidades, conocimiento y valores.",educación
620,"A formal discussion between two or more individuals with the aim of determining a fact, settling a question, or resolving a difference.","Un diálogo formal entre dos o más personas con el objetivo de determinar un hecho, resolver una pregunta o resolver una diferencia.",debate
621,to cause someone else to have some or all of something,causar que alguien tenga algo o todo de algo,compartir
622,Giving off or feeling heat; not cold.,Soltando o sintiendo calor; no frío.,cálido/cálida
623,a circular band of metal worn on the finger,un anillo circular de metal que se viste en el dedo,anillo/aro
624,A small rural settlement,Un pequeño asentamiento rural,pueblo
625,the sole of the human foot,el talón del pie humano,pie
626,to apply force to something in order to move it or make it happen,aplicar fuerza a algo para moverlo o hacer que suceda,empujar
627,A type of transparent material used for making windows and bottles.,Un tipo de material transparente utilizado para hacer ventanas y botellas.,vidrio/vaso
628,"a particular area of land used for a specific purpose, such as farming or sports.","una zona específica de tierra utilizada para un propósito determinado, como la agricultura o los deportes.",campo
629,the achievement of something desired or attempted,el logro de algo deseado o intentado,éxito
630,Of the highest degree in badness or unlikeliness,De mayor grado de mala calidad o improbableidad,peor
631,"To decide on something, such as a course of action or a personal preference.",Elegir una opción o hacer un preferente.,elegir
632,to cause someone or something to die,causar la muerte de alguien o algo,matar
633,A pair is two things that are together or go well with each other.,Un par es dos cosas que están juntas o se combinan bien entre sí.,par
634,widespread approval or favor,aprobación o aprobación generalizada,popular
635,the rate at which something moves or is done,la tasa a la que algo se mueve o se hace,velocidad
636,A journey is a sequence of travel or movements from one place to another.,Un viaje es una secuencia de viales o movimientos de un lugar a otro.,viaje
637,A person or thing that belongs to a group or organization.,Un individuo o cosa que pertenece a un grupo o organización.,miembro
638,the state of being true,el estado de ser cierto,verdad
639,the act of going back to a place or position,el acto de regresar a un lugar o posición,regreso/retorno
640,relating to money or finance,relacionado con dinero o finanzas,financiero/financiera
641,causing or tending to cause harm or danger,provocando o tiende a provocar peligro,peligroso/peligrosa
642,"a sudden, forceful movement of the foot.",un movimiento brusco del pie.,patada
643,conforming to the expected or average standard.,conformando a la expectativa o estándar promedio.,normal
644,the state of being safe from harm or danger,el estado de ser seguro o libre de peligro,seguridad
645,A sudden expression of surprise or excitement.,Una expresión repentina de sorpresa o emoción.,¡guau! (interjección)
646,a large group of soldiers trained to follow orders and fight,un gran grupo de soldados entrenados para seguir órdenes y luchar,ejército
647,A female sibling.,Una hermana femenina.,hermana
648,the process of something becoming larger or more developed,el proceso de algo volverse mayor o más desarrollado,crecimiento
649,to move through the air,movirse por el aire,volar
650,a wrongful or unlawful act or omission that is punishable by law.,un acto o omisión incorrecto o ilegal que puede ser castigado por la ley.,crimen
651,A path or route for something to follow,Un camino o ruta que sigue algo,pista
652,used to introduce an idea or a statement that contrasts with what has happened or is being said.,se utiliza para introducir una idea o una afirmación que contrasta con lo que ha sucedido o se está diciendo.,a pesar de
653,A person responsible for the overall direction and control of an organization or department.,Una persona responsable de la dirección y el control general de una organización o departamento.,gerente
654,the property or possession of a person or thing,la propiedad o posesión de una persona o cosa,tuyo/tuya
655,Having a great amount of weight or mass.,Teniendo una gran cantidad de peso o masa.,pesado/pesada
656,now or at the time of speaking,en este momento o en la actualidad,presente
657,A series of organized activities aimed at promoting a particular cause or product.,Una serie de actividades organizadas destinadas a promover una causa o producto en particular.,campaña
658,to cease to exist or function,sudar cesar o funcionar,morir
659,a form or appearance that something has or can be,una forma o apariencia que tiene o puede tener algo,forma
660,a form of expressive movement characterized by rhythmic and often energetic body movements.,una forma de movimiento expresivo caracterizado por ritmos y movimientos del cuerpo energéticos,baile
661,to make something fall or cease to exist,caer o hacer que algo se derrumbe,soltar/caer
662,"A sudden or violent assault, especially on a person.",Un ataque es una ofensa violenta o repentina.,ataque
663,to put something on the body in order to protect it or make it more comfortable.,poner algo sobre el cuerpo para protegerlo o hacer que sea más cómodo.,usar/llevar
664,to compose or express ideas in writing,componer o expresar ideas por escrito,escribir
665,newly made or sold; not spoiled or decayed.,nuevo o recién hecho o vendido; no corrupto ni en descomposición.,fresco/fresca
666,a device used for applying pressure,un dispositivo utilizado para aplicar presión,prensa
667,A feeling of uncertainty or lack of confidence.,Una sensación de incertidumbre o falta de confianza.,duda
668,to understand or become aware of something,entender o darse cuenta de algo,darse cuenta
669,A card is a small piece of paper or plastic used for playing games.,Una tarjeta es un pequeño trozo de papel o plástico utilizado para jugar juegos.,tarjeta
670,A device that displays the time.,Un dispositivo que muestra la hora.,reloj
671,a temporary reduction in price of a product or service,una reducción temporal del precio de un producto o servicio,venta
672,A rich and creamy liquid extracted from milk or other dairy products.,Una líquida rica y cremosa extraída de la leche o otros productos lácteos.,crema
673,An institution of higher learning that awards academic degrees.,Institución de enseñanza superior que otorga títulos académicos.,universidad
674,The voice of an artist is the expression of their emotions and experiences through music.,La voz de un artista es la expresión de sus emociones y experiencias a través de la música.,voz
675,the person or team that has won a competition or game,el o la persona que ha ganado una competencia o juego,ganador/ganadora
676,a container for carrying personal items,un recipiente para llevar objetos personales,bolsa
677,A boat is a vessel designed for travel on water.,Un bote es un vehículo diseñado para viajar sobre el agua.,bote/barco
678,a place of intense heat or suffering,un lugar de intensa calor o sufrimiento,infierno
679,relating to or occurring in nature.,relacionado con o ocurriendo en la naturaleza.,natural
680,relating to or characteristic of an individual,relacionado con o característico de una persona,personal
681,the means by which a country or organism protects itself from attack or harm,los medios por los cuales un país o ser protege de ataque o daño,defensa
682,The level of trust in one's abilities or judgment.,El nivel de confianza en las capacidades o juicio.,confianza
683,capable of being realized or actualized,capaz de ser realizado o actualizado,potencial
684,used to indicate the absence of something,se utiliza para indicar la ausencia de algo,ninguno/ninguna
685,to propel or move something through the air,proyectar o mover algo a través del aire,tirar/lanzar
686,used to indicate possession or relationship,usado para indicar posesión o relación,de quién/cuyo/cuya
687,A large carnivorous mammal,Un gran mamífero carnívoro,oso
688,A leg is a part of the human body that supports the foot.,Una pierna es una parte del cuerpo humano que apoya el pie.,pierna
689,extremely bad or unpleasant.,muy malo o desagradable.,terrible
690,A coalition is an alliance of two or more political parties or organizations that work together for a common purpose.,Una coalición es una alianza de dos o más partidos políticos o organizaciones que trabajan juntas por un propósito común.,coalición
691,Having or showing faith in one's abilities; self-assured.,Tener fe en sus habilidades; ser seguro de sí mismo.,confiado/confiada
692,"a person or thing that is thought to have created a work of art, often in history or mythology","una persona o cosa que se cree que ha creado una obra de arte, a menudo en la historia o la mitología",figura
693,a structure that holds letters or messages for delivery,una estructura que sostiene letras o mensajes para su entrega,correo/puesto
694,probably true or happening,probablemente cierto o sucediendo,probable
695,causing anxiety or apprehension,causando ansiedad o aprensión,nervioso/nerviosa
696,extremely small in size or amount,muy pequeño en tamaño o cantidad,pequeñito/pequeñita
697,to create a picture or design by making marks on a surface.,crear una imagen o diseño haciendo marcas en una superficie.,dibujar
698,a website or online service with specific features or content.,un sitio web o servicio en línea con características específicas o contenido.,sitio
699,a length of land along the edge of a sea or ocean,una extensión de tierra a lo largo del borde de un mar o océano,costa
700,to conceal or protect something,concecer o proteger algo,cubrir
701,Having a great deal of wealth or material possessions.,Tener una gran cantidad de riqueza o bienes materiales.,rico/rica
702,A critical situation that requires immediate attention and effective action to mitigate its effects.,Una situación crítica que requiere atención inmediata y acción efectiva para mitigar sus efectos.,crisis
703,The people who are present when a performance or presentation is taking place.,La gente que está presente cuando se lleva a cabo una actuación o presentación.,audiencia
704,a reason or explanation given to get out of a responsibility or obligation.,una razón o explicación dada para evadir una obligación o responsabilidad.,excusa
705,a rounded or cylindrical shape,una forma redondeada o cilíndrica,rollo
706,A scheduled or planned occurrence that is typically of interest to others.,Un evento programado o planeado que generalmente interesa a los demás.,evento
707,making little or no noise.,muy tranquilo o sin ruido.,tranquilo/tranquila
708,the state of being aware of something,el estado de estar prestando atención,atención
709,adhering to traditional values and principles.,adiestrándose a valores y principios tradicionales.,conservador/conservadora
710,A scene is a setting or situation in which an event takes place.,Una escena es un lugar o situación en la que se desarrolla un evento.,escena
711,To increase the salary or status of someone or something.,Incrementar el salario o el estatus de alguien o algo.,levantar/aumentar
712,to stop or bring to an end,estopar o poner fin a algo,cerrar
713,A bird is a warm-blooded vertebrate animal that is characterized by its ability to fly.,Un pájaro es un animal vertebrado calentador que se caracteriza por su capacidad para volar.,pájaro
714,the act of having an effect on someone or something,el acto de tener un efecto en alguien o algo,impacto
715,A handwritten or typed symbol used to represent a sound in an alphabet.,Un símbolo manuscrito o tipado utilizado para representar un sonido en un alfabeto.,carta
716,A person in charge of a ship or boat.,Una persona que tiene el mando de una barco o embarcación.,capitán
717,Feeling happy or pleased about something.,Sentimiento de felicidad o satisfacción por algo.,contento/contenta
718,Counsel or guidance given to help someone make a decision.,Consejo o orientación dada para ayudar a alguien a tomar una decisión.,consejo
719,a person's work-related experiences and achievements,las experiencias y logros relacionados con el trabajo de una persona,carrera profesional
720,used to indicate the extent or duration of something,se utiliza para indicar la extensión o duración de algo,por
721,a feeling of great disturbance inside,un sentimiento de gran molestia interior,dolor
722,a long piece of cloth worn over the body to cover it,una pieza de tela larga que se viste sobre el cuerpo para cubrirló,vestido
723,a measure of how much something costs or is paid,un mñedio de la cuantidad con que algo cuesta o se paga,tasa/ritmo
724,the state of being safe or free from danger,el estado de ser seguro o libre de peligro,seguridad
725,having or showing a strong interest or enthusiasm for something.,teniendo o demostrando un fuerte interés o entusiasmo por algo.,entusiasta
726,exhibiting or commanding careful attention or consideration,mostrando o exigiendo atención o consideración cuidadosa,cuidadoso/cuidadosa
727,a state or situation that affects something or someone,un estado o situación que afecta algo o a alguien,condición
728,a sudden movement upward,un movimiento repentino hacia arriba,salto
729,a drink made from fermented grapes,un bebida hecha de uvas fermentadas,vino
730,"Characterized by a bright, sunny color.","Caracterizado por una brillante, soleada color.",amarillo/amarilla
731,having achieved the desired outcome or result,habiendo logrado el resultado deseado,exitoso/exitosa
732,deserving respect and dignity,mereced de respeto y dignidad,honorable
733,the ability to detect and recognize scents,la capacidad de detectar y reconocer olores,olor
734,the feeling of being frightened or anxious,el sentimiento de estar asustado o ansioso,miedo
735,"a sweet, white, crystalline substance used as a sweetener",un saborido cristalino blanco utilizado como condimento,azúcar
736,a change that happens as a result of something else,un cambio que sucede como resultado de algo más,efecto
737,the part of the body that thinks and controls movement,la parte del cuerpo que piensa y controla el movimiento,cerebro
738,a small rock or pebble,una pequeña roca o guisante,piedra
739,a business or activity involving the exchange of goods or services,un negocio o actividad que implica el intercambio de bienes o servicios,comercio
740,A window is an opening in a wall or roof that allows light and air to enter a building.,Una ventana es una apertura en una pared o techo que permite la entrada de luz y aire en un edificio.,ventana
741,A camera is an optical instrument used for recording or capturing images.,Una cámara es un instrumento óptico utilizado para grabar o capturar imágenes.,cámara
742,A machine is a device that makes things or performs tasks automatically.,Una máquina es un dispositivo que hace cosas o realiza tareas automáticamente.,máquina
743,Used to indicate the point at which something will stop or a period of time until when something is done,Usado para indicar el punto en el que algo termina o un período de tiempo hasta cuándo algo se hace,hasta
744,admitting to or supporting the ideas of progressive change; favoring civil liberties and individual freedoms.,apoyando ideas progresistas de cambio; favorable a libertades civiles y libertades individuales.,liberal
745,located or situated at the center of something.,ubicado o situado en el centro de algo.,central
746,A small domesticated carnivorous mammal.,Un pequeño mamífero carnívoro doméstico.,gato
747,A reason or explanation for something.,Una razón o explicación para algo.,causa
748,characterized by or seeming to involve supernatural or mysterious powers,caracterizado por o pareciendo involucrar poderes o misterios sobrenaturales,mágico/mágica
749,The natural world encompasses all living things and the non-living environment.,El mundo natural incluye todos los seres vivos y el entorno no vivo.,naturaleza
750,unusual or unexpected in a way that is hard to explain.,inusual o inesperado en un modo que es difícil de explicar.,extraño/extraña
751,the person who owns or controls something,la persona que posee o controla algo,yo mismo/yo misma
752,to receive something willingly or without complaint,recibir algo con agrado o sin queja,aceptar
753,a good or advantage that comes from a particular situation,un buen o beneficio que proviene de una situación,beneficio
754,to make something clear and understandable,explicar algo o a alguien de manera clara y comprensible,explicar
755,A season of the year characterized by cold temperatures and snow.,Una temporada del año caracterizada por temperaturas frías y nieve.,invierno
756,Can be used or utilized for a particular purpose.,Puede utilizarse para un propósito específico.,disponible
757,lacking a clear purpose or significance.,sin propósito claro o significado.,inútil/sin sentido
758,used to indicate a large but indefinite number of things or people,usado para indicar una cantidad grande pero indefinida de cosas o personas,varios/varias
759,"A domesticated bird kept for its meat, eggs, or as a pet.","Un ave doméstica cultivada para su carne, huevos o como mascota.",pollo
760,used to describe something that is typical or usual,usado para describir algo que es típico o común,común
761,Having or showing the quality of life; not dead.,Tener la calidad de vida; no estar muerto.,vivo/viva
762,to cause physical or emotional pain,causar dolor físico o emocional,doler/herir
763,A radio is a device that receives broadcast signals from the airwaves and plays back sound.,Un radio es un dispositivo que recibe señales de transmisión por ondas radioeléctricas y reproduce sonido.,radio
764,to move from one place to another,moverse de un lugar a otro,viajar
765,full of light and heat; radiant,llene de luz y calor; radiante,bright/brillante
766,a term of endearment used to express affection or fondness for someone.,un término de cariño utilizado para expresar afecto o cariño hacia alguien.,cariño
767,A language is a system of communication used by humans.,Un idioma es un sistema de comunicacion humano,idioma/lenguaje
768,"A financial commitment or contribution of money, time, or effort in the expectation of earning income or profits.","Una inversión financiera o aportación de dinero, tiempo o esfuerzo con la expectativa de obtener ingresos o ganancias.",inversión
769,relating to the armed forces or war,relacionado con las fuerzas armadas o la guerra,militar
770,The weight of an object is a measure of its resistance to acceleration when a force is applied.,El peso de un objeto es una medida de su resistencia al aceleración cuando se aplica una fuerza.,peso
771,to feel intense dislike or hostility towards something or someone.,sintetizar deseo de odio hacia algo o alguien.,odiar
772,A place where people can board or alight from a train or bus.,Un lugar donde las personas pueden subir o bajar de un tren o autobús.,estación
773,relating to the present moment,relacionado con el momento presente,actual
774,a place where people who have broken the law are held until they are tried,un lugar donde las personas que han violado la ley son mantenidas hasta que se los juzgue,prisión
775,the act of causing harm or injury to something,el acto de causar daño a algo,daño
776,to take care of something or someone to keep it safe,proteger algo o a alguien para mantenerlo seguro,proteger
777,a place where crops are grown,un lugar donde se cultiva la cosecha,granja
778,to stretch out in space or time to a particular point or extent,estirarse hasta un punto o extensión particular en el espacio o tiempo,alcanzar
779,the thing or goal that someone or something is aiming at,el objeto o objetivo que alguien o algo está dirigiendo hacia,objetivo
780,having knowledge of a fact or situation,teniendo conocimiento de un hecho o situación,consciente
781,A green house for growing plants.,Un hogar verde para cultivar plantas.,planta
782,a systematic investigation to find or discover something.,una investigación sistemática para encontrar o descubrir algo.,búsqueda
783,This type of weather is unusual for this time of year.,Este tipo de tiempo es inusual para esta época del año.,inusual
784,the award or gift given to someone for achieving something,el premio o regalo otorgado a alguien por lograr algo,premio
785,a person who is the best in their field,una persona que es la mejor en su campo,campeón/campeona
786,feeling sorrow or sadness,sintiendo tristeza o duelo,triste
787,moving or happening at a low speed,moverse o suceder a una velocidad baja,lento/lenta
788,"A type of food made from milk, often served as a snack or used in cooking.","Un tipo de alimento hecho con leche, a menudo servido como un snack o utilizado en la cocina.",queso
789,having a quality of resemblance,teniendo una calidad de semejanza,similar
790,A cake is a sweet baked dessert.,Un pastel es un dulce postre horneado.,pastel/torta
791,the main substance of an animal used as food,la sustancia principal de un animal utilizado como alimento,carne
792,The study of the natural world around us.,El estudio de la naturaleza que nos rodea.,ciencia
793,not able to be ridden,inaccesible,libre de
794,to stake something or someone in the hope of winning it back,apostar algo o a alguien en la esperanza de ganarlo de nuevo,apostar
795,the act of making something greater in amount or degree,el acto de hacer que algo sea mayor en cantidad o grado,aumento
796,A series of values or points that are ordered in ascending or descending order.,Una serie de valores o puntos que están ordenados en orden ascendente o descendente.,rango/gama
797,An egg is a food item laid by female birds and mammals.,Un huevo es un alimento producido por las aves y mamíferos femeninas.,huevo
798,Having the color of ripe strawberries.,Teniendo el color de las fresas maduras,rosado/rosada
799,A boundary or limit between two areas.,Una frontera o límite entre dos áreas.,borde
800,having or showing a favorable outlook,teniendo o demostrando una actitud favorable,positivo/positiva
801,the quality or state of being sexual,la calidad o estado de ser sexual,sexo
802,a process or activity performed to achieve a specific goal,un proceso o actividad realizada para lograr un objetivo específico,operación
803,the systematic investigation into a subject or question,la investigación sistemática de un tema o pregunta,investigación
804,A mistake is a false statement or action with undesirable consequences.,Un error es una afirmacion o accion falsa que tiene consecuencias indeseables.,error
805,required or owed at a certain time or on a certain date.,debido o obligatorio en un tiempo o fecha determinada.,debido
806,a financial obligation that must be paid off,una obligacion financiera que debe pagarse,deuda
807,to make a commitment or guarantee something,hacer un compromiso o garantizar algo,prometer
808,a natural substance formed from crystallized water,una sustancia natural formada por agua cristalizada,nieve
809,The sky is the atmosphere that surrounds the Earth.,El cielo es la atmósfera que rodea la Tierra.,cielo
810,A savory condiment used to enhance the flavor of food.,Una salsa que se utiliza para realzar el sabor de la comida.,salsa
811,used to describe someone or something that is completely out of control or unreasonably extreme,se utiliza para describir a alguien o algo que está completamente fuera de control o extremadamente razonablemente irracional,loco/loca
812,a beginning or starting point of something,un punto de comienzo o início de algo,apertura
813,Having a high price or cost.,Teniendo un alto precio o costo.,costoso/costosa
814,"A region is an area of land or sea defined by a boundary, often used to describe geographical areas.",Una región es un área de tierra o mar definida por una frontera,región
815,a confusing or unpleasant situation,un problema o situación confusa y desagradable,desorden
816,A place for sitting.,Un lugar para sentarse.,asiento
817,lacking good sense or judgment.,falta de buen sentido o juicio.,estúpido/estúpida
818,to supply or offer something needed or wanted,fornecer o ofrecer algo necesario o deseado,proporcionar
819,A voluntary organization that provides aid to those in need.,Una organización voluntaria que brinda ayuda a quienes lo necesitan.,caridad
820,a period of time during which a person is alive,un período de tiempo durante el cual una persona vive,aumento/subida
821,a room for making art or music,un espacio para hacer arte o música,estudio
822,A group of people appointed to oversee the administration of an organization or a specific activity.,Un grupo de personas designadas para supervisar la administración de una organización o una actividad específica.,comisión
823,used for addition or in combination,usado para la adiccion o en combinacion,más
824,the state of being concentrated on something,el estado de estar enfocado en algo,enfoque
825,a young child,un niño pequeño,niño/niña
826,"A natural material obtained from trees and used for construction, fuel, and furniture.","Un material natural obtenido de los árboles y utilizado para la construcción, el combustible y la mueble.",madera
827,the opening through which air is breathed,el espacio por el que se respira aire,boca
828,A quadrilateral with four equal sides and four right angles.,Un cuadrilátero con cuatro lados iguales y cuatro ángulos rectos.,cuadrado/plaza
829,to judge or estimate the value of something,judgar o estimar el valor de algo,creer/calcular
830,a journey or trip on a vehicle,un viaje o viaje en vehculo,paseo
831,extremely bad or unpleasant,muy malo o desagradable,horrible
832,unless used to indicate a condition under which something will or will not happen,a menos que utilizado para indicar una condición bajo la cual algo sucederá o no sucederá,a menos que
833,A loud and unpleasant sound.,Un sonido fuerte y desagradable.,ruido
834,to show or demonstrate the truth of something,mostrar o demostrar la verdad de algo,probar
835,to start or initiate something,initiar o comenzar algo,comenzar
836,"a loud, short laugh",un riso fuerte y breve,risa
837,a feeling of deep esteem and respect for someone or something,un sentimiento de profunda estima y respeto por alguien o algo,respeto
838,A type of fossil fuel used as a fuel source.,Un tipo de combustible fósil utilizado como fuente de combustible.,gas
839,used to indicate a point or distance beyond the present time or place,se utiliza para indicar un punto o distancia más allá del tiempo presente o lugar,más allá de
840,The capital of a country is its largest city.,La capital de un país es su ciudad más grande.,capital
841,"The main meal of the day, typically eaten in the evening.","El plato principal del día, generalmente comido por la noche.",cena
842,extremely large or heavy,muy grande o pesado,gordo/gorda
843,The title of a movie or book is usually the name by which it is most commonly known.,El título de una película o libro es generalmente el nombre por el cual se conoce comúnmente,título
844,a group of people chosen to make decisions for an organization or community.,un grupo de personas elegidas para tomar decisiones en una organización o comunidad.,comité
845,A county is a geographical subdivision of a country.,Un condado es una subdivisión geográfica de un país.,condado
846,a large piece of land owned by one person or organization,una gran parcela de tierra poseída por una persona o organización,finca/patrimonio
847,to make something visible or known,hacer visible o conocido,revelar
848,A sweet food made from roasted cacao beans.,Un delicioso alimento hecho de granos de cacao tostados.,chocolate
849,a large vessel that travels on water,un gran barco que viaja sobre el agua,barco
850,a collection of water vapor or ice crystals in the sky,una colección de vapor de agua o hielo en el cielo,nube
851,A painting is a visual art form that uses an intentionally applied medium to convey aesthetic experience or mood.,Una pintura es un arte visual que utiliza un medio aplicado de manera intencional para transmitir una experiencia o estado emocional estético.,pintura
852,to tell a falsehood or false statement.,decir una mentira o declaración falsa.,mentir
853,a feeling of warmth or the warm condition of something,un sentimiento de calor o la condición cálida de algo,calor
854,not true or accurate,no verdadero o preciso,falso/falsa
855,the amount of work or energy needed to accomplish something,la cantidad de trabajo o energía necesaria para lograr algo,esfuerzo
856,a large group of people,un gran grupo de personas,multitud
857,the rights granted to citizens by a country's constitution or laws,los derechos otorgados a los ciudadanos por la Constitución o leyes de un país,derechos
858,A plan or conception for making something,Un plan o concepción para hacer algo,diseño
859,a period of travel or recreation,un período de viaje o recreación,gira
860,"A country or community of people who share a common culture, history, and nationality.","Un país o comunidad de personas que comparten una cultura, historia y nacionalidad común.",nación
861,to be able to pay for something,permítirse algo,permitirse
862,A cavity or opening in a solid surface.,Un agujero o cavidad en una superficie sólida.,agujero
863,the state of being answerable or accountable for something,el estado de ser responsable o rendible por algo,responsabilidad
864,A container made of clay or ceramic material used for cooking,Un recipiente hecho de barro o cerámica utilizado para cocinar,olla
865,A hotel is a business that provides lodging and other services to travelers.,Un hotel es una empresa que ofrece alojamiento y otros servicios a viajeros.,hotel
866,A head covering typically worn for protection from the elements.,Un tapante que se viste para protegerse del clima.,sombrero
867,relating to or originating from another country,relacionado o proveniente de otro país,extranjero/extranjera
868,feeling unwell; ill,suelto de enfermedad; enfermo/enferma,enfermo/enferma
869,to give permission or consent,dar permiso o consentimiento,permitir
870,A person who has acquired great skill or expertise in a particular area.,Un individuo que ha adquirido gran habilidad o expertos en un área particular.,maestro/maestra
871,the amount of money owed to someone or something,el monto de dinero que se debe a alguien o algo,crédito
872,covered in water or having a moisture content greater than usual,saturado/a de agua o con un contenido de humedad mayor que el habitual,mojado/mojada
873,a structure that supports or holds something,una estructura que apoya o sostiene algo,marco
874,relating to or happening very recently,relacionado con o ocurrido muy recientemente,reciente
875,the act of forming an opinion about something,el acto de formar una opinión sobre algo,estimación
876,A line or series of objects aligned in a straight direction.,Una línea o serie de objetos alineados en una dirección recta.,fila/remo
877,The outer layer of the body that protects it from external damage.,La capa externa del cuerpo que lo protege de daños externos.,piel
878,Not influenced by external factors; self-sufficient,No influenciado por factores externos; autosuficiente,independiente
879,a person or thing that is to blame for something,una persona o cosa que es responsable de algo,culpa/falla
880,a situation that poses a threat to health or safety,una situación que representa un riesgo para la salud o la seguridad,peligro
881,A trip is a journey or excursion from one place to another.,Un viaje es una jornada o excursión de un lugar a otro.,viaje
882,the ability to enter or use something,el acceso a algo,acceso
883,conforming to the laws and standards of a country or organization,cumplendo con las leyes y normas de un país o organización,legal
884,to raise or lift something upward,levantar algo hacia arriba,levantar
885,unexpectedly strange or unconventional,inesperadamente extraño o inusual,raro/rara
886,to deal with something in a kind and generous way,tratar algo de una manera amable e generosa,tratar
887,following customs or practices that have been passed down through generations,siguiendo costumbres o prácticas que han sido transmitidas a lo largo de las generaciones,tradicional
888,a formal assertion or declaration made on behalf of someone or something,una afirmación o declaración formal hecha en nombre de alguien o algo,declaración
889,"A long, narrow room filled with bottles and used for serving drinks.",Un largo y estrecho espacio lleno de botellas utilizado para servir bebidas.,bar
890,the quality of being fair and just,la calidad de ser justo e imparcial,justicia
891,habitually occurring or done; typical of a place or situation.,ocurring habitualmente o hecha; tipica de un lugar o situación.,habitual/usual
892,the ability to learn or understand,la capacidad de aprender o entender,conocimiento
893,a state of tranquility and freedom from conflict,un estado de tranquilidad y libertad de conflicto,paz
894,A person or thing that is studied in a particular field of study.,Un individuo o cosa que se estudia en un determinado campo de estudio.,sujeto/asunto
895,A large vehicle used for transporting people or goods,Un gran vehculo utilizado para transportar a personas o mercadotecas,autobús
896,a subdivision of a larger organization that often deals with specific activities or functions.,una subdivisión de una organización más grande que a menudo se ocupa de actividades o funciones específicas.,departamento
897,a person authorized to enforce laws and maintain order.,una persona autorizada para enforcer las leyes y mantener el orden.,oficial
898,extremely good or exciting,muy bueno o emocionante,fabuloso/fabulosa
899,characterized by or suggesting luxury or refinement,caracterizada por o sugiriendo lujo o refinamiento,elegante
900,items made of fabric worn on the body.,artículos hechos de tela que se llevan en el cuerpo.,ropa
901,The moon is the natural satellite of Earth.,La luna es el satélite natural de la Tierra.,luna
902,A set of things that belong together or are related in some way.,Un conjunto de cosas que pertenecen juntas o están relacionadas de alguna manera.,colección
903,completely firm or squeezed in a way that will not allow anything to pass through.,completamente firme o comprimido de modo que no permitirá que pase algo.,apretado/apretada
904,A highly skilled or knowledgeable person.,Un experto o experta en un campo determinado.,experto/experta
905,the natural world around us,el mundo natural alrededor de nosotros,medio ambiente
906,extremely angry or upset,extremadamente enojado o enfadado,loco/loca
907,"A sudden stoppage of work or activity, often used to convey a strong protest.",Un cese repentino de trabajo o actividad,huelga
908,the act of maintaining something in a stable condition,el acto de mantener algo en un estado estable,equilibrio
909,the state of being good,el estado de bondad,bondad
910,extending or having great width,teniendo o extendiendo gran ancho,ancho/ancha
911,A flat dish used for serving food.,Un plato plano utilizado para servir comida.,plato
912,the white liquid food obtained from milk-producing mammals,la comida blanca obtenida de los mamíferos productores de leche,leche
913,The flavour of a dish is its characteristic taste or aroma.,El sabor de un plato es su característico gusto o aroma.,sabor
914,A sweet and nutritious part of a plant that grows from a flower and contains seeds.,Un dulce y nutritivo parte de una planta que crece desde un flor y contiene semillas.,fruta
915,The opposition to a proposed law or policy refers to the group of people who actively work against it.,La oposición a una propuesta de ley o política se refiere al grupo de personas que trabajan activamente en contra de ella.,oposición
916,free from disturbance or turmoil.,libre de disturbio o tormenta.,calmado/calmada
917,The culture of a society is its shared values and practices.,La cultura de una sociedad es sus valores y prácticas compartidos.,cultura
918,characterized by a middle value in a series of values,caracterizado por un valor medio en una serie de valores,promedio
919,a feeling of guilt or regret for having done something wrong,un sentimiento de culpa o arrepentimiento por haber hecho algo malo,vergüenza
920,a small child,un niño pequeño,pis (infantil)
921,a person receiving treatment for an illness or injury,un paciente que recibe tratamiento para una enfermedad o lesión,paciente
922,extremely beautiful or impressive.,extremadamente bonito o impresionante.,precioso/preciosa
923,a meal typically eaten in the middle of the day,un almuerzo típico comúnmente comido a mediodía,almuerzo
924,to make certain or guarantee something,hacer seguro o garantizar algo,asegurar
925,the achievement of winning a contest or conflict,el logro de ganar una competencia o conflicto,victoria
926,to strike lightly and repeatedly with one's fist or a blunt object,hacer un golpe suave y repetido con la mano o un objeto plano,golpear/llamar
927,"A beach is a landform along a body of water, typically having white sand and pebbles.","Una playa es una formación de tierra junto a un cuerpo de agua, típicamente con arena blanca y piedras.",playa
928,the covering of a building,el techo de un edificio,techo
929,a formal public address given by an elected official to inform the people about their policies or actions.,un discurso formal y público dirigido a la gente para informar sobre las políticas o acciones de un funcionario elegido.,discurso
930,A point of connection or a means of communication.,Un punto de conexión o un medio de comunicación.,contacto
931,comprising all of something,compuesto por todo de algo,entero/entera
932,a model to which others are compared,un modelo a partir del cual se comparan otros,estándar
933,The nose is the organ of smell and a prominent feature of the face.,La nariz es el órgano del olfato y una característica prominente del rostro.,nariz
934,A group of people working together on a ship or aircraft.,Un grupo de personas trabajando juntas en un barco o avión.,tripulación
935,the act or process of using up something valuable or useful,el acto o proceso de agotar algo valioso o útil,residuo/desperdicio
936,"A written account of one's experience or opinion about a product, service, or event.","Un informe escrito sobre una experiencia o opinión sobre un producto, servicio u evento.",reseña/revisión
937,A global network providing access to a vast amount of information and services.,Una red mundial que proporciona acceso a una gran cantidad de información y servicios.,internet
938,the base of a building is its lowest horizontal level,la base de un edificio es su nivel horizontal más bajo,base
939,A series of graduated steps or ranks.,Una serie de escalones o rangos graduados.,escala
940,A device that produces a current of air for the purpose of cooling or ventilation.,Un dispositivo que produce una corriente de aire para el propósito de enfriar o ventilar.,ventilador/aficionado
941,to take notice of something,dar noticia de algo,notar
942,to force air out of something,forzar el aire fuera de algo,soplar
943,A smile is a facial expression that shows happiness or friendliness.,Una sonrisa es una expresión facial que muestra alegría o amistad.,sonrisa
944,the largest or most important group in a group of people or things,la mayoría o el grupo más grande de una serie de personas o cosas,mayoría
945,Having or showing a strong and impressive ability to do something.,Tener o mostrar una fuerte y impresionante capacidad para hacer algo.,poderoso/poderosa
946,A small natural elevation of the land.,Una pequeña elevación natural de la tierra.,colina
947,Feeling or expressing intense hostility or resentment.,Sentimiento o expresión de intensa hostilidad o resentimiento.,enojado/enojada
948,The act of changing place or position.,El acto de cambiar lugar o posición.,movimiento
949,relating to a single person or thing as opposed to a group.,aplicable a una persona o cosa en lugar de un grupo.,individual
950,to determine the number of things in a set or to keep track of something,determinar el número de cosas en un conjunto o mantener cuenta de algo,contar
951,occurring or existing before something else in time,ocurriendo o existiendo antes de algo más en tiempo,anterior
952,"A person who creates artworks such as paintings, sculptures, or photographs.","Una persona que crea obras de arte como pinturas, esculturas o fotografías.",artista
953,a person who drives a vehicle,una persona que conduce un vehculo,conductor/conductora
954,the act of getting closer to something or someone,el acto de acercarse a algo o a alguien,enfoque/acercamiento
955,the process of making gradual improvements or progress in a particular area.,el proceso de hacer avances o progresos graduales en una área específica.,desarrollo
956,a licensed establishment that serves alcoholic beverages,una institución licenciada que sirve bebidas alcohñicas,pub
957,a unit of British currency equal to one pound,una unidad de moneda británica igual a una libra esterlina,libra esterlina
958,"The media refer to the various channels of communication such as television, radio, and newspapers.","Los medios son las diferentes vías de comunicación como la televisión, la radio y los periódicos.",medios
959,A structure built across a physical obstacle to facilitate crossing.,Una estructura construida sobre un obstáculo físico para facilitar el paso.,puente
960,A place where people live and have their home.,Un lugar donde las personas viven y tienen su hogar.,vivienda
961,located at a lower position or distance,ubicado en una posición o distancia inferior,debajo
962,A substance used for coloring or decorating surfaces.,Un sustancia utilizada para colorar o decorar superficies.,pintura
963,A combination of two or more things to form a new whole.,Un combate de dos o más cosas para formar un nuevo todo.,mezcla
964,to bring or cause something to be created,llevar a crear o causar que se cree algo,producir
965,A limb attached to the shoulder joint by bones and muscles.,Un brazo que se une al hombro mediante huesos y músculos.,brazo
966,of very poor quality,de muy mala calidad,basura
967,The current generation of technology refers to the latest advancements in computing and communication.,La actual generación de tecnología se refiere a las últimas avances en computación y comunicación.,generación
968,extremely good or excellent,extremadamente bueno o excelente,impresionante
969,a thing or object that is being considered or discussed,un objeto o cosa que se está considerando o discutiendo,artículo
970,a feeling of worry or anxiety about something,un sentimiento de preocupación o ansiedad sobre algo,preocupación
971,not even one of a kind; unusual or unexpected,"no igual que ningñ; extra
o",extraño/extraña
972,a quarter of a dollar,una cuarta parte de un dólar,cuarto
973,the state of things as they actually exist,el estado de las cosas como realmente existen,realidad
974,the act of killing someone intentionally,el acto de matar a alguien intencionalmente,asesinato
975,a puzzling or inexplicable event or situation,un evento o situación intrigante y desconocida,misterio
976,having or showing a major impact or influence,teniendo o mostrando un impacto o influencia importante,significativo/significativa
977,a person who is professionally trained to prepare food and cook meals.,un profesional capacitado para preparar comida y cocinar comidas.,chef
978,"a view or judgment formed about something, not necessarily based on fact or knowledge.","una opinión o juicio formado sobre algo, no necesariamente basado en hechos o conocimiento.",opinión
979,The amount of money needed to carry out a project or business venture.,El monto de dinero necesario para llevar a cabo un proyecto o negocio,financiamiento
980,A crystalline mineral used primarily for seasoning food.,Un mineral cristalino utilizado principalmente para sazonar alimentos.,sal
981,accountable for one's actions and decisions,cualificado para asumir responsabilidad por sus acciones y decisiones,responsable
982,to acknowledge or accept something as true,aceptar o reconocer algo como cierto,reconocer
983,relating to the best or most well-known style of a particular time period.,relacionado con el estilo más destacado de una época específica.,clásico/clásica
984,a source of money or financial support.,una fuente de dinero o apoyo financiero.,fondo
985,A container made of ceramic or glass used for eating or serving food.,Un recipiente hecho de cerámica o vidrio utilizado para comer o servir comida.,tazón
986,a baked food made from flour and water,un alimento horneado hecho de harina y agua,pan
987,the state of being married,el estado de estar casado,matrimonio
988,a plan or project for achieving something,un plan o proyecto para lograr algo,esquema
989,Respectfully addressing someone with this title implies that the person has achieved a high level of expertise in their field.,Dirigiéndose respetuosamente a alguien con este título implica que la persona ha alcanzado un alto nivel de experteza en su campo.,profesional
990,The application of scientific knowledge for practical purposes.,La aplicación del conocimiento científico para fines prácticos.,tecnología
991,the act of searching for something in a systematic way,el acto de buscar algo de manera sistemática,caza
992,A van is a type of vehicle with a single cabin and usually two or more wheels.,Una furgoneta es un vehculo de transporte con una cabina unitaria y generalmente dos o mas ruedas.,furgoneta
993,a favour is a benefit or service that one person does for another without expecting anything in return.,un favor es un beneficio o servicio que una persona hace por otra sin esperar nada a cambio.,favor
994,a particular course or line of movement,una dirección o rumbo específico,dirección
995,"used to indicate a position or place within a group of people, things, or ideas.","se utiliza para indicar una posición o lugar dentro de un grupo de personas, cosas o ideas.",entre
996,to bring something to a person or place by vehicle or other means,llevar algo a una persona o lugar mediante vehículo o otro medio,entregar
997,the address where someone or something can be found,el lugar donde alguien o algo se puede encontrar,dirección
998,A person authorized to hear evidence and decide cases in a court of law.,Un individuo autorizado para escuchar pruebas y decidir casos en un tribunal.,juez
999,the reaction or reply given to a question or statement,la reacción o respuesta dada a una pregunta o declaración,respuesta
1000,to supply or provide food for someone or something,suministrar o proporcionar alimento a alguien o algo,alimentar
1001,A season of renewal and new life.,Una temporada de renovacion y nueva vida.,primavera
1002,a goal or objective that is to be achieved through effort and determination.,un objetivo o meta que se debe alcanzar a través de esfuerzo y determinación.,mission
1003,not commonly found or experienced,no común o poco frecuente,raro/rara
1004,a person in charge of a company or organization,un individuo que dirige una compañía o organización,jefe/jefa
1005,a large and impressive fortified structure,un gran y impresionante edificio fortificado,castillo
1006,"A brand is a name or logo used to identify a product, service, or company.","Una marca es un nombre o logotipo utilizado para identificar una mercancía, servicio u organización.",marca
1007,"A food made from the fat of milk, used for cooking and spreading.","Un alimento hecho de la grasa del leche, utilizado para cocinar y espolvorear.",mantequilla
1008,A referendum is a direct vote in which citizens decide on a particular issue or policy.,Un referéndum es un voto directo en el que los ciudadanos deciden sobre una cuestión o política específica.,referéndum
1009,having a gentle or mild quality,teniendo una calidad suave o suave,suave
1010,to think carefully about something,pensar cuidadosamente en algo,considerar
1011,completely devoid of contents or objects,completamente vacío,vacío/vacía
1012,to assert or declare something as true or valid,afirmar o declarar algo como verdadero o válido,reclamar
1013,The act of saving someone or something from danger or difficulty.,El acto de salvar a alguien o algo de peligro o dificultad.,rescate
1014,the process of achieving something over time,el proceso de lograr algo a lo largo del tiempo,progreso
1015,A sudden or unexpected event that happens during an activity.,Un evento repentino o inesperado que ocurre durante una actividad.,accidente
1016,A person who is responsible for teaching and instructing students in a particular subject.,Una persona que es responsable de enseñar y instruir estudiantes en un tema particular.,profesor/profesora
1017,relating to or characteristic of women,relacionado o característico de mujeres,femenino/femenina
1018,a record of economic transactions or activities,un registro de transacciones o actividades económicas,cuenta
1019,a principle or standard guiding behavior or decisions.,una principia o estandar que guía el comportamiento o las decisiones.,regla
1020,a circumstance or situation in which a person is deprived of something they possess,una circunstancia o situación en la que una persona es privada de algo que posee,pérdida
1021,the act of buying goods or services,el acto de comprar bienes o servicios,compras
1022,The ability to gain an upper hand or benefit from a situation.,La capacidad de ganar una ventaja o obtener beneficio de una situación.,ventaja
1023,The total number of people living in a particular area or country at a given time.,El número total de personas que viven en un área o país específico en una fecha determinada.,población
1024,A forest is a large area dominated by trees and other woody vegetation.,Un bosque es una gran área dominada por árboles y otras vegetaciones leñosas.,bosque
1025,a genre of music characterized by its emotional intensity and often mournful tone.,un género musical caracterizado por su intensidad emocional y tono a menudo triste.,blues
1026,A sheep is a domesticated mammal often raised for its wool and meat.,Una oveja es un mamífero doméstico comúnmente criado por su lana y carne.,oveja
1027,"the state of being confident in what will happen,",,fe
1028,A payment or benefit given in addition to someone's regular pay.,Un pago o beneficio dado además de la remuneración regular de alguien.,bono
1029,The quality that makes something or someone attractive and pleasing to the senses.,La calidad que hace que algo o alguien sea atractivo y placentero para los sentidos.,belleza
1030,A mathematical representation of a system or process used to make predictions or decisions.,Un modelo matemático de un sistema o proceso utilizado para hacer predicciones o tomar decisiones.,modelo
1031,a thorough examination or inquiry to discover the facts of a case or situation.,un examen exhaustivo o investigación para descubrir los hechos de un caso o situación.,investigación
1032,A piece of work assigned to be done.,Un trabajo asignado que debe ser realizado.,tarea
1033,a person or thing that helps others navigate a situation,una persona o cosa que ayuda a otros a navegar una situación,guía
1034,to flee or get away from something,huir o salir de algo,escapar
1035,to continue existing or in effect,sustener o seguir existiendo,permanecer
1036,A feeling of happiness or enjoyment.,Un sentimiento de felicidad o disfrute.,placer
1037,a sound used to express excitement or triumph,un sonido utilizado para expresar emociones de euforia o triunfo,doo (onomatopeya)
1038,extremely bloody or violent,extremadamente sangriento o violento,sangriento/sangrienta
1039,to conceal or make something invisible,concebir o hacer algo invisible,esconder
1040,to accuse or hold someone or something responsible for a fault or wrongdoing,accusar o atribuir responsabilidad a alguien o algo por una falta u omisión,culpar
1041,having only one of a kind; unlike anything else.,tendiendo solo a un tipo único,único/única
1042,A celestial body that orbits a star,Un cuerpo celeste que orbita una estrella,planeta
1043,a meeting of people who have come together to discuss or decide on something.,una reunión de personas que se han reunido para discutir o decidir algo.,asamblea
1044,A tool used for pounding nails into wood.,Un instrumento utilizado para golpear clavos en madera.,martillo
1045,the spiritual essence or energy of a person or thing,la esencia o energía espiritual de una persona o cosa,espíritu
1046,to accomplish something successfully,lograr algo con éxito,lograr
1047,extremely tasty and enjoyable,muy sabroso y agradable,delicioso/deliciosa
1048,able to be in a state of physical or mental well-being.,capaz de ser en un estado de bienestar físico o mental.,cómodo/cómoda
1049,A piece of furniture for sitting.,Un mueble para sentarse.,silla
1050,a person of masculine sex or gender.,un hombre o persona con sexo masculino o género.,macho/varón
1051,a quantity of something that is available or held,una cantidad de algo que se tiene disponible o está disponible,existencias/acciones
1052,a popular beverage made from roasted coffee beans,un bevago común hecho de granos tostados de café,café
1053,a person who is in charge of directing a film or television show,una persona que dirige una película o programa de televisión,director/directora
1054,The neck is the part of the human body that connects the head to the torso.,El cuello es la parte del cuerpo humano que conecta la cabeza con el tronco.,cuello
1055,a situation or event that gives an indication of possible danger or harm,una situación o evento que da indicio de posible peligro o daño,amenaza
1056,An institution of higher education that awards degrees.,Una institución de educación superior que otorga títulos.,universidad/colegio
1057,the ability or power that allows someone to do something well,la capacidad o poder que permite a alguien hacer algo bien,fuerza
1058,The person or organization that has legal rights to a property or business.,La persona o empresa que tiene derechos legales a una propiedad o negocio.,propietario/propietaria
1059,a sudden situation requiring immediate attention and action,una situación inesperada que requiere atención y acción inmediata,emergencia
1060,relating to or costing little money.,relacionado con o costando poco dinero.,barato/barata
1061,A bath is a room or compartment in which water is used for bathing.,Un baño es una habitación o compartimiento en el que se utiliza agua para bañarse.,baño
1062,a point of disagreement or difference in opinion between individuals or groups.,un punto de desacuerdo o diferencia de opinión entre individuos o grupos.,argumento
1063,to press one's lips against another person's lips,presionar los labios una persona contra otra,besar
1064,"A thing or item produced on a factory, made in an assembly line.","Un producto es algo producido en una fábrica, hecho en una línea de montaje.",producto
1065,having or showing courage in the face of danger or difficulty,tenaz y valiente,valiente
1066,"A container made of glass, plastic, or other materials for holding liquids.","Un recipiente hecho de vidrio, plástico o otros materiales para contener líquidos.",botella
1067,a natural elevation of the earth's surface,una elevación natural de la superficie de la tierra,montaña
1068,A type of citrus fruit characterized by its vibrant orange color.,Una fruta cítrica de tipo que se caracteriza por su color naranja vibrante.,naranja
1069,a state of being free from pain or difficulty,un estado de libertad de dolor o dificultad,alivio
1070,the state of being free from oppression or constraint.,el estado de ser libre de opresión o coerción.,libertad
1071,to cause someone to be awake,despertar a alguien,despertar
1072,clearly visible or easily understood,claro y evidente,obvio/obvia
1073,A person with whom one has a business or personal relationship.,Una persona con la cual se mantiene una relación comercial o personal.,socio/socia
1074,A feeling or response to a situation or stimulus.,Un sentimiento o respuesta a una situación o estimulo.,reacción
1075,to prevent something from happening or to keep away from something,evitar algo o mantenerse alejado de algo,evitar
1076,a punishment imposed for breaking a rule or law.,una sanción impuesta por violar una regla o ley.,penalización/penalti
1077,A sight is a particular appearance or view that can be seen.,Una vista es una aparición o vista particular que se puede ver.,vista
1078,A visual representation of an object or scene,Una representación visual de un objeto o escena,imagen
1079,used to indicate that something is not included or excluded,usado para indicar que algo no está incluido o excluido,excepto
1080,the capacity or talent to do something well,la capacidad o talento para hacer algo bien,habilidad
1081,a small electronic device used to store and process data,un pequeñn dispositivo electrǳnico utilizado para almacenar y procesar datos,computadora/ordenador
1082,the measure of how far apart two things are,la medida de la distancia entre dos cosas,distancia
1083,to supply or cause to be full,suministrar o hacer lleno,llenar
1084,very large in size or amount,muy grande en tamaño o cantidad,gigante
1085,"to endure or continue to exist in a state of life, condition, or situation","sobrevivir en un estado de vida, condición o situación",sobrevivir
1086,The location of a place is its geographical position.,La ubicación de un lugar es su posición geográfica.,ubicación
1087,the way someone or something behaves,el modo en que alguien o algo actúa,comportamiento
1088,"A medal is an award given to a person for their achievements, especially in sports.","Una medalla es un premio otorgado a una persona por sus logros, especialmente en deportes.",medalla
1089,"the act of drinking liquids, especially as a way to enjoy an alcoholic beverage.","el acto de beber líquidos, especialmente como una manera de disfrutar un bebida alcohólica.",consumo de alcohol
1090,a small bag attached to a garment,un pequeño bolsillo atado a una prenda de vestir,bolsillo
1091,to separate or divide something into two parts,separar o dividir algo en dos partes,dividir
1092,a change or improvement made to something existing,un cambio o mejora realizado en algo existente,reforma
1093,having or characterized by health; free from disease or injury.,teniendo o caracterizado por salud; libre de enfermedad o lesión.,saludable
1094,a meeting of people who are interested in the same subject or activity,un encuentro de personas interesadas en el mismo tema o actividad,conferencia
1095,the quality of being negative or refusing to accept an offer.,la calidad de negativa o de rechazo a una oferta.,no
1096,the outer layer of a solid or liquid,la capa exterior de un sólido o líquido,superficie
1097,very bad or unpleasant,muy malo o desagradable,horrible
1098,A type of material characterized by its high strength and durability.,Un tipo de material caracterizado por su alta resistencia y durabilidad.,metal
1099,a place where goods are sold,un lugar donde se venden bienes,tienda
1100,a small part of something,un pequeño aspecto de algo,detalle
1101,to propose or recommend something,proponer o recomendar algo,sugerir
1102,a style or way of dressing and behaving that is considered fashionable,un estilo o modo de vestir y comportarse que se considera a la moda,moda
1103,relating to the diagnosis and treatment of diseases.,relacionado con la diagnóstico y tratamiento de enfermedades.,médico/médica
1104,extremely old; having existed for a very long time,extremadamente antiguo; existente durante un período muy largo,antiguo/antigua
1105,a sudden and unexpected event that causes surprise or alarm.,un evento repentino y inesperado que causa sorpresa o alarma.,choque
1106,a period of time during which something is happening,un período de tiempo durante el cual algo está sucediendo,mientras
1107,A portion of something set aside for future use or occupation.,Una parte de algo que se deja a un lado para uso o ocupación futura.,reserva
1108,A regularly scheduled delivery of letters and other documents,Una entrega regular de cartas y documentos,correo
1109,occurring or done every day,ocurriendo o realizándose cada día,diario/diaria
1110,"A shortage or lack of something, especially money.","Un déficit o falta de algo, especialmente dinero.",déficit
1111,A source of energy that powers a vehicle or other machine.,Un fuente de energía que alimenta un vehículo o otra máquina.,combustible
1112,a contact team sport in which two teams of 15 players try to score points by carrying or passing the ball over a series of goals.,un deporte de contacto en el que dos equipos de 15 jugadores intentan marcar puntos al llevar o pasar la pelota sobre una serie de metros.,rugby
1113,A bag or case for carrying things.,Un paquete o bolsa para llevar cosas.,paquete
1114,a fundamental assumption or starting point,una suposición fundamental o punto de partida,base
1115,"A skill or technique used to achieve an end,",,truco
1116,kept or set apart for a particular purpose.,mantenido o establecido separadamente para un fin particular.,separado/separada
1117,to direct or control something,dirigir o controlar algo,gestionar
1118,"A written symbol or mark indicating a thought, feeling, or instruction.","Un símbolo o marca escrita que indica un pensamiento, sentimiento o instrucción.",nota
1119,extremely large in size or amount,extremadamente grande en tamaño o cantidad,enorme
1120,to make something or someone become more widespread or popular,hacer que algo o a alguien se convierta en más amplio o popular,extender
1121,relating to or characteristic of the Western world,relacionado con o característico del mundo occidental,occidental
1122,a means of carrying people or goods from one place to another,un medio de transporte de personas o mercancías desde un lugar a otro,transporte
1123,A movie is a film made for the screen.,Una película es una obra de arte hecho para la pantalla.,película
1124,"a unit of distance equal to 5,280 feet or 1,760 meters","una unidad de distancia igual a 5,280 pies o 1,760 metros",milla
1125,"of a rich, bright yellow color",de un color amarillo brillante,dorado/dorada
1126,"relating to or denoting a person who is in an advanced stage of life, typically over 60.","relacionado con o correspondiente a una persona que está en un estado avanzado de la vida, típicamente mayor de 60 años.",senior/mayor
1127,"A loud, sharp noise made by an explosion or a sudden impact.",Un sonido fuerte y agudo producido por una explosión o un golpe repentinamente aplicado.,golpe/explosión
1128,a hint or piece of information that helps to solve a puzzle or mystery,un indicio o fragmento de información que ayuda a resolver un acertijo o misterio,pista
1129,a deficiency or want of something necessary for well-being or success.,una deficiencia o falta de algo necesario para el bienestar o el éxito.,falta
1130,relating to or conducted in a lawful and orderly manner,relacionado o llevado a cabo de acuerdo con la ley y el orden,civil
1131,"the act of rehearsing or preparing for a sport, exam, etc.","el acto de ejercitar o prepararse para un deporte, examen, etc.",práctica
1132,used to describe something that is certain or unquestionable,se utiliza para describir algo que es cierto o indiscutible,absoluto/absoluta
1133,a responsibility or obligation,una responsabilidad o obligación,deber
1134,a plan or set of actions to cure or relieve a disease or injury,un plan o conjunto de acciones para curar o aliviar una enfermedad o lesión,tratamiento
1135,occurring in the middle of something,ocurriendo en el medio de algo,medio
1136,A display device used for visual presentation and interaction.,Un dispositivo de muestra para presentación visual y interacción.,pantalla
1137,"a young sheep, especially one that is less than a year old","un cordero, especialmente uno que es menor de un año",cordero
1138,given a situation that is absurd or unrealistic,dado un escenario absurdo o inrealista,tonto/tonta
1139,to provide something needed or wanted,providar algo necesario o deseado,servir
1140,A mutual understanding or consent reached through discussion or negotiation.,Un entendimiento mutuo o consenso alcanzado a través de la discusión o negociación.,acuerdo
1141,to make something better or more efficient,hacer algo mejor o más eficiente,mejorar
1142,the act of a person coming into existence,el acto de una persona naciendo,nacimiento
1143,A place for learning and research.,Un lugar para aprender y investigar.,estudio
1144,A line or area that marks the edge of something.,Una línea o área que marca la frontera de algo.,frontera
1145,reasonably good or satisfactory,razonablemente bueno o aceptable,decente
1146,relating to or characterized by music,relacionado o caracterizado por música,musical
1147,a situation or event that is disastrous,un desastre,desastre
1148,not capable of being done or existing; not possible.,no capaz de ser hecho o existente; imposible.,imposible
1149,to become visible or be seen,ser visible o ser visto,aparecer
1150,A choice or way of doing something.,Una elección o forma de hacer algo.,opción
1151,A person who receives an education.,Un estudiante es una persona que recibe educación.,estudiante
1152,the act of freeing or releasing something,el acto de liberar o soltar algo,lanzamiento/liberación
1153,the position at which a ball is thrown or a singer begins to sing,la posición en la que se lanza una pelota o un cantante comienza a cantar,campo/tono
1154,A planned sequence of connected places or journeys.,Una secuencia planificada de lugares o viajes conectados.,ruta
1155,a place or state of supreme happiness and fulfillment,un lugar o estado de gran felicidad y satisfacción,cielo
1156,a trial or effort to achieve something,un intento o esfuerzo para lograr algo,intento
1157,A person's steady and normal rate of movement or activity.,El ritmo de una persona,ritmo
1158,"A test or examination to determine someone's fitness for a job, position, or other situation.","Un juicio o prueba para determinar la aptitud de alguien para un trabajo, posición u otro escenario.",juicio/prueba
1159,a firearm that is loaded with ammunition,una arma de fuego que está cargada con proyectil,arma
1160,Extremely necessary or important.,Muy necesaria o importante.,crucial
1161,A violent act or behavior involves physical force used to intimidate or harm others.,Un acto o comportamiento violento implica fuerza física utilizada para intimidar o hacer daño a otros.,violencia
1162,A restaurant is an establishment where meals and other food are served to patrons.,Un restaurante es una establecimiento donde se sirven comidas y otros alimentos a los clientes.,restaurante
1163,"A sweet, viscous fluid produced by bees from the nectar of flowers.",Un líquido dulce y viscoso producido por las abejas a partir del néctar de las flores.,miel
1164,A question or request for information about something.,Una pregunta o solicitud de información sobre algo.,investigación
1165,A plan of action or a set of procedures for achieving a specific goal.,Un plan de acción o un conjunto de procedimientos para alcanzar un objetivo específico.,estrategia
1166,accurate or true to fact,verdadero o exacto a hechos,real
1167,to cook food in a pan,cocinar comida en una sartén,sartén
1168,A category of living organisms that can interbreed and produce fertile offspring.,Una categoría de organismos vivos que pueden cruzarse y producir crías fértiles.,especie
1169,to engage in casual conversation with someone.,conversar de manera informal con alguien.,charlar
1170,used to indicate a position or situation among others.,se utiliza para indicar una posición o situación entre otros.,entre
1171,A joke is a phrase or situation intended to be humorous.,Una broma es una frase o situación destinada a ser divertida.,broma
1172,"to deal with or manage something,",,manejar
1173,"A museum is an institution dedicated to the collection and conservation of historical artifacts, artworks, and other items of cultural significance.","Un museo es una institución dedicada a la colección y conservación de artefactos históricos, obras de arte y otros elementos de significado cultural.",museo
1174,feeling or showing a strong need or desire to achieve something urgently.,sintiendo o mostrando una fuerte necesidad o deseo de lograr algo urgentemente.,desesperado/desesperada
1175,A formal conversation between two or more people to discuss a particular subject.,Una conversación formal entre dos o más personas para discutir un tema específico.,entrevista
1176,the supreme power or right to command in a particular field,la autoridad suprema o derecho para comandar en un campo determinado,autoridad
1177,"not unusual or exceptional in kind, nature, or degree",no común o extraordinario,ordinario/ordinaria
1178,a request or statement asking for something to be done or changed,un pedido o declaración solicitando que algo se haga o cambie,apelación/atractivo
1179,"to engage in a fight or struggle, especially with someone who is much stronger or better than you.","engañarse en una pelea o lucha, especialmente con alguien que es mucho más fuerte o mejor que usted.",abordar/placar
1180,of the highest importance for survival or well-being,de la mayor importancia para la supervivencia o el bienestar,vital
1181,a set of clothes worn for a special occasion,un conjunto de ropa destinado para una ocasión especial,traje
1182,causing fear or anxiety,causando miedo o ansiedad,aterrador/aterradora
1183,A place where goods are made using machines and tools.,Un lugar donde se fabrican bienes utilizando máquinas y herramientas.,fábrica
1184,feeling unwell or sick,sentado enfermo,enfermo/enferma
1185,to place something down,colocar algo en un lugar,colocar/poner
1186,relating to or affecting the whole world,relacionado con o que afecta a todo el mundo,global
1187,a type of herbaceous plant growing in lawns and fields,un tipo de planta herbácea que crece en prados y campos,hierba
1188,A scheduled air travel service between two points.,Un servicio de transporte aéreo programado entre dos puntos.,vuelo
1189,A financial protection against losses or unforeseen events.,Una protección financiera contra pérdidas o eventos imprevistos.,seguro
1190,A type of sweet fruit commonly eaten for breakfast.,Un tipo de fruta dulce comúnmente consumida para desayuno.,manzana
1191,A vehicle that flies through the air.,Un vehículo que vuela a través del aire.,avión
1192,a basic building block or a single item in a collection,una unidad básica o un solo elemento en una colección,unidad
1193,To sue someone is to make a formal complaint against them in a court of law.,Demanda a alguien en un tribunal de justicia para hacer una queja formal.,demandar
1194,a length of string or cord used to fasten a shoe,un trozo de cuerda o cinta utilizada para aferrajar un zapato,corbata/empate
1195,a wide open space between things that are touching or joined,un espacio amplio entre cosas que tocan o se unen,brecha
1196,the ability to retain and recall information,la capacidad de recordar y retener información,memoria
1197,"to distribute or allocate something, especially in a particular way",distribuir o asignar algo de manera determinada,repartir
1198,A natural ability or skill that is valued and admired.,Una habilidad o destreza natural que es valorada y admirada.,talento
1199,A designated geographic area with specific characteristics or boundaries.,Una zona geográfica designada con características o límites específicos.,zona
1200,A person appointed to lead an organization or government.,Una persona designada para liderar una organización o gobierno.,ejecutivo/ejecutiva
1201,A bike is a human-powered vehicle with two wheels.,Una bicicleta es un vehculo humano con dos ruedas.,bicicleta
1202,The euro is the official currency of the European Union.,El euro es la moneda oficial de la Unión Europea.,euro
1203,to move back and forth quickly,moverse hacia arriba y hacia abajo con rapidez,agitar
1204,used to describe a position or event that occurs one step before something else,se utiliza para describir una posición o evento que ocurre un paso antes de algo más,cuarto/cuarta
1205,Formal or authoritative in a governmental or institutional context.,Formal o autorizado en un contexto gubernamental o institucional.,oficial
1206,A person invited to stay in someone's home or attend a social event.,Una persona invitada para quedarse en la casa de alguien o asistir a un evento social.,invitado/invitada
1207,A serious disease characterized by the uncontrolled growth of abnormal cells.,Una grave enfermedad caracterizada por el crecimiento incontrolado de células anormales.,cáncer
1208,feeling or showing remorse for a wrongdoing.,sintiendo o demostrando arrepentimiento por una acción incorrecta.,culpable
1209,having a firm and unyielding structure or consistency.,teniendo una estructura firme y inquebrantable.,sólido/sólida
1210,a competition in which participants run or drive vehicles at high speeds.,una competencia en la que los participantes corren o conducen vehculos a velocidades elevadas.,carreras
1211,"a notice or message given to alert someone of a potential danger, problem, or risk.","una advertencia o mensaje dado para alertar a alguien de un posible peligro, problema o riesgo.",advertencia
1212,to repair or make something new,arreglar algo o hacerlo nuevo,arreglar
1213,A test or examination to assess knowledge or understanding.,Un examen o prueba para evaluar el conocimiento o la comprensión.,cuestionario
1214,a place for camping outdoors,un lugar para acampar al aire libre,campamento
1215,Relating to or involving movement or portability,Relacionado con o involucrante movimiento o portabilidad,móvil
1216,The ability to govern oneself free from external control.,La capacidad de gobernarse libremente sin control externo.,independencia
1217,contaminated or unclean.,estéril o sucio.,sucio/sucia
1218,to talk about or consider something in detail,hablar o considerar algo en detalle,discutir
1219,"Relating to or involving the nucleus of an atom, especially in relation to nuclear energy or nuclear warfare.","Relacionado con o involucrado en el núcleo de un átomo, especialmente en relación con la energía nuclear u la guerra nuclear.",nuclear
1220,"A substance or object that serves as the basis of something else, such as a material used to make a product.","Un sustento o objeto que sirve como base de algo más, como el material utilizado para hacer un producto.",material
1221,The state of not having a job or being unable to find one.,El estado de no tener un empleo o no poder encontrar uno.,desempleo
1222,Extremely silly or unreasonable,Muy ridículo o absurdo,ridículo/ridícula
1223,"A solid mass of material, such as stone or concrete.","Un bloque sólido de material, como piedra o hormigón.",bloque
1224,a harm or damage to the body,una lesión,lesión
1225,to instruct or train someone in a particular subject or skill.,enseñar a alguien en un tema o habilidad específica.,enseñar
1226,a group of soldiers under the command of a general or officer,un grupo de soldados bajo el mando de un general o oficial,tropas
1227,to bring up or discuss something in conversation,mencionar algo en una conversación,mencionar
1228,relating to the minimum amount required,relacionado con la cantidad mínima requerida,básico/básica
1229,to produce tears of sorrow or pain,producir lágrimas de tristeza o dolor,llorar
1230,A requirement or need that must be met.,Un requisito o necesidad que debe ser satisfecho.,demanda
1231,to have doubts or suspicions about someone's behavior or identity.,tener sospechas o dudas sobre el comportamiento o identidad de alguien.,sospechar
1232,a particular way of solving a problem or achieving an aim,un método específico para resolver un problema o alcanzar un objetivo,solución
1233,the act of seeking and killing wild animals,el acto de buscar y matar animales salvajes,caza
1234,a person's overall feeling about a place or situation,la atmósfera general de un lugar o situación,atmósfera
1235,a mental image or concept of something that can be seen in the future.,una imagen o concepto mental de algo que se puede ver en el futuro.,visión
1236,A male relative of your parent who is normally married to your aunt.,Un tío es un pariente masculino de tu padre que normalmente está casado con tu tía.,tío
1237,to cause someone to recall or think of something,hacer que alguien se recuerde o piense en algo,recordar
1238,a strong and barely controllable emotion,una pasión intensa y difícil de controlar,pasión
1239,A recording of moving images and sound.,Una grabación de imágenes y sonido en movimiento.,video
1240,used to describe something that has many different types or forms.,se utiliza para describir algo que tiene muchos diferentes tipos o formas.,varios/varias
1241,having a keen cutting edge,teniendo una punta afilada,afilado/afilada
1242,the act of moving your body through water using strokes,el acto de mover el cuerpo a través del agua utilizando movimientos,natación
1243,to seize or take hold of something quickly,agarrar algo rápidamente,agarrar
1244,a movement of the sea surface caused by wind,un movimiento del sufcie del mar causado por el viento,ola
1245,a difficult or unpleasant situation in which someone has to exert great effort,una situación difícil o incómoda en la que alguien tiene que hacer un gran esfuerzo,lucha
1246,required for something to be done or to exist,requerido para que algo se haga o exista,necesario/necesaria
1247,extremely impressive or attractive,muy impresionante,impresionante
1248,A small amount of money given to a waiter or other service worker as a sign of appreciation.,Un pequeño monto de dinero que se da al camarero o trabajador de servicio como una señal de agradecimiento.,propina/consejo
1249,A pie is a baked dessert typically consisting of a pastry base and filled with sweet ingredients.,Un pastel es un postre horneado típicamente con base de masa y lleno de ingredientes dulces.,pastel
1250,Characterized by or committed of a crime.,Caracterizado por o cometido de un delito.,criminal
1251,The process of making goods or services.,El proceso de fabricación de bienes o servicios.,producción
1252,feeling a strong desire for food,sentido fuerte de deseo por comida,hambriento/hambrienta
1253,"A prolonged period of economic decline typically characterized by a decrease in industrial production, employment, and consumer spending.","Un período prolongado de declive económico típicamente caracterizado por una disminución en la producción industrial, empleo y gasto de consumidores.",recesión
1254,A collection of items or artworks,Un conjunto de objetos o obras de arte,álbum
1255,The act of catching fish,El acto de pescar,pesca
1256,suitably good or perfect,adequado o perfecto,ideal
1257,used to indicate that something or someone does not exist or is not true,utilizado para indicar que algo o alguien no existe o es falso,ninguno/ninguna
1258,relating to the countryside or the country-side.,relacionado con el campo o la campiña.,rural
1259,to care for or manage something so that it remains healthy or successful,cuidar o manejar algo para que siga saludable o exitoso,tender
1260,to make something smaller or less in amount,hacer algo menor o menos en cantidad,reducir
1261,a firm is a strong and stable organization or business.,una empresa es una organización fuerte y estable.,empresa
1262,happening or done suddenly and without warning.,ocurriendo o realizado repentinamente y sin aviso.,repentino/repentina
1263,Opposition to something.,Oposición a algo.,anti
1264,A bathroom fixture for disposing of human waste.,Un elemento de baño para eliminar las heces humanas.,baño
1265,A genre of entertainment that is intended to be humorous.,Un género de entretenimiento que se intenta ser humorístico.,comedia
1266,the feeling of respect and admiration for someone or something,el sentimiento de respeto y admiración por alguien o algo,honor
1267,used to describe something or someone that is enjoyable or appealing,se utiliza para describir algo o a alguien que es disfrutable o atractivo,gay
1268,A large body of water for swimming or other recreational purposes.,Un cuerpo de agua grande para nadar o otras actividades recreativas.,piscina
1269,To clean or remove dirt and impurities from something.,Lavar significa limpiar o eliminar la suciedad y las impurezas de algo.,lavar
1270,A bell is a hollow metal object that produces a loud sound when struck.,Una campana es un objeto metálico hueco que produce un sonido fuerte cuando se golpea.,campana
1271,a sudden and violent collision,un choque repentino y violento,choque
1272,a situation or condition where vehicles are moving slowly or are blocked,una situación o condición en la que los vehículos están moviéndose lentamente o están bloqueados,tráfico
1273,A particular form or adaptation of something.,Una forma o adaptación específica de algo.,versión
1274,Having the characteristics of being in a different place or condition,Tener las características de ser en un lugar o condición diferente,opuesto/opuesta
1275,A device used for cooking food in a controlled environment.,Un dispositivo destinado a cocinar alimentos en un ambiente controlado.,horno
1276,A person who performs in a play or film.,Una persona que interpreta en una obra o película.,actor
1277,the quality of being a leader or having the ability to inspire others.,la calidad de ser líder o tener la capacidad de inspirar a otros.,liderazgo
1278,extremely surprising or unlikely to happen,muy sorprendente o poco probable que suceda,increíble
1279,extremely large or wide-ranging,extremadamente grande o abarcativo,vasto/vasta
1280,to feel or show gratitude towards someone or something,sentir o mostrar agradecimiento hacia alguien o algo,apreciar
1281,to mark a special occasion or event with festivities,marcar una ocasión especial o evento con fiestas,celebrar
1282,An organisation is a group of individuals who work together to achieve a common goal or purpose.,Una organización es un grupo de individuos que trabajan juntos para lograr un objetivo común o propósito.,organización
1283,A crack is a sudden or slight break in something.,Una grieta es un corte súbito o ligeramente roto en algo.,grieta
1284,having or showing experience and good judgment,teniendo o demostrando experiencia y buen juicio,sabio/sabia
1285,A finger is one of the digits at the end of a human hand.,El dedo es uno de los deditos en el extremo de una mano humana.,dedo
1286,A type of waterbird with a short neck and webbed feet.,Un tipo de ave acuática con un cuello corto y pies con espinas.,pato
1287,The king's crown is a symbol of royal authority.,La corona del rey es un símbolo de autoridad real.,corona
1288,the amount paid for the use of a property,el monto pagado por el uso de una propiedad,alquiler
1289,A large quantity of something.,Una gran cantidad de algo.,masa
1290,used to indicate subtraction or difference,se utiliza para indicar la diferencia o la disminución,menos
1291,To discharge or release a projectile from a gun or other device.,Disparar significa lanzar una proyectil desde un arma o dispositivo.,disparar
1292,a system of strings or wires used to catch fish or other small animals.,una red de cuerdas o hilos utilizada para cazar peces o otros pequeños animales.,red
1293,Assistance given to someone or something in need.,Asistencia brindada a alguien o algo que necesita ayuda.,ayuda
1294,A person who is admired for their courage and achievements,Un hombre o mujer que es admirado por su valor y logros,héroe/heroína
1295,A meal is a set of food items typically eaten together at one time.,Una comida es un conjunto de alimentos comunes comidos juntos en un solo tiempo.,comida
1296,the ultimate or most essential part of a person,el elemento más esencial o fundamental de una persona,alma
1297,a feeling of urgency or anxiety about not being able to complete something in time,un sentimiento de urgencia o ansiedad por no poder completar algo a tiempo,prisa
1298,a cloud of tiny particles that is visible and smells bad,un nube de partñculas pequeñas que es visible y tiene mal olor,humo
1299,remaining stable or unchanged,permaneciendo estable o invariante,constante
1300,a division of a larger work or organization,una división de un trabajo o organización más grande,sección
1301,The equipment necessary for a specific task or industry.,El equipo necesario para una tarea o industria específica.,equipo
1302,a feeling of great happiness or pleasure.,un sentimiento de gran felicidad o placer.,alegría
1303,a single unit of a book or other written material,una unidad única de un libro o otros materiales escritos,página
1304,used to describe something that is normal or usual,se utiliza para describir algo que es normal o habitual,regular
1305,having a lot of thickness or mass,teniendo una gran espesura o masa,grueso/gruesa
1306,Providing a clear and unobstructed route or path.,Proporcionando una ruta clara y libre de obstáculos.,directo/directa
1307,a person who transmits information between organizations or parties.,un individuo que transmite información entre organizaciones o partidos.,corresponsal
1308,a sport in which players hit a ball into a hole using various clubs.,un deporte en el que los jugadores golpean una pelota hacia un hoy usando diferentes palas.,golf
1309,relating to or characteristic of ancient Rome,relacionado con o característico de la antigua Roma,romano/romana
1310,the state of being young,el estado de ser joven,juventud
1311,the act of returning to a normal or healthy state,el proceso de devolver al estado normal o saludable,recuperación
1312,a situation involving conflict or intense personal struggle,un estado de conflicto o lucha intensa,drama
1313,to shower is to clean the body with water,duchar es limpiar el cuerpo con agua,ducha
1314,A psychoactive substance that affects the central nervous system and is typically abused for its stimulant or depressant effects.,Una sustancia psicoactiva que afecta al sistema nervioso central y generalmente se abusa por sus efectos estimulantes o depresores.,alcohol
1315,the thing that is intended or implied by something,el cosa que se intenta o implícita algo,significado
1316,"Characterized by strong feelings, especially those that are intense or difficult to control.","Caracterizado por fuertes sentimientos, especialmente aquellos que son intensos o difíciles de controlar.",emocional
1317,exceptionally good or impressive,muy bueno o impresionante,notable
1318,to influence or have an impact on something or someone,influir o tener impacto en algo o alguien,afectar
1319,A means of transportation for people or goods,Un medio de transporte para personas o mercancías,vehículo
1320,"Furniture refers to movable objects intended to provide comfort, support, or decoration for humans or animals.","Muebles se refieren a objetos movibles destinados a proporcionar comodidad, apoyo o decoración para humanos o animales.",muebles
1321,a naturally occurring metal element that is often used to make tools and other objects.,un elemento químico natural que se usa comúnmente para hacer herramientas y otros objetos.,hierro
1322,A chart or diagram that shows the relationships between different things.,Un mapa es un charto o diagrama que muestra las relaciones entre diferentes cosas.,mapa
1323,ready to do something or go somewhere,disponible para hacer algo o ir a algún lugar,dispuesto/dispuesta
1324,the hard outer layer of a living thing that provides support,el durete exterior de un ser vivo que proporciona apoyo,hueso
1325,having a great height,teniendo una gran altura,alto/alta
1326,A unit of weight equal to the mass of the water contained in 16 pounds of paper,Una unidad de peso igual al peso del agua contenido en dieciséis libras de papel,libra
1327,A person who trains or manages a team of people in a particular activity.,Un entrenador es una persona que dirige y prepara a un equipo en un deporte o actividad específica.,entrenador/entrenadora
1328,having or showing a high degree of practical value.,teniendo o mostrando un alto grado de valor práctico.,útil
1329,knowned from a long time,conocido desde hace mucho tiempo,familiar
1330,the person responsible for enforcing rules in a sport,el persona responsable de aplicar las reglas en un deporte,árbitro
1331,to make someone or something known to others,hacer que alguien o algo sea conocido por otros,presentar
1332,a point or link where something connects with another thing,un punto o enlace donde algo conecta con otro elemento,conexión
1333,"A pig is a domesticated mammal often raised for its meat, eggs, and fat.","El cerdo es una especie de mamífero doméstico comúnmente criado para su carne, huevos y grasa.",cerdo
1334,to deal with a difficult situation,deal con una situación difícil,lidiar
1335,the reason for which something is done,la razón por la cual algo se hace,propósito
1336,not genuine or not real,no genuino o no real,falso/falsa
1337,"A festival is a celebration or gathering of people with a common purpose, often marked by music, dance, and other forms of entertainment.","Un festival es una celebración o reunión de personas con un propósito común, a menudo marcada por música, baile y otras formas de entretenimiento.",festival
1338,a natural substance composed of finely divided rock and mineral particles,un material natural compuesto por partículas rocas y minerales divididas finamente,arena
1339,The act or process of managing something.,El proceso de gestión de algo.,gestión
1340,A person's good luck or success is called their fortune.,El buen suceso o la exitosa vida de una persona se llama su fortuna.,fortuna
1341,A circular object that rotates around a central axis,Un objeto circular que gira alrededor de un eje central,rueda
1342,a colour intermediate between black and white,un color intermedio entre negro y blanco,gris
1343,"A ticket is a document or card that proves someone has bought a ticket for something, like a train or an event.","Un billete es un documento o tarjeta que prueba que alguien ha comprado un billete para algo, como una tren o un evento.",billete
1344,requiring skill and effort to understand or accomplish,requiriendo habilidad y esfuerzo para entender o lograr,complicado/complicada
1345,characteristic of the average or normal type,característico de la media o normal,típico/típica
1346,"a famous person, especially in the entertainment industry.","una persona famosa, especialmente en la industria del entretenimiento.",celebridad
1347,"A loud and powerful noise, such as that caused by an explosion.","Un sonido fuerte y potente, como el causado por una explosión.",auge
1348,a temporary emotional state,un estado de ánimo temporal,estado de ánimo
1349,A recognition given to an individual or group for their achievements.,Un reconocimiento concedido a un individuo o grupo por sus logros.,premio
1350,A tall structure built for architectural or military purposes.,Una estructura alta construida para fines arquitectónicos o militares.,torre
1351,a subject or idea that is central to an event or situation,un tema o idea central que está presente en un evento o situación,tema
1352,A flower is a type of plant that produces flowers and seeds.,Una flor es un tipo de planta que produce flores y semillas.,flor
1353,A machine that converts energy into mechanical work.,Un motor que convierte energía en trabajo mecánico.,motor
1354,A substance that produces a pharmacological effect,Una sustancia que produce un efecto farmacológico,droga
1355,relating to the southern part of a country or region.,relacionado con la parte meridional de un país o región.,meridional/del sur
1356,having a pleasant and approachable nature,teniendo una naturaleza agradable y accesible,amigable
1357,A person trained to care for the sick and injured,Un profesional capacitado para cuidar a las personas enfermas y heridas,enfermero/enfermera
1358,a small house or cottage for a single person,una pequeña casa o cabaña para una persona,cabaña
1359,A legally binding agreement between two or more parties,Un acuerdo legalmente vinculante entre dos o más partes,contrato
1360,"to relax or calm down,",,relajarse
1361,a person with whom one can identify or have a friendly relationship,una persona con quien se puede identificar o tener una relación amistosa,compañero/compañera
1362,A factor is something that contributes to the value or quality of a situation.,Un factor es algo que contribuye al valor o calidad de una situación.,factor
1363,extremely good or impressive,extremadamente bueno o impresionante,maravilloso/maravillosa
1364,A dark area on the ground where something casts an image of itself.,Un área oscura en el suelo donde algo deja una imagen de sí mismo.,sombra
1365,A body of fresh or saltwater surrounded by land.,Un cuerpo de agua dulce o salada rodeado por tierra.,lago
1366,A vast body of saltwater that covers a significant portion of the Earth's surface.,Un cuerpo extenso de agua salada que cubre una gran parte de la superficie del planeta.,océano
1367,a law or set of laws made by a government.,una ley o conjunto de leyes establecidas por un gobierno.,legislación
1368,A person or thing that can be used instead of something else.,Una persona o cosa que puede usarse en lugar de algo más.,alternativa
1369,A bomb is an explosive device designed to release a large amount of energy in a short time.,Una bomba es un dispositivo explosivo diseñado para liberar una gran cantidad de energía en un tiempo corto.,bomba
1370,a structure on the shore or a docked ship for loading and unloading cargo.,un edificio o muelle en la costa para cargar y descargar mercancías.,puerto
1371,the act of making something heavier by adding weight or mass,el acto de hacer algo más pesado agregando peso o masa,carga
1372,A disease is a condition that affects the health of an organism.,Una enfermedad es una condición que afecta la salud de un organismo.,enfermedad
1373,the state of being healthy and happy,el estado de ser saludable y feliz,bienestar
1374,A stream of air that is inhaled and exhaled by the body.,Un flujo de aire que se inhala y exhala por el cuerpo.,aliento
1375,extremely good or impressive.,muy bueno o impresionante.,magnífico/magnífica
1376,A degree is a formal qualification awarded to students who complete a course of study,Un grado es una cualificación formal otorgada a estudiantes que completan un curso de estudio,grado
1377,A container for holding or disposing of waste or unwanted items.,Un contenedor para almacenar o eliminar basura o artículos indeseables.,cubeta
1378,A small unit of currency in the United States worth one cent.,Un pequeño unidad de moneda en Estados Unidos que vale un céntimo.,penique
1379,A sharp-edged tool for cutting or piercing.,Un utensilio afilado para cortar o perforar.,cuchillo
1380,the esteem in which someone or something is held,el estatus de respeto con el que alguien o algo es considerado,reputación
1381,A series of connected links or rings used for restraint or support.,Una serie de enlaces o anillos conectados utilizados para restricción o soporte.,cadena
1382,A person or entity that performs an action or is responsible for a result.,Una persona o entidad que lleva a cabo una acción o es responsable de un resultado.,agente
1383,to explain or tell about something in detail,explicar o contar sobre algo en detalle,describir
1384,the goal or purpose of something,el objetivo o propósito de algo,objetivo
1385,"a musical composition, especially one played on a radio or record","una composicion musical, especialmente la que se toca en una radio o grabada",tonada
1386,having or showing quick mental ability,teniendo o mostrando rápida capacidad mental,inteligente
1387,the quality or state of being good,la calidad o estado de ser bueno,bien
1388,to stop working or functioning properly,dejar de funcionar o ser eficaz,fallar
1389,the highest or greatest amount or degree,el mayor o más alto número o grado,máximo
1390,to gather or assemble things into a group or collection,recopilar o reunir cosas en un grupo o colección,coleccionar
1391,to have earned something through effort or achievement,tener merecido por algo a través de esfuerzo o logro,merecer
1392,A significant effect or impact on someone's thoughts or behavior.,Un efecto significativo o impacto en las ideas o comportamientos de alguien.,influencia
1393,relating to or characteristic of an industrial system,relacionado con o característico de un sistema industrial,industrial
1394,very loud and intense,muy alto y intenso,alto/alta (sonido)
1395,A detailed list of ingredients and steps to prepare a dish.,Una lista detallada de ingredientes y pasos para preparar un plato.,receta
1396,A person who sings music professionally.,Una persona que canta música profesionalmente.,cantante
1397,A collection of documents or printed pages.,Una colección de documentos o páginas impresas.,papeles
1398,prone to attack or criticism.,susceptible a ataque o crítica.,vulnerable
1399,A loud bleating sound made by a sheep.,Un fuerte sonido de ganado,balido
1400,A path is a way or route for traveling from one place to another.,Un camino es una vía o ruta para viajar de un lugar a otro.,camino
1401,A part of the human body that contains the heart and lungs.,Una parte del cuerpo humano que contiene el corazón y los pulmones.,pecho
1402,a means of estimating something's size or extent,una forma de estimar el tamaño o extensión de algo,medida
1403,to acknowledge or accept something as true,aceptar o admitir algo como cierto,admitir
1404,a room where meals are eaten,un espacio donde se come comida,comedor
1405,causing or capable of causing death.,causando o capaz de causar la muerte.,mortal
1406,a feeling of satisfaction and self-respect derived from achievement or possession of something valued,un sentimiento de satisfacción y respeto propio derivado del logro o posesión de algo valorado,orgullo
1407,A fundamental change in political organization or social structure,Un cambio fundamental en la estructura política o social,revolución
1408,to make something ready or suitable for a particular purpose,hacer algo listo o adecuado para un propósito específico,preparar
1409,the act of being defeated or overcoming by a stronger force,el acto de ser derrotado o superado por una fuerza más fuerte,derrota
1410,to have a greater liking for something than another,tener una mayor preferencia por algo que otro,preferir
1411,a large number or amount,un gran número o cantidad,cien
1412,The temperature is a measure of the average kinetic energy of particles in an object or substance.,La temperatura es una medida de la energía cinética media de las partículas en un objeto o sustancia.,temperatura
1413,A quantity or amount of something available for use or sale.,Una cantidad o cantidad de algo disponible para uso o venta.,suministro
1414,a prefix indicating a prior or earlier time,un prefijo que indica un tiempo anterior,pre
1415,Having little thickness or width.,Tener poco grosor o ancho.,delgado/delgada
1416,A thing that is perceived or thought of as a whole,Un objeto que se percibe o piensa como un todo,objeto
1417,a custom or usual way of doing something,una costumbre o manera habitual de hacer algo,tradición
1418,A type of fermented alcoholic drink.,Un tipo de bebida alcohólica fermentada.,cerveza
1419,describing something that is precisely or exactly what is needed or wanted.,describe un elemento que es exactamente o precisamente lo necesario o deseado.,específico/específica
1420,A complex arrangement of elements or parts that work together to achieve a common goal.,Un arreglo complejo de elementos o partes que trabajan juntos para lograr un objetivo común.,estructura
1421,extremely interesting or attractive,muy interesante o atractivo,fascinante
1422,a type of upper body garment,un tipo de prenda de vestir para el torso,camisa
1423,a particular time or event that provides a reason for doing something,un momento o evento específico que proporciona una razón para hacer algo,ocasión
1424,a governing body or organization that exercises control over a particular field or activity.,un organismo o institución que ejerce control sobre un campo o actividad específica.,agencia
1425,to come to a place or destination,llegar a un lugar o destino,llegar
1426,a person who creates or makes things,una persona que crea o hace cosas,fabricante
1427,"A vehicle equipped for medical emergencies, especially one crewed by trained paramedics.","Un vehículo equipado para emergencias médicas, especialmente uno tripulado por paramédicos capacitados.",ambulancia
1428,a large structure for sports events or concerts.,una gran estructura para eventos deportivos o conciertos.,estadio
1429,The climate of a region is typically characterized by its average weather conditions over a long period.,El clima de una región se caracteriza comúnmente por sus condiciones climáticas promedio sobre un largo período,clima
1430,a violent weather condition characterized by high winds and heavy rain,un estado climático violento caracterizado por vientos altos y lluvia intensa,tormenta
1431,a building attached to a house where cars are stored,un edificio que se conecta a una casa donde se almacenan los vehiculos,garaje
1432,A medical procedure that involves the surgical removal or repair of a bodily organ or tissue.,Un procedimiento médico que implica la extracción o reparación quirúrgica de un órgano o tejido del cuerpo.,cirugía
1433,extremely exciting or emotionally intense,extremadamente emocionante o intenso emocionalmente,dramático/dramática
1434,to support or give confidence to someone in doing something,apoyar o dar confianza a alguien para que haga algo,animar
1435,the part of the human body that connects the arm to the body,el parte del cuerpo humano que conecta el brazo al cuerpo,hombro
1436,to carry out or complete a task or activity,realizar una tarea o actividad,realizar
1437,the act or state of protecting something from harm or injury,el acto o estado de proteger algo contra el daño o la lesión,protección
1438,A discussion between two or more people,Un diálogo entre dos o más personas,conversación
1439,a sour or acidic fruit often used in drinks and cooking.,una fruta ácida o agresiva a menudo utilizada en bebidas y cocina.,limón
1440,The height of a building is typically measured from its base to its highest point.,La altura de un edificio suele medirse desde su base hasta su punto más alto.,altura
1441,"A small round or oval piece of metal, plastic, etc., used to press a device to operate it.",Un pequeño cilindro de metal o plástico utilizado para presionar un dispositivo para operarlo.,botón
1442,difficult to smooth or tame,difícil de suavizar o domesticar,áspero/áspera
1443,A decade is a period of ten years.,Una década es un período de diez años.,década
1444,A valuable or precious thing.,Un valioso o preciado cosa.,tesoro
1445,A domesticated animal kept for pleasure or companionship.,Un animal doméstico mantenido por placer o compañía.,mascota
1446,a piece of information or skill learned from experience,una parte de información o habilidad aprendida por experiencia,lección
1447,The right to do something that is allowed by law or rule.,El derecho a hacer algo que está permitido por la ley o regla.,permiso
1448,A group of people who elect representatives to a legislative body.,Un grupo de personas que eligen representantes para un cuerpo legislativo.,circunscripción
1449,A visual representation of data or information.,Una representación visual de los datos o la información.,exhibición
1450,A component of something that can be considered separately.,Un componente de algo que se puede considerar por separado.,elemento
1451,a strong feeling of affection or loyalty,un fuerte sentimiento de afecto o lealtad,vínculo
1452,a part of an airplane that allows it to fly,una parte de un avión que le permite volar,ala
1453,A device consisting of a frame with chains or ropes that move back and forth through a central axis.,Un dispositivo formado por un marco con cadenas o cuerdas que se mueven hacia atrás y hacia adelante a través de un eje central.,columpio
1454,completely intoxicated as a result of excessive drinking.,intoxicado completamente como resultado de la bebida excesiva.,borracho/borracha
1455,to bring something into existence or to make it fully formed,desarrollar a algo significa darle forma y estructura para que funcione correctamente,desarrollar
1456,A type of red meat from cattle.,Un tipo de carne roja de res.,carne de res
1457,relating to the body or matter in a direct and tangible way.,relacionado con el cuerpo o la materia de manera directa y tangible.,físico/física
1458,A large carnivorous mammal with a shaggy mane and powerful roar.,Un gran mamífero carnívoro con una cola linda y un rugido poderoso.,león
1459,to ascend or move upward in a gradual and steady manner,ascender o moverse hacia arriba de manera gradual y constante,escalar
1460,extremely unpleasant or disagreeable,extremadamente desagradable o desagradable,desagradable
1461,A distinctive quality or attribute that makes something unique or interesting.,Una calidad o atributo distinguido que hace que algo sea único o atractivo.,característica
1462,The length of a line or shape is its horizontal distance from one end to the other.,La longitud de una línea o forma es su distancia horizontal desde un extremo hasta el otro.,longitud
1463,a small insect that is the characteristic animal of English cricket,una pequeña insecto que es el caracterñstico animal del cricket inglés,grillo/críquet
1464,a strong-smelling bulbous plant used in cooking,una planta bulbosa y oloso utilizada en la cocina,ajo
1465,not conforming to law or custom,no conforme a la ley o costumbre,ilegal
1466,A reflective surface used for viewing one's appearance.,Un espejo utilizado para ver la apariencia.,espejo
1467,A mythical creature often depicted as a frightening or supernatural being.,Un ser mitológico a menudo representado como un ser aterrador o sobrenatural.,monstruo
1468,cruel and wicked in nature or intention.,malo y maligno en naturaleza o intención.,malvado/malvada
1469,a physical activity that is done to improve the body's health,una actividad física que se realiza para mejorar la salud del cuerpo,ejercicio
1470,the state of being possible or feasible,el estado de ser posible o factible,posibilidad
1471,A tail is a part of an animal's body that it uses for balance or support.,Una cola es una parte del cuerpo de un animal que utiliza para el equilibrio o apoyo.,cola
1472,A geometric shape or position between two lines or planes.,Una forma geométrica o posición entre dos líneas o planos.,ángulo
1473,to annoy or trouble someone,mostrar molestia o incomodar a alguien,molestar
1474,a small amount of food taken into the mouth,una pequeña cantidad de alimento que se lleva a la boca,mordida
1475,The practice of managing money and investments.,El ejercicio del manejo de dinero y inversiones.,banca
1476,to make something safe from harm or attack,hacer algo seguro de daña o ataque,asegurar
1477,lacking excitement or interest.,falta emoción o interés.,aburrido/aburrida
1478,"A well-substantiated explanation of some aspect of the natural world, based on a body of factual evidence.","Una explicación bien sostenida de algún aspecto del mundo natural, basada en un cuerpo de evidencia factual.",teoría
1479,a range of different things,una variedad de cosas,variedad
1480,a set of tools or equipment for a particular activity,un conjunto de herramientas o equipo para una actividad particular,kit
1481,having many different and often conflicting parts or qualities,teniendo muchos diferentes y a menudo conflictivos aspectos o calidades,complejo/compleja
1482,The flow of electric charge through a circuit.,El flujo de carga eléctrica a través de un circuito.,electricidad
1483,a British slang term for a man,un término británico en slang para un hombre,tipo
1484,A system of government or management that is in power at a particular time.,Un sistema de gobierno o administración que está en poder en un momento determinado.,régimen
1485,A person's attitude is the way they feel or behave in a particular situation.,La actitud de una persona es la manera en que siente o se comporta en una situación específica.,actitud
1486,a firm decision or attitude adopted or accepted,un firme compromiso o actitud adoptada o aceptada,compromiso
1487,A domesticated bovine mammal often raised for milk or meat.,Una mamífero bovino doméstico a menudo criado para leche o carne.,vaca
1488,a feeling of urgency or hurry.,un sentimiento de urgencia o apresuramiento.,prisa
1489,the act of using someone or something in a cruel or violent way,el uso de alguien o algo de manera cruel o violenta,abuso
1490,used to describe something that is not needed at the moment but can be used when it is needed.,utilizado para describir algo que no se necesita en este momento pero puede ser utilizado cuando lo sea.,de repuesto
1491,A sweet drink made from fruit or other plant extracts.,Un bebida dulce hecha de frutas o extractos de otras plantas.,jugo
1492,to present facts and evidence in order to prove a point or convince someone of an argument.,presentar hechos y pruebas para probar un punto o convencer a alguien de un argumento.,argumentar
1493,to take away or cause to be without something,sustener o eliminar algo,quitar
1494,A sweet dessert made from a mixture of milk and sugar.,Un postre dulce hecho de una mezcla de leche y azúcar.,pudín
1495,to put into force or effect,aplicar algo o a alguien,aplicar
1496,a person or thing that supplies something,una persona o cosa que proporciona algo,fuente
1497,of great importance or urgency,de gran importancia o urgencia,crítico/crítica
1498,the maximum amount or degree that something can contain or be allowed to have,el límite máximo que algo puede contener o ser permitido,límite
1499,A starchy root vegetable often eaten mashed or baked.,Un vegetal fibroso de raíz a menudo comido molido o horneado.,papa/patata
1500,pleasantly appealing in appearance or character.,apetecible en apariencia o carácter.,atractivo/atractiva
1501,Relating to business or commerce.,Relacionado a la actividad comercial o empresarial.,comercial
1502,to excavate or remove earth from a hole,cavar o remover tierra de un hoyo,cavar
1503,a present given to someone to show appreciation or affection.,un regalo dado a alguien para mostrar aprecio o afecto.,regalo
1504,a change in the position or arrangement of something,un cambio en la posición o disposición de algo,turno
1505,a racket sport played between two players using a ball and racket.,un deporte de raqueta jugado entre dos jugadores con una pelota y un raqueta.,tenis
1506,a small group of people or things,un grupo pequeño de personas o cosas,grupo/racimo
1507,relating to the mind or intellect.,relacionado con la mente o el intelecto.,mental
1508,a type of synthetic organic polymer,un tipo de polímero sintético orgánico,plástico
1509,Carrying a developing fetus,Carryando un feto en desarrollo,embarazada
1510,a young boy or man,un chico o joven hombre,chico
1511,The inability to achieve a desired goal or objective.,El estado de no lograr un objetivo deseado.,fracaso
1512,a lasting feeling or impression that something has made on you,una sensación duradera que algo ha dejado en ti,impresión
1513,extremely impressive or attractive,muy impresionante o atractivo,espectacular
1514,relating to or concerned with religion,relacionado con o concernido por la religión,religioso/religiosa
1515,to unite for life legally,unirse legalmente para toda la vida,casarse
1516,extremely good or excellent,muy bueno o excelente,terrífico/terrífica
1517,fair and not excessive in amount or degree,razonable y no excesivo en cantidad o grado,razonable
1518,to make a loud and clear utterance of excitement or anger,hacer un fuerte y claro grito de emoción o ira,gritar
1519,A novel is a written work of fiction that is self-contained and has a unique storyline.,Una novela es un trabajo de ficción escrito que tiene una narrativa única y no está dividida en capítulos.,novela
1520,The activity of a particular profession or hobby.,La actividad de una profesión o hobbies particulares.,actividad
1521,to cause something to be part of a larger set or total.,causar que algo forme parte de un conjunto o total mayor.,incluir
1522,a journey or experience of trying new things,un viaje o experiencia de probar cosas nuevas,aventura
1523,a lower part of a leg that covers and supports the foot,la parte inferior de un muslo que cubre y soporta el pie,bota
1524,"relating to or characteristic of the east in terms of location, direction, or culture.","relacionado con o característico del este en términos de ubicación, dirección o cultura.",oriental
1525,to put something or someone into a space or environment,poner algo o a alguien en un espacio o entorno,entrar
1526,a device for fastening or unfastening something,un dispositivo para cerrar o descerrar algo,cerradura
1527,"A picture or image, especially one taken with a camera.",Una imagen o foto,foto
1528,extreme refers to the highest or most severe degree of something,extremo significa el grado más alto o severo de algo,extremo/extrema
1529,to find out something new or unexpected,descubrir algo nuevo o inesperado,descubrir
1530,the act of conveying knowledge or skill to students.,el acto de transmitir conocimiento o habilidad a los estudiantes.,enseñanza
1531,a covering for the top of a hat or helmet.,un tapón para cubrir la parte superior de una gorra o casco.,gorra
1532,lacking sight,carenciendo de vista,ciego/ciega
1533,having a fair chance of producing the desired result.,teniendo una probabilidad razonable de producir el resultado deseado.,efectivo/efectiva
1534,necessary for survival or progress,necesario para la supervivencia o el progreso,esencial
1535,A person who is harmed or injured by someone else's action.,Una persona que resulta dañada o herida por el acción de alguien más.,víctima
1536,the act of moving forward or making progress,el acto de avanzar o hacer progreso,avance
1537,A type of staple food made from the edible starchy part of a plant.,Un tipo de alimento básico hecho del parte comestible de una planta.,arroz
1538,"A flag is a piece of cloth or fabric attached to a pole or stick, often flown from a building, ship, or vehicle.","Una bandera es una pieza de tela o tela atada a un palo o asta, a menudo izada desde una edificio, barco o vehculo.",bandera
1539,"A hard, shiny, silver-white metal used in construction and manufacturing.","Un metal duro y brillante, gris plateado, utilizado en la construcción y fabricación.",acero
1540,a system of government where power is held by the people,un sistema de gobierno donde el poder está en manos del pueblo,democracia
1541,a method or skill used to achieve something,un método o habilidad utilizada para lograr algo,técnica
1542,to move through water using the arms and legs,moverse por agua utilizando los brazos y piernas,nadar
1543,a hot liquid food made from a mixture of ingredients,un líquido caliente de comida hecha con una mezcla de ingredientes,sopa
1544,Lacking firmness or stability in shape or position.,Falta de firmeza o estabilidad en forma o posición.,suelto/suelta
1545,A small rodent typically having a pointed snout and large ears.,Un pequeño roedor típicamente con una nariz puntiaguda y orejas grandes.,ratón
1546,to get something given to you,obtener algo que se te da,recibir
1547,A garment that covers the upper body.,Un abrigo que cubre el cuerpo superior.,abrigo
1548,a season of the year characterized by the falling of leaves from trees.,una temporada del año marcada por la caída de hojas de los árboles.,otoño
1549,a turning or rotating motion,un movimiento de rotación o giración,giro
1550,a set of instructions used to guide the creation of a computer program,un conjunto de instrucciones utilizadas para guiar la creación de un programa de computadora,código
1551,The department of a company that deals with managing its financial assets and risks.,El departamento de una empresa que se encarga de gestionar sus activos financieros y riesgos.,finanzas
1552,a musical composition typically performed live with singing and instrumental accompaniment,una composición musical que se interpreta a menudo en vivo con canto y acompañamiento instrumental,ópera
1553,having or characterized by the sun's rays,teniendo o caracterizado por las rayas del sol,soleado/soleada
1554,"A person who writes, especially for publication.","Una persona que escribe, especialmente para publicación.",escritor/escritora
1555,the act of buying and selling goods or securities,el comercio de bienes o valores,comercio
1556,A classification or grouping of things based on common characteristics.,Una clasificación o agrupación de cosas basadas en características comunes.,categoría
1557,the most important thing to be done first,la cosa más importante que debe hacerse primero,prioridad
1558,A pension is a regular payment made by an employer to their employee during retirement.,Una pensión es un pago regular realizado por el empleador para su empleado durante la jubilación.,pensión
1559,a state of extreme anxiety or fear.,un estado de ansiedad extremo o miedo.,pánico
1560,valued or cherished in a special way,valorado o apreciado de manera especial,precioso/preciosa
1561,valuable refers to something that is highly esteemed or desirable.,valioso/valiosa se refiere a algo que es altamente estimado o deseable.,valioso/valiosa
1562,having or showing the quality of being open to cooperation and mutual benefit.,teniendo o demostrando la calidad de ser abierto a cooperación y beneficio mutuo.,competitivo/competitiva
1563,A person who has specialized knowledge or skills in a particular area.,Un individuo con conocimientos o habilidades especializados en un área específica.,especialista
1564,The ear is the organ of hearing and balance.,El oído es el órgano de la audición y el equilibrio.,oído
1565,to have a place or condition in being or to be actual or real.,tener un lugar o condición de ser o ser real.,existir
1566,a color of the spectrum with a wavelength between approximately 590 and 620 nanometers,una color del espectro con una longitud de onda entre aproximadamente 590 y 620 nanómetros,bronce
1567,a set of things that work well together,un conjunto de cosas que funcionan bien juntas,combinación
1568,Used as the object of a verb or preposition.,Usado como objeto de un verbo o preposición.,a quién
1569,a person who builds structures and buildings,un hombre que construye edificios y estructuras,constructor/constructora
1570,used to indicate a lack or absence of something,se utiliza para indicar la falta o ausencia de algo,ni
1571,"A nest is a structure made of twigs, grasses, and other materials used by birds or insects to lay their eggs.","Un nido es una estructura hecha de cañas, hierbas y otros materiales utilizada por aves o insectos para poner huevos.",nido
1572,A person who has reached the age of majority.,Un adulto es una persona que ha alcanzado la edad de mayoría.,adulto/adulta
1573,A sudden change of direction or course,Un cambio brusco de dirección o curso,giro
1574,A piece of written language used to convey information or an idea.,Un fragmento de lenguaje escrito utilizado para comunicar información o una idea.,texto
1575,to cause something to be destroyed by fire,causar que algo se destruya con fuego,quemar
1576,The state of being engaged in an activity or work for payment or profit.,El estado de estar ocupado en una actividad o trabajo a cambio de dinero o beneficios.,empleo
1577,A person of exceptionally high intelligence and talent.,Una persona de inteligencia y talento extremadamente alto.,genio
1578,relating to or characteristic of the most important or main thing,relacionado o característico del principal o elemento más importante,primario/primaria
1579,A set of funds deposited in a bank or invested for future use.,Un conjunto de fondos depositados en una banca o invertidos para uso futuro.,ahorros
1580,in or on something,en algo o en alguien,en
1581,A period of time characterized by a particular set of circumstances,Un período de tiempo caracterizado por una determinada serie de circunstancias,era
1582,extremely attractive or pleasing,extremadamente atractivo o agradable,lindo/linda
1583,the ability to do something well,la capacidad de hacer algo bien,habilidad
1584,"A railway is a network of railways on land or under water, used for transporting vehicles and cargo.",Un ferrocarril es una red de ferrocarriles sobre tierra o bajo agua utilizada para transportar vehículos y mercancías.,carril
1585,the products or commodities that are available for sale,los productos o bienes que se ofrecen para la venta,bienes
1586,the maximum or greatest amount of something,el máximo o más grande cantidad de algo,extensión
1587,the act of welcoming or meeting someone,el acto de bienvenida o recibimiento,recepción
1588,"a person who conducts an auction, often in a formal and exciting manner.","un persona que lleva a cabo una subasta, a menudo de forma formal y emocionante.",subastador/subastadora
1589,to challenge someone to do something that is likely to be difficult or unpleasant,desafiar a alguien para hacer algo que probablemente sea difícil o incómodo,atreverse
1590,A person who provides food and shelter for a guest or group,Un individuo que proporciona comida y refugio para un huésped o grupo,anfitrión/anfitriona
1591,A signal or indication that suggests something is about to happen.,Un señal o indicación que sugiere que algo va a suceder.,señal
1592,A toy is an object that brings pleasure to children.,Un juguete es un objeto que trae alegría a los niños.,juguete
1593,to search for something or someone with determination and effort.,buscar algo o a alguien con determinación y esfuerzo.,buscar
1594,A suite of rooms is a collection of adjoining or connected rooms.,Una suite de habitaciones es una colección de salas adyacentes o conectadas.,suite
1595,A type of powder made from ground grains used for baking.,Un tipo de polvo hecho a partir de granos molidos utilizado para hornear.,harina
1596,a cloud of vapor rising from a boiling liquid,un nube de vapor que asciende desde un líquido en ebullición,vapor
1597,A state of economic deprivation and lack of resources.,Un estado de pobreza económica y falta de recursos.,pobreza
1598,to act on behalf of someone or something in place of them.,actuar en nombre de alguien o algo en su lugar.,representar
1599,The mayor is the chief elected official of a city or town.,El alcalde es el jefe electo de una ciudad o pueblo.,alcalde/alcaldesa
1600,a group of people working together as a team,un grupo de personas trabajando juntas como un equipo,escuadrón
1601,A room or chamber is a small enclosed space used for various purposes.,Una cámara es un espacio cerrado destinado para diferentes propósitos.,cámara
1602,it is morally required or justified,es obligatorio moral o justificado,debería
1603,characterized by regularity and predictability,caracterizado por regularidad y previsibilidad,rutinario/rutinaria
1604,a series of shots or rounds fired from a gun or a camera,una serie de disparos o rondas disparadas desde un arma o una cámara,disparos
1605,a hard outer layer of a plant seed or a mollusk,una capa dura exterior de un semilla de planta o un molusco,concha
1606,to settle something down or in a calm and peaceful state,establecer algo en un estado calmado y pacífico,establecerse
1607,"A diamond is a hard, polished stone used in jewelry and cut from the earth's crust.",Un diamante es un fuerte y pulido piedra utilizada en joyería y extraída del crudo de la corteza terrestre.,diamante
1608,causing or feeling a sense of deep sadness or frustration because something is not as good as expected,causando o sentimiento de profunda tristeza o frustración porque algo no es tan bueno como se esperaba,decepcionante
1609,A small mammal often kept as a pet.,Un pequeñ animal que se tiene a menudo como mascota.,conejo
1610,A type of domesticated pig commonly used in cooking.,Un tipo de cerdo doméstico comúnmente utilizado en la cocina.,cerdo
1611,the least amount or degree required,el menos mínimo requerido,mínimo
1612,a group of people who associate with each other and are often involved in criminal activities.,un grupo de personas que se asocian entre sí y a menudo están involucrados en actividades criminales.,pandilla
1613,A flat piece of material used to display information or images.,Una superficie plana utilizada para mostrar información o imágenes.,panel
1614,"A sudden, unexpected event or occurrence.",Un evento o ocurrencia inesperada y repentina.,incidente
1615,A fine powder produced by wear and tear on surfaces.,Un polvo fino producido por el desgaste y la descomposición de superficies.,polvo
1616,A chemical element of atomic number 6 and the basis for all organic life.,Un elemento químico de número atómico 6 y la base de la vida orgánica.,carbono
1617,A scratch is a small mark or wound made by rubbing or scraping.,Un rasguño es un pequeño marca o herida hecha raspando o escarchando.,rasguño
1618,A set of beliefs and practices that are considered to be true by its adherents.,Un conjunto de creencias y prácticas que se consideran verdaderas por sus seguidores.,religión
1619,"A detailed plan or design for a story, film, or other creative work.","Un plan detallado o diseño para una historia, película o otro trabajo creativo.",trama
1620,A stringed musical instrument played by plucking or strumming its strings.,Un instrumento musical con cuerda que se toca poniendo o golpeando sus cuerdas.,guitarra
1621,A person who reviews and revises written content for publication.,Una persona que revisa y corrige contenido escrito para su publicación.,editor/editora
1622,to remove or take something away,quitar o sacar algo,cobertizo
1623,"A mixture of raw or cooked vegetables, fruits, and sometimes grains or proteins.","Un mezcla de verduras crudas o cocidas, frutas y ocasionalmente granos o proteínas.",ensalada
1624,The current state of something or someone.,El estado actual de algo o alguien.,estatus
1625,A lengthening or expanding of something.,Un estiramiento o enlance,estiramiento
1626,the ability to acquire and apply knowledge,la capacidad de adquirir y aplicar conocimiento,inteligencia
1627,to promise or guarantee something will happen or be true,garantizar algo significa prometer o asegurar que algo sucederá o será cierto,garantizar
1628,extremely good or impressive,muy bueno o impresionante,excelente
1629,"A type of sweet or hot spice,",,pimienta
1630,A monkey is a primate animal.,El mono es un animal primado.,mono
1631,extremely good or impressive,muy bueno o impresionante,tremendo/tremenda
1632,"A duplicate of something, typically made by copying.","Una copia de algo, típicamente hecha por copiar.",copia
1633,to imagine or believe that something is true without actually believing it,imaginar o creer que algo es cierto sin realmente creerlo,fingir
1634,A person who buys goods or services from a company.,Un individuo que compra bienes o servicios de una empresa.,cliente
1635,A dense and diverse region of tropical plants and animals.,Una región densa y variada de plantas y animales tropicales.,selva
1636,feeling thankful or appreciative for something or someone.,sentiendo agradecido o agradecida por algo o alguien.,agradecido/agradecida
1637,suitable for a particular situation or purpose,adaptado para una situación o propósito específico,apropiado/apropiada
1638,"A type of rotorcraft that is used for transportation, recreation, and other purposes.","Un tipo de rotorcrafto que se utiliza para transporte, recreacion y otros fines.",helicóptero
1639,A person or entity that is opposed to you in a conflict or competition.,Un persona o entidad que se opone a ti en un conflicto o competencia.,enemigo/enemiga
1640,a feeling of anxiety or tension caused by problems or difficult situations,un sentimiento de ansiedad o tensión causado por problemas o situaciones difíciles,estrés
1641,used to indicate a difference or contrast between two things.,se utiliza para indicar una diferencia o contraste entre dos cosas.,a diferencia de
1642,A repeated sequence of shapes or colors.,Una secuencia repetida de formas o colores.,patrón
1643,A writing instrument used to apply ink to a surface.,Un instrumento de escritura utilizado para aplicar tinta a una superficie.,bolígrafo
1644,The universe is the vast expanse of space and time that contains all matter and energy.,El universo es el gran espacio y tiempo que contiene todo el material y la energía.,universo
1645,a region of land controlled by a particular country or entity,una región de tierra controlada por una particular nación o entidad,territorio
1646,A conversation between two or more people about a particular topic.,Una conversación entre dos o más personas sobre un tema en particular.,discusión
1647,causing feelings of wonder or astonishment,producir sentimientos de asombro o sorpresa,sorprendente
1648,A trophy is an object given to someone as a prize or award for their achievements.,Un trofeo es un objeto que se le otorga a alguien como premio o reconocimiento por sus logros.,trofeo
1649,A person who operates an aircraft.,Un piloto es una persona que opera un avión.,piloto
1650,A circle is a continuous curved shape,Un círculo es una forma curva continua,círculo
1651,a feeling of great pride or achievement,un sentimiento de gran orgullo o logro,gloria
1652,"A pastry is a sweet baked food product typically made with a mixture of flour, sugar, and fat.","Una pastelería es un alimento dulce frito hecho con una mezcla de harina, azúcar y grasa.",pastelería
1653,The hip is the bone at the top of the thigh.,La cadera es la hueso en la parte superior del muslo.,cadera
1654,to change or turn something on or off,cambiar o cambiar algo o encenderlo apagarlo,cambiar
1655,a person who is capable of killing,una persona capaz de matar,asesino/asesina
1656,authentic or real; not fake or imitation.,auténtico o real; no falso o imitación.,genuino/genuina
1657,Relating to or consisting of electricity.,Relacionado con o consistente en electricidad.,eléctrico/eléctrica
1658,a part of a machine that transmits power or motion,una parte de una máquina que transmite potencia o movimiento,engranaje
1659,characterized by or indicating love of romance.,caracterizado por o indicativo del amor romántico.,romántico/romántica
1660,The act of bringing something to a person or place.,El acto de llevar algo a una persona o lugar.,entrega
1661,relating to or characteristic of a household or home,relacionado con o característico de un hogar o casa,doméstico/doméstica
1662,A mixture of water and soil that has dried out.,Un mezcla de agua y suelo que se ha secado.,barro
1663,most advanced or final in a series of things.,más avanzado o final en una serie de cosas.,último/última
1664,a person who is trained to fight in a country's military,un hombre o mujer capacitado para luchar en el ejército de un país,soldado
1665,having or showing the quality of being able to do something,teniendo o demostrando la cualidad de ser capaz de hacer algo,capaz
1666,"A disagreement or struggle between individuals, groups, or nations.","Un desacuerdo o lucha entre personas, grupos o naciones.",conflicto
1667,A list of available options or choices,Una lista de opciones o elecciones disponibles,menú
1668,the organ used for speech and eating,el organo utilizado para hablar y comer,lengua
1669,A comment is a remark or observation made in response to something,Un comentario es un comentario o observación escrita en respuesta a algo,comentario
1670,a place where people are kept in order to be punished for a crime.,un lugar donde se detiene a alguien para castigarlo por un delito.,cárcel
1671,the act of sending a vehicle into space,el acto de lanzar un vehculo a espaci,lanzamiento
1672,A person who lacks good judgment or sense.,Una persona que carece de buen juicio o sentido.,tonto/tonta
1673,a musical instrument played by pressing keys on a keyboard,un instrumento musical tocado presionando teclas en un teclado,piano
1674,to direct one's attention or effort towards something,enfocarse en algo,concentrarse
1675,A large carnivorous mammal native to Asia.,Un gran mamífero carnívoro originario de Asia.,tigre
1676,having a surface or texture that is free from wrinkles or rough edges.,teniendo una superficie o textura libres de arrugas o bordes rugosos.,suave
1677,a large indefinite number,una gran cantidad indefinida,mil
1678,A large area of land with no features or disturbances.,Un gran área de tierra sin características o perturbaciones.,llano/llana
1679,to express regret for a wrongdoing or hurt caused to someone,expresar arrepentimiento por un error o daño causado a alguien,disculparse
1680,"A long, slender animal that moves by slithering on the ground.",Un animal largo y delgado que se mueve arrastrándose por el suelo.,serpiente
1681,to receive payment or compensation for work done.,obtener un pago o compensación por el trabajo realizado.,ganar
1682,to press or compress something tightly,apretar o comprimir algo con fuerza,apretar
1683,A collection of objects made primarily of precious metals and gemstones used for adornment.,Un conjunto de objetos hechos principalmente de metales preciosos y piedras preciosas utilizados para decoración.,joyería
1684,free from impurities or defects.,libre de impurezas o defectos.,puro/pura
1685,The number zero represents the absence of quantity or magnitude.,El número cero representa la ausencia de cantidad o magnitud.,cero
1686,the act or state of causing physical injury or damage to someone or something,el acto o estado de causar daño físico o daño a alguien u algo,daño
1687,A person who cultivates and harvests crops on land owned or rented by them.,Un agricultor que cultiva y cosecha cultivos en tierras que les pertenecen o alquilan.,granjero/granjera
1688,the act of taking someone into custody,el acto de tomar a alguien en custodia,arresto
1689,A combination of different things or ingredients.,Un conjunto de diferentes cosas o ingredientes.,mezcla
1690,a container for holding goods or materials,un contenedor para llevar bienes o materiales,paquete
1691,to put money or resources into something in order to generate income or benefit.,invertir dinero o recursos en algo para generar ingresos o beneficios,invertir
1692,feeling or showing a lack of companionship,sintiéndose o sintiéndose como sin compañía,solitario/solitaria
1693,relating to everyday affairs and requiring little imagination or thought,relacionado con los asuntos diarios y que requiere poco imaginación o pensamiento,práctico/práctica
1694,to protect or defend something or someone from harm or attack.,proteger o defender algo o a alguien de daño o ataque.,defender
1695,to make something unlikely to happen or occur,hacer que algo sea improbable o imposible,prevenir
1696,a type of cured meat,un tipo de carne ahumada,jamón
1697,to take breaths in order to live,tomar respiraciones para vivir,respirar
1698,"a feeling or desire that stimulates creativity, innovation, or progress","un sentimiento o deseo que estimula la creatividad, innovación o progreso",inspiración
1699,The state or condition that something has at a particular time.,El estado o condición que tiene algo en un momento determinado.,identidad
1700,a person's ancestry or heritage is the history of their ancestors and the customs and traditions that are passed down through generations.,el patrimonio de una persona es la historia de sus antepasados y las costumbres y tradiciones que se transmeten a través de las generaciones.,patrimonio
1701,relating to events or periods in the past,relacionado con eventos o períodos del pasado,histórico/histórica
1702,A chemical element of the periodic table with the symbol Sn.,Un elemento químico de la tabla periódica con el símbolo Sn.,estaño/lata
1703,The soil was rich in nutrients.,El suelo es rico en nutrientes.,suelo
1704,a competition to find the best person or thing,un concurso para encontrar la persona o cosa mejor,concurso
1705,A scientific procedure aimed at confirming or disproving a hypothesis.,Un procedimiento científico destinado a confirmar o refutar una hipótesis.,experimento
1706,a competition in which participants are judged against others,una competencia en la que los participantes son evaluados en comparación con otros,torneo
1707,A type of cured meat made from pork belly.,Un tipo de carne curada hecha de la parte inferior del cerdo.,tocino
1708,A list of planned events or tasks,Una lista de eventos o tareas planeadas,agenda
1709,the first light of day,el primer resplandor del día,amanecer
1710,to inspire or encourage people to feel enthusiasm,inspirar o animar a las personas a sentir entusiasmo,animar
1711,a person or thing that is remembered as a great example of something admired for its excellence or heroic qualities.,una persona o cosa que se recuerda como un gran ejemplo de algo que se admira por su excelencia o cualidades heroicas.,leyenda
1712,A large container for holding liquids or gases.,Un gran contenedor para sostener líquidos o gases.,tanque
1713,A length of adhesive material used to attach or hold things together.,Un trozo de material adhesivo utilizado para unir o sostener cosas.,cinta
1714,"A barrier of wood, metal, or other material used to control access.","Un obstáculo de madera, metal o otro material utilizado para controlar el acceso.",puerta
1715,to take something away from someone in secret or dishonestly,sacar algo de manera secreta o engañosa,robar
1716,relating to or affecting sex,relacionado con o afectando el sexo,sexual
1717,a part of something that is added to increase its usefulness or size,una parte de algo que se agrega para aumentar su utilidad o tamaño,extensión
1718,"a sweet spread made from fruit, often used for toast or biscuits.","un espeso repollo hecho de frutas, a menudo utilizado para tostada o galletas.",mermelada
1719,A document or piece of evidence that confirms the validity of something.,Un documento o evidencia que confirma la validez de algo.,prueba
1720,characterized by strong physical force or violent action.,carácter fuerte físicamente o de acción violenta.,violento/violenta
1721,A large mammal with a distinctive trunk and tusks.,Un gran mamífero con una nariz y dientes largos,elefante
1722,A person who behaves foolishly or absurdly.,Una persona que se comporta tontamente o absurdamente.,idiota
1723,The state of being present or having something in view.,El estado de estar presente o tener algo en vista.,presencia
1724,having or showing good judgment; reasonable and moderate in amount or degree,teniendo o mostrando buen juicio; moderado y razonable en cantidad o grado,sensato/sensata
1725,expressing disapproval or refusal.,expresando desacuerdo o negación.,negativo/negativa
1726,the act of taking air into the lungs,el acto de admitir aire en los pulmones,respiración
1727,causing or characterized by moisture.,causando o caracterizado por humedad.,húmedo/húmeda
1728,to achieve or obtain something by effort or skill,obtener o lograr algo mediante esfuerzo o habilidad,ganar
1729,A type of fish,Un tipo de pescado,salmón
1730,a public expression of discontent or opposition,una expresión pública de descontento o oposición,protesta
1731,to emit light or heat; to make something bright and clear,empezar a brillar; dar brillo y calor,brillar
1732,A group of words that form a complete thought or idea.,Un conjunto de palabras que forman un pensamiento completo o idea.,oración
1733,a piece of furniture for holding papers and pens,un moble para sostener papel y plumas,escritorio
1734,"A library is a collection of books, journals, and other resources for reading and research.","Una biblioteca es una colección de libros, revistas y otros recursos para leer y investigar.",biblioteca
1735,having or showing the ability to create original ideas or products,teniendo o demostrando la capacidad de crear ideas originales o productos,creativo/creativa
1736,not likely to happen,no es probable que suceda,improbable
1737,a place where a plane lands,un lugar donde un avión aterriza,aterrizaje
1738,to strike or beat a drum in order to create a rhythmic sound.,aconsejar o golpear un tambor para crear un sonido rítmico.,tambor
1739,Lacking strength or vigor.,Falta de fuerza o vitalidad.,débil
1740,a period of time set aside for a specific activity or task,un período de tiempo establecido para una actividad o tarea específica,sesión
1741,a feeling of great enthusiasm and eagerness.,un sentimiento de gran entusiasmo y ansia.,emoción
1742,to slip or fall in order to land on one's buttocks,resbalar para caer en el suelo con los glúteos,resbalar
1743,a rectangular area of land surrounding a house or other building.,una zona rectangular de tierra circundando una casa o edificio.,patio
1744,A change in position or movement,Un cambio de posición o movimiento,movimiento
1745,to put something or someone in the place of another,sustituir algo o a alguien por otro,reemplazar
1746,a payment made to release someone from custody,un pago hecho para liberar a alguien de la custodia,fianza
1747,full of energy and life,llevando energía y vida,activo/activa
1748,"relating to or characteristic of science, technology, engineering, and mathematics","relacionado con o característico de las ciencias, tecnología, ingeniería y matemáticas",técnico/técnica
1749,to press a lever or button to control the flow of liquid,presionar una manija o botón para regular el flujo de líquido,grifo
1750,"A calendar is a system of organizing days into units called months, weeks, and years.","Un calendario es un sistema de organizar días en unidades llamadas meses, semanas y años.",calendario
1751,the state of having a great deal of money or material possessions.,el estado de tener una gran cantidad de dinero o bienes materiales.,riqueza
1752,to determine the nature or characteristics of something,determinar la naturaleza o características de algo,identificar
1753,A television is a device for receiving and displaying video and audio content.,Una televisión es un dispositivo para recibir y mostrar contenido de video y audio.,tele
1754,to investigate or search something carefully,investigar o buscar algo con cuidado,explorar
1755,The act of providing amusement or enjoyment,El acto de proporcionar entretenimiento o diversión,entretenimiento
1756,a collection of recorded video or film,una colección de video o cine grabado,metraje
1757,a person responsible for the safety and security of a place or thing,una persona responsable de la seguridad y seguridad de un lugar o cosa,guardia
1758,the state of being quiet or free from noise.,el estado de ser silencioso o libre de ruido.,silencio
1759,"requiring a great deal of time, effort, or skill to accomplish.",demasiado difícil de lograr o realizar.,desafiante
1760,A vehicle designed to travel through space and return safely to Earth.,Un vehculo disenado para viajar a travis de espacio y regresar de manera segura a la Tierra.,cohete
1761,A female sibling of one's mother,La hermana femenina de una madre,tía
1762,A type of fossil fuel used for heating and electricity generation.,Un tipo de combustible fósil utilizado para calefacción y generación de energía.,carbón
1763,causing dispute or disagreement,causando disputa o desacuerdo,controvertido/controvertida
1764,the quality or state of being important,la calidad o estado de ser importante,importancia
1765,A wide strap or band used to hold up clothing.,Un ancho cinturón o cinta utilizada para sostener la ropa.,cinturón
1766,Characterized by old age or advanced years.,Caracterizado por viejo o anciano de edad.,anciano/anciana
1767,located at a distance; inaccessible,ubicado a una distancia; inaccesible,remoto/remota
1768,to engage in an activity or competition with others in order to win or achieve a goal,participar en una actividad o competencia con otros para ganar o lograr un objetivo,competir
1769,a device used for voice communication over long distances,un dispositivo utilizado para comunicación por voz sobre distancias largas,teléfono
1770,The way someone or something looks.,La forma en que alguien o algo se parece.,apariencia
1771,a large building for storing farm equipment or livestock,una gran estructura para almacenar equipo de agricultura o animales,granero
1772,A person entrusted with the care or custody of something,Un individuo confiado con el cuidado o la custodia de algo,guardián/guardiana
1773,to trust or depend on someone or something,confiar en alguien o algo significa apoyarse en su palabra o acción,confiar
1774,extremely bad or unpleasant,muy malo o incómodo,grave
1775,Lacking refinement or experience.,Falta de refinamiento o experiencia.,crudo/cruda
1776,"A continuous movement of fluid, such as water or air.","Un movimiento continuo de líquido, como agua o aire.",flujo
1777,a sum of money borrowed from someone with the promise to repay it,una cantidad de dinero prestada por alguien con la promesa de devolverlo,préstamo
1778,A blow or strike with the fist.,Un golpe o golpe seco con la mano.,golpe
1779,A sudden increase in energy or strength,Un aumento repentino de energía o fuerza,impulso
1780,A large-scale project involving the assembly of materials to create a new structure.,Un gran proyecto que implica la asamblea de materiales para crear una nueva estructura.,construcción
1781,a state of being faultless and flawless,un estado de ser inmaculado y sin defectos,perfección
1782,"A solemn and formal occasion, such as a wedding or graduation","Un evento formal y solemnes, como una boda o graduación",ceremonia
1783,the property or thing that is inherited from a previous generation,la propiedad o cosa que se hereda de una generación anterior,legado
1784,"A long, usually vertical, piece of wood or metal used to support something.","Un largo, generalmente vertical, trozo de madera o metal utilizado para apoyar algo.",polo
1785,a magical formula or set of words used to achieve a specific goal,una fórmula mágica o conjunto de palabras utilizadas para lograr un objetivo específico,hechizo
1786,A refrigerator is an appliance used to keep food and drinks cool.,Un refrigerador es un electrodoméstico utilizado para mantener alimentos y bebidas frescos.,refrigerador
1787,"a particular case or example of a person, thing, or situation","una caso o ejemplo específico de una persona, cosa o situación",instancia
1788,A sustained increase in the general price level of goods and services in an economy.,Un aumento sostenido del nivel general de precios de bienes y servicios en una economía.,inflación
1789,a building or room for showing movies,un edificio o sala para proyectar películas,cinema/cine
1790,a permit or license issued by a government agency to operate a vehicle.,una licencia o permiso emitido por una agencia gubernamental para conducir un vehülo.,licencia
1791,causing a strong feeling of surprise or shock,provocando un fuerte sentimiento de sorpresa o choque,impactante
1792,belonging to us,aparteneciente a nosotros,nuestro/nuestra
1793,"to endure or withstand pain, difficulty, or a hard situation","sufrir algo o estar expuesto a un dolor, dificultad o situación difícil",sufrir
1794,"the state of being free from pain, anxiety, or worry","el estado de no sentir dolor, ansiedad o preocupación",consuelo
1795,the central part of something,el centro de algo,núcleo
1796,to do something again or again and again,hacer algo de nuevo o de nuevo y de nuevo,repetir
1797,"a low, humming sound like the noise made by a bee or insect",un bajo zumbido como el ruido hecho por una abeja o insecto,zumbido
1798,The fifth note in a musical scale is often used as a reference point.,El quinto número de una escala musical es a menudo utilizado como un punto de referencia.,quinto/quinta
1799,Having the same amount or degree as something else.,Teniendo la misma cantidad o grado que algo más.,igual
1800,A person's character or nature.,La personalidad de una persona,personalidad
1801,"The period of life when a child is developing physically, emotionally, and cognitively.",El período de vida cuando un niño se está desarrollando física y emocionalmente,infancia
1802,A being of living tissue and organs that grows in a specific shape to perform a particular function.,Un ser de tejido y órganos vivos que se desarrolla en una forma específica para cumplir una función.,criatura
1803,A substance or preparation used to prevent or cure a disease.,Un sustancia o preparacion utilizada para prevenir o curar una enfermedad.,medicina
1804,a sudden jump upward,un salto repentino hacia arriba,salto
1805,to pursue someone or something in order to catch them,sostener una búsqueda de alguien o algo para alcanzarlo,perseguir
1806,a structure consisting of vertical posts and railings that enclose an area,una estructura formada por postes verticales y rejas que delimitan un espacio,valla
1807,a large and impressive church,una gran y impresionante iglesia,catedral
1808,a dry and often hot region of land,una región árida y a menudo caliente de tierra,desierto
1809,Reliable in nature; not likely to change or deteriorate.,Fiable en naturaleza; no apto a cambiar o deteriorarse.,estable
1810,a vehicle for hire by the meter,un vehculo de alquiler por metro,taxi
1811,a strong feeling of displeasure or hostility,un fuerte sentimiento de descontento o hostilidad,ira
1812,to find a solution to a problem,encontrar una solución a un problema,resolver
1813,to give a response to something said or done.,dar una respuesta a algo dicho o hecho.,responder
1814,a length of flexible cord or string,una longitud de cinta o cuerda flexibles,cuerda
1815,The act of offering or submitting a bid for something.,El acto de ofrecer o presentar una oferta para algo.,licitación
1816,Not in accordance with the truth or facts,No en armonia con la verdad o los hechos,incorrecto/incorrecta
1817,a state of being extremely cold,un estado extremadamente frío,congelación
1818,to have a natural connection or relationship with something,tener una conexión natural o relación con algo,pertenecer
1819,a prohibition or official restriction,una prohibición o restricción oficial,prohibición
1820,The act of burning tobacco,El acto de quemar tabaco,fumar
1821,not guilty of any wrongdoing; free from fault or blame.,inocente de cualquier malo; libre de defectos o culpas.,inocente
1822,relating to or consisting of a shared space or area.,relacionado con o formando un espacio o área compartida.,conjunto/conjunta
1823,A type of root used in cooking and medicine.,Una raíz utilizada en la cocina y medicina.,jengibre
1824,to produce a mirror image or a representation of something,producir una imagen o representación de algo en un espejo,reflejar
1825,the act of jumping up and down quickly,el acto de saltar hacia arriba y hacer giros,rebote
1826,causing physical or emotional suffering,producir sufrimiento físico o emocional,doloroso/dolorosa
1827,to cut something into small pieces,cortar algo en pedazos pequeños,cortar
1828,a secret relationship between two people,una relación secreta entre dos personas,asunto
1829,to make something certain or sure,hacer algo seguro o cierto,confirmar
1830,a program or policy aimed at reducing government spending and cutting costs.,un programa o política destinada a reducir las inversiones gubernamentales y cortar costos.,austeridad
1831,The process of determining the current or prospective value of something.,El proceso de determinar el valor actual o futuro de algo.,valoración
1832,to examine or gather information about something carefully,examinar o recopilar información sobre algo con cuidado,investigar
1833,A type of flying mammal.,Un tipo de mamífero volador.,murciélago
1834,A spoon is a kitchen utensil used for eating and serving food.,Una cuchara es un utensilio de cocina utilizado para comer y servir alimentos.,cuchara
1835,made of wood,hecho de madera,de madera
1836,pleasantly attractive or appealing,atractivo o atractiva de manera encantadora,encantador/encantadora
1837,The ceiling is the upper surface of a room.,El techo es la superficie superior de una habitación.,techo
1838,causing feelings of shame or embarrassment,causando sentimientos de vergonzosa,vergonzoso/vergonzosa
1839,occurring or done once a year.,ocurring or done anualy.,anual
1840,to bring together in one place,llevar a reunir en un lugar,reunir
1841,characterized by or giving an impression of luxury and refinement.,caracterizado por o que da una impresión de lujo y refinamiento.,elegante
1842,slightly less in amount or degree,leve en cantidad o grado,leve
1843,the act of producing images or text on paper or screen,el proceso de producir imágenes o texto en papel o pantalla,impresión
1844,"A weapon is an object or device that is used to harm, threaten, or defend against others.","Un arma es un objeto o dispositivo utilizado para herir, amenazar o defender contra otros.",arma
1845,extremely unorthodox or unconventional in an acceptable way,extremadamente inusual o no convencional en un sentido aceptable,radical
1846,to convey or communicate a meaning or feeling in a clear and direct way,expresar un sentimiento o idea de manera clara y directa,expresar
1847,a device for counting or displaying quantities,un dispositivo para contar o mostrar cantidades,mostrador
1848,A phrase is a group of words that expresses an idea or feeling.,Una frase es un grupo de palabras que expresa una idea o sentimiento.,frase
1849,a supernatural being often depicted as a benevolent messenger of God.,una entidad sobrenatural a menudo representada como un mensajero benévolo de Dios.,ángel
1850,a basic truth or a fundamental rule that applies to all situations,un principio básico o una regla fundamental que se aplica en todas las situaciones,principio
1851,A person who assists others by providing information or advice.,Una persona que asiste a otros proporcionando información o consejo.,asistente
1852,"A thin, flexible thread of metal used for conducting electricity.",Un filo delgado de metal utilizado para transmitir corriente eléctrica.,cable
1853,neat and organized in a careful and methodical way.,ordenado y organizado de manera cuidadosa y metódica.,ordenado/ordenada
1854,a pair of trousers worn for casual or athletic purposes,una pareja de pantalones para uso informal o deportivo,pantalones
1855,A jacket is a garment that covers the upper body.,Una chaqueta es un artículo de vestir que cubre el cuerpo superior.,chaqueta
1856,a small piece of cloth worn around the neck for warmth or to add a decorative touch,un trozo pequeño de tela que se viste alrededor del cuello para calentar o agregar un toque decorativo,tipo
1857,A room or department in a hospital for patients who require specialized care.,Un espacio o departamento en un hospital para pacientes que necesitan atención especializada.,sala
1858,A tool used for applying paint or other substances to a surface.,Un instrumento utilizado para aplicar pintura o otros sustancias a una superficie.,cepillo
1859,the act of acting or presenting on behalf of someone or something,el acto de actuar o presentar en nombre de alguien o algo,representación
1860,"A periodical publication containing articles, reviews, and advertisements.","Una publicacion periodica que contiene artculos, reseñas y anuncios.",revista
1861,relating to or based on scientific knowledge and methods.,relacionado con o basado en conocimiento y métodos científicos.,científico/científica
1862,a person who is running for an election or position,un hombre o mujer que se postula para un cargo o elección,candidato/candidata
1863,A leaf is a small part of a plant that grows from a bud and contains the necessary parts for photosynthesis.,Una hoja es una pequeña parte de un árbol que se forma desde un tallo y contiene los elementos necesarios para la fotosíntesis.,hoja
1864,relating to or characteristic of the Mediterranean region,relacionado con o característico del Mediterráneo,oliva
1865,A deep reddish-purple color.,Un color rojizos-azulado intenso.,púrpura
1866,"a small to medium-sized earless mammal that lives in the ocean and feeds on fish, squid, and other marine animals.","un pequeño a marillazo mamífero que vive en el océano y se alimenta de peces, calamares y otros animales marinos.",foca
1867,relating to or based on what is considered right or just,relacionado con o basado en lo que se considera recto o justo,moral
1868,The department responsible for the management and operation of an organization or government.,El departamento responsable de la gestión y operación de una organización o gobierno.,administración
1869,a decrease in amount or degree,una disminución en cantidad o grado,reducción
1870,a person who sees or hears something and can give evidence about it,un hombre o mujer que ve o escucha algo y puede dar testimonio sobre ello,testigo
1871,A payment or gesture of respect and admiration for someone or something.,Un pago o gesto de respeto y admiración hacia alguien o algo.,tributo
1872,A formal investigation to collect information or opinions.,Una investigación formal para recopilar información o opiniones.,encuesta
1873,"Of or relating to the Middle Ages, a period of European history from around the 5th to the 15th century.","Relativo al período medieval, una época de la historia europea que abarca aproximadamente los siglos V al XV.",medieval
1874,"The study of the Earth's physical features, including its lands, waters, and atmosphere.","El estudio de las características físicas de la Tierra, incluyendo sus tierras, agua y atmósfera.",geografía
1875,the state of being hard to learn or do,el estado de ser difícil de aprender o realizar,dificultad
1876,A cylindrical container used for transporting liquids or gases.,Un recipiente cilíndrico utilizado para transportar líquidos o gases.,tubo
1877,a male mammal of the cattle family known for its strength and aggressive behavior.,un animal macho de la familia del ganado conocido por su fuerza y comportamiento agresivo.,toro
1878,"a type of plant with a strong, pungent flavor used in cooking.",una planta de tipo que tiene un fuerte sabor picante utilizado en la cocina.,cebolla
1879,A person who performs manual or intellectual labor for pay.,Un persona que realiza trabajo manual o intelectual a cambio de salario.,trabajador/trabajadora
1880,relating to something that can be rented out,relacionado con algo que puede ser alquilado,alquiler
1881,A laboratory is a facility where scientific research and experimentation are conducted.,Un laboratorio es una instalación donde se realizan investigaciones y experimentos científicos.,laboratorio
1882,the result or consequence of a particular action,el resultado o consecuencia de una acción en particular,resultado
1883,the circumstances that surround or affect something,los circunstancias que rodean o afectan algo,contexto
1884,A collection of artworks displayed in a public space.,Una colección de obras de arte exhibidas en un espacio público.,galería
1885,the organ that digests food and drinks,el órgano que digiere alimentos y bebidas,estómago
1886,"An examination of a subject or matter by an expert, often for the purpose of providing guidance or advice.","Un examen de un tema o asunto por parte de un experto, con el fin de proporcionar orientación o consejo.",consulta
1887,"a show or display of artworks, collections, or other items","una exhibición o espectáculo de obras de arte, colecciones o otros elementos",exhibición
1888,the ability to form mental images of things or situations,la capacidad de formar imágenes mentales de cosas o situaciones,imaginación
1889,a test or trial to assess the quality or suitability of something,una prueba o ensayo para evaluar la calidad o aptitud de algo,prueba
1890,"A person who specializes in the design of products, fashion, or other creative endeavors.","Un profesional que se especializa en el diseño de productos, moda o otras creaciones artísticas.",diseñador/diseñadora
1891,the state of being in time or happening at the right moment,el estado de estar a tiempo o sucediendo en el momento adecuado,cronometraje
1892,"a legendary creature typically depicted as a large, fire-breathing reptile with wings.",una criatura legendaria comúnmente representada como una gran serpiente reptil con alas que respira fuego.,dragón
1893,A place where vehicles can be parked and secured.,Un lugar donde los vehículos pueden estacionarse y estar seguros.,estacionamiento
1894,to give up resentment or anger towards someone who has wronged you,dar de por bien a alguien que te ha hecho daño,perdonar
1895,A connection or link between two or more things.,Una conexión o vínculo entre dos o más cosas.,relación
1896,relating to a specific geographic area or region.,relacionado con una zona geográfica específica o región.,regional
1897,relating to or consisting of the most basic or fundamental elements.,relacionado con o compuesto por los elementos más básicos o fundamentales.,fundamental
1898,the way in which someone sees or interprets a situation,la forma en que alguien ve ointerpreta una situación,perspectiva
1899,Lacking tact or courtesy.,Falta de tacto o cortesía.,grosero/grosera
1900,A person who holds public office and is responsible for making laws.,Una persona que ocupa un cargo público y se encarga de hacer leyes.,político/política
1901,the act of moving from one country to another,el proceso de mudarse de un país a otro,inmigración
1902,the animal that is being hunted,el animal que se está cazando,presa
1903,A device is a thing that is used for a particular purpose.,Un dispositivo es una cosa que se utiliza para un fin determinado.,dispositivo
1904,A firm acceptance that something exists or is true.,Una aceptación firme de que algo existe o es cierto.,creencia
1905,to have a debt or financial obligation to pay,tener una deuda o obligación financiera que pagar,deber
1906,"a path or route through terrain, especially for walking or hiking","un camino o ruta a través del terreno, especialmente para caminar o hacer senderismo",sendero
1907,the amount of money or value that is at risk if a bet or wager loses,la cantidad de dinero o valor que está en riesgo si una apuesta o apuesto pierde,participación
1908,having a strong tendency to stick together or attach to something,teniendo una fuerte tendencia a unirse o adherirse a algo,pegajoso/pegajosa
1909,The process of making something warmer,El proceso de hacer algo más cálido,calefacción
1910,A person who buys or uses a product or service.,Un consumidor es una persona que compra o utiliza un producto o servicio.,consumidor/consumidora
1911,A narrative or story told for entertainment.,Un relato o historia contada para entretenimiento.,cuento
1912,having or showing a strong impression of wonder or excitement,teniendo o mostrando una fuerte impresión de asombro o emoción,mágico/mágica
1913,a statement or idea that is absurd or ridiculous.,un argumento o idea absurda o ridícula.,tonterías
1914,extending or enlarging something further,añadiendo o ampliando algo más,adicional
1915,"A mill is a machine for grinding or crushing materials into flour, sugar, etc.","Un molino es una máquina para moler o triturar materiales en harina, azúcar, etc.",molino
1916,"A female performer or actor in a film, television show, or theater production.","Una actriz es una mujer que interpreta roles de actuación en producciones cinematográficas, televisivas o teatrales.",actriz
1917,a small slice of bread that has been toasted until crispy.,una pequeña porción de pan que se ha tostado hasta ser crujiente.,tostada
1918,not fair or just,no justo o justo,injusto/injusta
1919,to take something for a short time without paying for it,tomar algo temporalmente sin pagar por ello,pedir prestado
1920,A lottery is a system in which participants pay money to have the opportunity to win a large sum of money.,Una lotería es un sistema en el que los participantes pagan dinero para tener la oportunidad de ganar una gran suma de dinero.,lotería
1921,A container for holding flowers or other objects.,Un recipiente para sostener flores o otros objetos.,jarrón
1922,A type of fruit commonly eaten in salads and sauces.,Una variedad de fruta comúnmente consumida en ensaladas y salsas.,tomate
1923,A device that produces a loud sound to wake people up at a specified time.,Un dispositivo que produce un fuerte sonido para despertar a las personas a una hora especificada.,alarma
1924,having or experiencing a streak of bad luck,teniendo o experimentando una serie de mala suerte,desafortunado/desafortunada
1925,The grounds of a building are the area immediately surrounding it.,El terreno de un edificio son las áreas inmediatas que lo rodean.,terreno
1926,relating to or characteristic of a funeral,relacionado con o característico de un fúnebre,fúnebre
1927,"to manage or control something, especially a machine or system","managear o controlar algo, especialmente una máquina o sistema",operar
1928,a formal statement made to the public about something,una declaración formal hecha a la pública sobre algo,anuncio
1929,a plan for eating in order to achieve weight loss or improve health.,un plan para comer con el fin de perder peso o mejorar la salud.,dieta
1930,of or relating to the uppermost part of a building,del parte superior de un edificio,ático
1931,to feel sorry for something that has happened or been done,sentirse arrepentido,lamentar
1932,a person who runs for exercise or competition,una persona que corre para ejercicio o competencia,corredor/corredora
1933,remaining unchanged over time,permaneciendo constante a lo largo del tiempo,constante
1934,a fixture for washing dishes,un mueble destinado a lavar los platos,fregadero
1935,showing or feeling kindness and willingness to help others,muestando o sintiendo amabilidad y voluntad de ayudar a otros,generoso/generosa
1936,the act of passing something or someone from one place to another,el acto de pasar algo o alguien de un lugar a otro,transferencia
1937,a group of animals of the same species that have been developed over time through selective breeding,un grupo de animales de la misma especie que se han desarrollado a lo largo del tiempo a través de la selección artificial,raza
1938,a condition of extremely low temperatures,un estado de temperaturas extremadamente bajas,congelación
1939,A deer is a type of hoofed mammal.,El ciervo es un tipo de mamífero con huellas delgadas.,ciervo
1940,"A small piece of fried or baked food, typically made from a potato.","Un pequeño trozo de comida frita o asada, a menudo hecha con papas.",chip
1941,A state of intense suffering or misfortune.,Un estado de sufrimiento intenso o mala fortuna.,tragedia
1942,relating to or based on the principles of democracy.,relacionado con o basado en los principios de democracia.,democrático/democrática
1943,The possession of something gives someone the right to use or benefit from it.,La posesión de algo le da a alguien el derecho a utilizar o beneficiarse de él.,posesión
1944,the highest point of a mountain or hill,la parte más alta de una montaña o colina,cima
1945,a long hollow tube used for conveying liquids or gases,un tubo largo y hueco utilizado para conducir líquidos o gases,tubo
1946,showing signs of being used or handled frequently.,mostrando signos de haber sido utilizado o manejado con frecuencia.,gastado/gastada
1947,lasting for a short time,durando un tiempo breve,breve
1948,A cousin is the child of one's parent's sibling.,El primo es el hijo de un hermano o hermana de uno,primo/prima
1949,a small metal fastener used to attach or hold something in place.,un pequeño gancho metálico utilizado para unir o sostener algo en su lugar.,alfiler
1950,The knee is the joint that connects the lower leg bones to the thigh bone.,La rodilla es el hueso que conecta los huesos del muslo con la parte superior del fémur.,rodilla
1951,a small device used to hold or fasten things together,un pequeño dispositivo utilizado para sostener o unir cosas,clip
1952,A regular or repeated pattern of sounds or movements.,Un patrón regular o repetido de sonidos o movimientos.,ritmo
1953,to draw or pull someone or something towards oneself,atraer o atraer hacia sí mismo algo o a alguien,atraer
1954,located below something,ubicado debajo de algo,debajo de
1955,extremely good or impressive,extremadamente bueno o impresionante,glorioso/gloriosa
1956,A group of options or alternatives considered and chosen.,Un conjunto de opciones o alternativas consideradas y elegidas.,selección
1957,the accomplishment or attainment of a goal,el logro o alcanzamiento de un objetivo,logro
1958,a jump or plunge into a liquid or deep place,un salto o caída en un líquido o lugar profundo,buceo
1959,to swear is to make a false promise or affirmation,jurar significa hacer un falso juramento o afirmando,jurar
1960,to bestow spiritual favor or protection on someone or something,dar un bendecimiento espiritual o protección a alguien o algo,bendecir
1961,"A reddish-brown color, especially of the metal.","Un color rojizo-verdoso, especialmente del metal.",cobre
1962,A person employed to investigate crimes and solve cases.,Un individuo destinado a investigar delitos y resolver casos.,detective
1963,having or showing a strong enthusiasm and interest in something.,teniendo o demostrando un fuerte entusiasmo y interés en algo.,apasionado/apasionada
1964,A waste product eliminated from the body through defecation.,Un producto de desecho eliminado del cuerpo a través de la excreción.,caca
1965,A unit of length equal to one thousandth of a metre,Unidad de longitud equivalente a un milésimo de metro,metro
1966,A message or indication sent to convey information.,Un mensaje o indicación enviada para comunicar información.,señal
1967,a place where wild animals are kept in cages,un lugar donde se llevan en jaulas animales salvajes,zoológico
1968,A periodic rising and falling of the sea level caused by the gravitational pull of the moon.,Un período ascendente y descendiente del nivel del mar causado por la atracción gravitatoria de la luna.,marea
1969,A length of material used for tying or fastening things.,Una longitud de material utilizado para atar o fijar cosas.,cuerda
1970,"A cue sport played on a rectangular table covered in cloth, with the objective of scoring points by potting balls with a cue stick.","Un deporte de mesa que se juega en una tabla rectangular cubierta con tela, con el objetivo de marcar puntos al meter pelotas con un palo de bate.",snooker
1971,A directive given to someone having authority over another.,Un orden dado a alguien que tiene autoridad sobre otro.,comando
1972,to practice or train something,practicar o entrenar algo,practicar
1973,A popular Italian dish made from a flatbread crust topped with tomato sauce and various cheeses.,Un plato italiano muy popular hecho con una base de pan plano cubierto con salsa de tomate y diferentes queses.,pizza
1974,A substance that flows freely and has no fixed shape or volume.,Un sustancia que fluye libremente y tiene forma o volumen variable.,líquido
1975,a cause of a lawsuit,una causa de litigio,ofensa
1976,A coffee shop or restaurant where food and drinks are served.,Un café o restaurante donde se sirven alimentos y bebidas.,café
1977,The act of deceiving or cheating people in a serious way.,El acto de engañar o estafar a las personas de manera seriosa.,fraude
1978,occurring or requiring action immediately without delay.,ocurriendo o requiriendo acción de inmediato sin retraso.,inmediato/inmediata
1979,the act or process of giving something to a cause or organization,el acto o proceso de dar algo a una causa o organización,contribución
1980,"A floor covering made of thick woven or tufted material, typically made from wool or synthetic fibers.","Un cubierta de piso hecha de material grueso tejido o embreado, típicamente hecho de lana o fibras sintéticas.",alfombra
1981,A balloon is an inflated object that can float in the air.,Un globo es un objeto inflado que puede flotar en el aire.,globo
1982,to flow or move continuously in a steady stream,verter,verter
1983,a cushion is a soft material or object that provides support and comfort for the body.,un cojín es un material o objeto suave que proporciona apoyo y confort para el cuerpo.,cojín
1984,a notice or message left in mind to take action at a future time.,un recordatorio o mensaje dejado en la mente para tomar acción en un momento futuro.,recordatorio
1985,A bundle of nerve fibers that carries electrical signals from the cell to the rest of the body.,Un conjunto de fibras nerviosas que transportan señales eléctricas desde la célula hasta el resto del cuerpo.,nervio
1986,showing a sense of mischief or impertinence.,mostrando un sentido de maledicción o impertinencia.,descarado/descarada
1987,a machine that converts energy into motion,un dispositivo que convierte energía en movimiento,motor
1988,not making any sound,no hacer ruido,silencioso/silenciosa
1989,having a small width or length,teniendo una estrechez o longitud pequeña,estrecho/estrecha
1990,the primary female parent of a child,la madrastra primaria de un hijo,mamá
1991,A seed is the part of a plant from which a new plant grows.,Una semilla es la parte de un planta desde la que crece una nueva planta.,semilla
1992,a person considered to embody evil or malevolence,una persona que se considera representar el mal o la maldad,diablo
1993,Herds of cattle grazed in the nearby field.,El ganado pastiza en el campo cercano.,ganado
1994,a strong feeling of longing or wish for something,un fuerte sentimiento de anhelo o deseo para algo,deseo
1995,"to produce a high-pitched sound, typically to signal or attract attention.","producir un sonido agudo, generalmente para señalizar o atraer atención.",silbar
1996,A polite title of respect used to address an older woman.,Un título de respeto utilizado para dirigirse a una mujer mayor.,señora
1997,A type of pants designed to be worn over other clothing.,Un tipo de pantalones diseñado para ser llevado sobre otros vestimentas.,pantalones
1998,"The study of the collection, analysis, interpretation, presentation, and organization of data.","El estudio de la recopilación, análisis, interpretación, presentación y organización de datos.",estadísticas
1999,having or showing a strong tendency to fight or be violent.,teniendo o demostrando una fuerte tendencia a luchar o ser violento.,agresivo/agresiva
2000,A festive occasion such as a wedding or birthday.,Una ocasión festiva como una boda o cumpleaños.,celebración
2001,a group of people sharing common characteristics or interests,un grupo de personas que comparten características o intereses comunes,gente
2002,"A type of small, usually eight-legged arachnid.",Un tipo de pequeñ aracnoide con ocho piernas.,araña
2003,extremely strong or powerful in quality or effect.,muy fuerte o potente en calidad o efecto.,intenso/intensa
2004,"relating to or at the beginning of a process, period, or operation.","relacionado con o al comienzo de un proceso, período o operación.",inicial
2005,A group of people singing in harmony.,Un grupo de personas que cantan en armonía.,coro
2006,a fuel used to power vehicles and other machinery.,un combustible utilizado para impulsar vehículos y otros maquinarios.,gasolina
2007,to cause something to be ruined or made unusable.,causar que algo esté destruido o esté inutilizable.,destruir
2008,to take something for granted or to consider it as true,considerar algo como cierto o adoptarlo como válido,asumir
2009,not able to do something,no capaz de hacer algo,incapaz
2010,to deliberately leave something alone or not pay attention to it,"dejar algo o a alguien intente deliberadamente, o no prestar atención a él",ignorar
2011,mischievous or disobedient,travieso o desobediente,travieso/traviesa
2012,the ability to stay alive and cope with difficult situations,la capacidad de sobrevivir y afrontar situaciones difíciles,supervivencia
2013,A sweet course served at the end of a meal,Un postre dulce servido en la parte final de una comida,postre
2014,very attractive or appealing,muy atractivo o atractiva,sexy
2015,a general idea or underlying principle that helps explain something,una idea general o principio subyacente que ayuda a explicar algo,concepto
2016,A person who gathers and disseminates news or information.,Un individuo que recopila y difunde noticias o información.,reportero/reportera
2017,the result of adding two or more numbers together,el resultado de sumar dos o más números juntos,suma
2018,located at the back of something,ubicado en la parte trasera de algo,trasero/trasera
2019,"Oxygen is a colorless, odorless gas essential for human life.",El oxígeno es un gas incoloro y olorlessimo fundamental para la vida humana.,oxígeno
2020,a particular way in which something exists or is experienced,una forma particular en que algo existe o se experimenta,aspecto
2021,a high standard of comfort and style,un alto estándar de comodidad y estilo,lujo
2022,a long-distance running race,una carrera de larga distancia de carreras a pie,maratón
2023,a person who lives or works in the same area as another,una persona que vive o trabaja en el mismo área que otra,vecino/vecina
2024,a person who died but is still believed to exist as a spirit,una persona que murió pero sigue creído como un espíritu,fantasma
2025,a musical performance by a singer or band,una actuación musical por un cantante o una banda,concierto
2026,"A tunnel is a passage through which vehicles, pedestrians, or other objects can travel underground.","Un túnel es una pasareja subterránea que permite el paso de vehículos, peatones o otros objetos",túnel
2027,A person who represents a client in legal matters.,Una persona que representa a un cliente en asuntos legales.,abogado/abogada
2028,having or showing kind and tolerant nature,teniendo o demostrando una naturaleza amable y tolerante,suave/amable
2029,a person who creates written works such as books or articles,una persona que crea obras escritas como libros o artículos,autor/autora
2030,to make something easier or less difficult,facilizar o hacer algo menos difícil,facilidad
2031,A affectionate term for a young girl or an older woman considered endearing.,Un término cariñoso para una niña joven o una mujer mayor considerada encantadora.,bebé
2032,"A symbol is a sign or character used to represent an idea, object, or concept.","Un símbolo es una señal o carácter utilizado para representar una idea, objeto o concepto.",símbolo
2033,"A heap of objects or materials,",,pila
2034,A small piece of fabric or material used to repair a hole in something.,Un pequeño trozo de tela o material utilizado para reparar una agujera en algo.,parche
2035,relating to the management and control of public finances.,relacionado con el manejo y control de las finanzas públicas.,fiscal
2036,the act of giving and receiving something in return,el acto de dar y recibir algo a cambio,intercambio
2037,"The person who will inherit a title, property, or business after the death of the previous owner.","El persona que heredará un tía, propiedad o negocio despuí de la muerte del anterior propietario.",heredero/heredera
2038,to cook or season food in a sauce,cocinar o condimentar comida en una salsa,curry
2039,relating to or characteristic of a parliamentary system,relacionado con o característico de un sistema parlamentario,parlamentario/parlamentaria
2040,to assess the similarity or difference between things,evaluar la similitud o diferencia entre cosas,comparar
2041,A sausage is a type of cured meat.,Una salchicha es un tipo de carne curada.,salchicha
2042,the point at which one enters a building or other structure,el punto de entrada en un edificio o estructura,entrada
2043,to persuade someone to do or believe something,convencer a alguien para que haga o crea algo,convencer
2044,relating to the present time or era.,relacionado con el tiempo presente o era.,contemporáneo/contemporánea
2045,a sturdy and long-lived deciduous tree native to many parts of the world,un árbol resistente y largo de vida de hoja decidua originario de muchas partes del mundo,roble
2046,to pull or rend apart,llorar o rasgar,lágrima
2047,unpleasant to look at; unattractive,desagradable de aspecto; fea,feo/fea
2048,the act of digging or excavating something,el acto de excavar o excavar algo,excavación
2049,A rodent that is often considered a pest.,Un roedor que a menudo se considera una plaga.,rata
2050,relating to the sun,relacionado con el sol,solar
2051,"Relating to or characteristic of an earlier period in history, often referring to objects that are old and valuable.","Relacionado con o característico de un período anterior en la historia, a menudo haciendo referencia a objetos que son antiguos y valiosos.",antiguo/antigua
2052,a segment of a TV series or other work,un segmento de una serie de televisión o otro trabajo,episodio
2053,The maximum amount of something that can be used or produced.,La cantidad máxima de algo que se puede utilizar o producir.,capacidad
2054,"A person who reports news and other events in a newspaper, magazine, or online publication.",Un periodista es un profesional que recopila y presenta noticias de manera objetiva.,periodista
2055,a device or tool used to create music,un dispositivo o herramienta utilizada para crear música,instrumento
2056,to have a strong effect on someone's mind or feelings.,dejar una fuerte impresión en alguien.,impresionar
2057,a round or circular movement,un movimiento en forma de círculo o redondo,vuelta
2058,the inevitable course of events that will necessarily bring about a person's death.,el curso de vida inescapable que necesariamente conducirá al fin,destino
2059,the act of finding something new or unexpected,el acto de encontrar algo nuevo o inesperado,descubrimiento
2060,A type of sparkling wine typically served at special occasions.,Un tipo de vino espumoso comúnmente servido en ocasiones especiales.,champán
2061,extremely powerful or strong,extremadamente poderoso o fuerte,poderoso/poderosa
2062,A small pool of liquid or food left on the surface.,Una pequeña piscina de líquido o comida que queda en la superficie.,inmersión
2063,the act of preparing food in a hot oven,el proceso de preparar alimentos en un horno caliente,horneado
2064,strangely unusual or unexpected.,inusual o inesperado.,extraño/extraña
2065,requiring careful consideration or handling.,requiere consideración o manejo cuidadoso.,sensible
2066,the act of obtaining something without paying for it,el acto de obtener algo sin pagar por ello,préstamo
2067,Lasting for a very long time; not able to be changed or removed.,Duradero para un período muy largo; no susceptible de ser cambiado o eliminado.,permanente
2068,to cook food in an oven using dry heat.,coocinar alimentos en un horno usando calor seco.,hornear
2069,A basic structural and functional unit of an organism,Unidad básica estructural y funcional de un organismo,célula
2070,extending or having a wide scope or range.,teniendo un ancho o abarcando un amplio espectro.,amplio/amplia
2071,"A bright, shining metal alloy of copper and zinc.",Un brilloso metal aleado de cobre y zinc.,latón
2072,"A festive procession of people, usually with music and costumes.","Un desfile festivo de personas, a menudo con música y disfraces.",desfile
2073,a situation that is considered to be morally wrong and shocking,un problema que considera a muchos como moralmente incorrecto y chocante,escándalo
2074,A person who is trained to perform physical exercises in a sporting or competitive manner.,Un individuo que se ha entrenado para realizar ejercicios físicos en un contexto deportivo o competitivo.,atleta
2075,The main subject of a document or website.,El tema principal de un documento o sitio web.,contenido
2076,A piece of furniture for sitting or reclining,Un mueble para sentarse o recostarse,sofá
2077,A ribbon tied around a package or gift.,Un lazo colgado en un paquete o regalo.,arco/reverencia
2078,"A device or situation that is designed to catch and hold something, typically an animal or a person.","Un dispositivo o situación que se designa para atrapar y sostener algo, generalmente un animal o una persona.",trampa
2079,"A person who moves their body in a rhythmic and coordinated way, especially to music.","Un persona que mueve su cuerpo de manera ritmica y coordinada, especialmente al ritmo de la música.",bailarín/bailarina
2080,relating to or consisting of concrete,relacionado con o compuesto de concreto,concreto/concreta
2081,the process of making or constructing things,el proceso de hacer o construir cosas,fabricación
2082,A state of complete disorder and confusion.,Un estado de completo desorden y confusión.,caos
2083,A division is a separate part into parts of equal value or proportion.,Una división es una parte separada de partes iguales o proporciones.,división
2084,"to convince someone to do or believe something by using reason, emotion, or other means.","convencer a alguien de que haga o cree algo mediante razón, emoción o otros medios.",persuadir
2085,"The application of scientific and mathematical principles to the design, construction, and operation of systems, machines, and structures.","La aplicación de principios científicos y matemáticos a la diseño, construcción y operación de sistemas, máquinas y estructuras.",ingeniería
2086,the process of making something better or more efficient,el proceso de hacer algo mejor o más eficiente,mejora
2087,A place where animals take refuge or hide,Un lugar donde los animales buscan refugio o esconden,guarida
2088,A large vehicle for transporting goods or people.,Un vehículo grande para transportar mercancías o personas.,camión
2089,a group of military personnel who patrol a specific area or territory.,un grupo de personal militar que pasea por una zona o territorio específico.,patrulla
2090,a person or thing that offers a chance of success,una persona o cosa que ofrece una oportunidad de éxito,perspectiva
2091,"A long, curved fruit often eaten for breakfast.",Una fruta larga y curva a menudo comida para desayuno.,plátano
2092,to need or demand something as a condition for doing something else,ser necesario que algo se requiere para hacer algo más,requerir
2093,A portable structure made of fabric or other materials used for shelter.,Una estructura portátil hecha de tela o otros materiales utilizada para refugio.,tienda de campaña
2094,A venue is a place where an event or activity takes place,Un lugar es un sitio donde se lleva a cabo una actividad o evento,lugar
2095,a container made of plastic or metal for carrying liquids or solids.,un recipiente hecho de plástico o metal para llevar líquidos o sólidos.,cubeta
2096,A portable device that produces light,Un dispositivo portátil que produce luz,antorcha
2097,The bride was beautifully dressed for the wedding.,La novia se vistió con gran elegancia para el casamiento.,novia
2098,A feeling of anxiety or strain,Un sentimiento de ansiedad o tensión,tensión
2099,A loan from a lender that gives the borrower ownership of a property in exchange for regular payments.,Un préstamo del prestamista que le da al prestatario la propiedad de una propiedad en cambio por pagos periódicos.,hipoteca
2100,having a pleasing flavor,teniendo un sabor agradable,sabroso/sabrosa
2101,A means of transportation powered by pedaling,Un medio de transporte alimentado por el pedal,ciclo
2102,giving or feeling support for someone to do something,dando o sintiendo apoyo a alguien para hacer algo,alentador/alentadora
2103,the act of analyzing something critically,el acto de analizar algo criticamente,crítica
2104,"the act or process of promoting a product, service, or idea to potential buyers","el acto o proceso de promocionar un producto, servicio o idea a posibles compradores",publicidad
2105,"A presentation is a verbal or visual communication that presents information, ideas, or arguments to an audience.","Una presentación es una comunicación verbal o visual que presenta información, ideas o argumentos a un público.",presentación
2106,a temporary overflow of water that submerges land,un flujo repentino de agua que sumerge tierra,inundación
2107,a middle size or amount,una tamaño intermedio o cantidad,medio
2108,"a process used in team sports to organize and coordinate player movements, typically involving a circle of players.","un proceso utilizado en los deportes de equipo para organizar y coordinar los movimientos de los jugadores, típicamente involucrando un círculo de jugadores.",melé
2109,A person's profile is a summary of their characteristics and background information.,Un perfil es una suma de las características y la información de fondo de una persona.,perfil
2110,the act of showing approval or praise,el acto de mostrar aprobación o elogio,aplauso
2111,requiring great care to avoid damaging or hurting.,requiriendo gran cuidado para evitar dañar o lastimar.,delicado/delicada
2112,A jet is a type of aircraft engine that generates a high-speed exhaust gas flow.,Un jet es un tipo de motor aéreo que genera una gran flujo de gases de escape a alta velocidad.,jet
2113,a metal U-shaped fastener used for catching or holding something.,un gancho metálico en forma de U utilizado para atrapar o sujetar algo.,gancho
2114,A crustacean that lives in saltwater and is known for its sideways movement.,Un crustáceo que vive en agua salada y es conocido por su movimiento laterales.,cangrejo
2115,The quality that enables you to venture into the unknown or dare greatly.,La cualidad que te permite aventurarte en el desconocido o darte mucho valor,coraje
2116,the feeling or desire to do something ambitious,la sensación o deseo de lograr algo ambicioso,ambición
2117,to cease to be seen or heard,cecer de ser visto o escuchado,desaparecer
2118,to choose or pick something or someone,eligen o elige algo o a alguien,seleccionar
2119,The person who gave rise to a child.,El persona que dio origen a un hijo.,padre/madre
2120,providing assistance or support,proporcionar asistencia o apoyo,útil
2121,to have a differing opinion or view,tener una opinión o punto de vista diferente,discrepar
2122,a place where people can live while traveling or on business,un lugar donde las personas pueden vivir mientras viajan o se encuentran en una reunion de negocios,alojamiento
2123,a small rectangular piece of paper attached to an envelope to convey a message or pay postage.,un pequeño trozo de papel cuadrado pegado en una carta para transmitir un mensaje o pagar impuestos.,sello
2124,the act of operating a boat or ship,el acto de operar un barco o una nave,navegación
2125,A partnership is a collaborative relationship between two or more individuals or entities.,Una asociación es un acuerdo para trabajar juntos con dos o más personas o entidades.,asociación
2126,relating to the style of ancient Greece and Rome,relacionado con el estilo de la antigua Grecia y Roma,clásico/clásica
2127,A small body of still water,Un pequeño cuerpo de agua quieto,estanque
2128,a brief and sudden intense light,un breve y intenso resplandor,destello
2129,"A loud, harsh cry, often used to scare or surprise someone.","Un grito fuerte y áspero, a menudo utilizado para asustar o sorprender a alguien.",abucheo
2130,characterized by a lack of conflict or violence.,caracterizado por la ausencia de conflicto o violencia.,pacífico/pacífica
2131,relating to the customs and norms of a particular society or group.,relacionado con las costumbres y normas de una sociedad o grupo específico.,cultural
2132,a hole or depression in the ground,una granja o depresión en el suelo,foso
2133,"pleasantly warm and comfortable, like a well-stocked fireplace.","acogedor/acogedora: agradable y cálido, como un hogar bien calentado.",acogedor/acogedora
2134,A sudden and violent fall or implosion,Un colapso repentino y violento,colapso
2135,the act of determining or deciding something,el acto de determinar o decidir algo,juicio
2136,A regulation is a rule or standard that governs behavior or activity.,Una regulación es una norma o estándar que regula el comportamiento o actividad.,regulación
2137,"A value or amount that is equal to another value or amount in terms of quantity, importance, or effect.","Un valor o cantidad que es igual a otro valor o cantidad en términos de cantidad, importancia o efecto.",equivalente
2138,A celebration held to commemorate the first anniversary of a marriage or a significant event.,Una celebración para conmemorar el primer aniversario de un matrimonio o evento significativo.,aniversario
2139,A teenager is a person between the ages of 13 and 19.,Un adolescente es una persona entre las edades de 13 y 19 años.,adolescente
2140,of great importance or quantity,de gran importancia o cantidad,sustancial
2141,to exchange or replace something with something else,cambiar o reemplazar algo con algo más,intercambiar
2142,a burial place for a deceased person,un lugar de enterramiento para una persona fallecida,tumba
2143,used to introduce a comparison or opposition between two things,se utiliza para introducir una comparación o oposición entre dos cosas,versus
2144,relating to the sea or its inhabitants,relacionado con el mar o sus habitantes,marino/marina
2145,A formal evaluation of a person's or organization's abilities or performance.,Una evaluación formale de las habilidades o rendimiento de una persona o organización.,evaluación
2146,A piece of furniture with a back and arms for sitting on.,Un asiento con espalda y brazos para sentarse.,banco
2147,a place for holding or preserving things,un lugar para almacenar o preservar cosas,almacenamiento
2148,The act of deliberately ending one's own life.,El acto de matar intencionalmente a uno mismo.,suicidio
2149,A small amount of material remaining after something has been burned.,Una pequeña cantidad de material que queda después de algo haber sido quemado.,ceniza
2150,A survey used to collect opinions or information from a representative group of people.,Una encuesta realizada para recopilar opiniones o información de un grupo representativo de personas.,encuesta
2151,A level of quality or performance in an academic subject.,Un nivel de calidad o rendimiento en un tema académico.,grado
2152,causing pain or discomfort,causando dolor o incomodidad,duro/dura
2153,a long thin piece of food or other material cut from a whole thing,una pieza larga y delgada de alimento o otro material cortada de un todo,rebanada
2154,relating to or characteristic of the place where someone was born or grew up.,relacionado con o característico del lugar donde alguien nació o creció.,nativo/nativa
2155,A natural opening or hollow in a rocky hillside.,Un agujero natural en una loma rocosa.,cueva
2156,of or relating to beings from outer space,de o relacionado con seres de espacios exteriores,alienígena
2157,a type of Italian food made from dough and typically served with sauce or cheese.,un tipo de comida italiana hecha con harina y comúnmente servida con salsa o queso.,pasta
2158,A gentle wind blowing over the land.,Un suave viento que sopla sobre la tierra.,brisa
2159,a style of music characterized by its use of improvisation and syncopated rhythms.,un estilo de música caracterizado por su uso de improvisación y ritmos sincopados.,jazz
2160,precisely matching or corresponding to something exactly,correspondiendo o correspondiente exactamente,exacto/exacta
2161,relating to or originating from the Jewish people.,relacionado o procedente de los judíos.,judío/judía
2162,A room in a house for sitting and relaxing.,Un espacio en una casa para sentarse y relajarse.,salón
2163,a formal statement made to make a request or offer,una declaración formal para solicitar o ofrecer algo,propuesta
2164,having or showing a strong desire to succeed,teniendo o demostrando un fuerte deseo de lograr algo,ambicioso/ambiciosa
2165,Advocating in favor of something.,Apoyando algo o alguien.,pro
2166,expressing excitement or alertness,expresando emocion o aviso,guau
2167,a quality that inspires affection or admiration,una calidad que inspira afición o admiración,encanto
2168,feeling or showing embarrassment or self-consciousness,sintiendo o mostrando embarazos o conciencia de sí mismo,incómodo/incómoda
2169,to seize or grasp something suddenly or briefly,seguir o abarcar algo brevemente o violentamente,capturar
2170,A building or room for physical exercise and sports.,Un edificio o habitación para ejercicio físico y deportes.,gimnasio
2171,a person who cares for and treats animals,una persona que se encarga y trata de animales,veterinario/veterinaria
2172,the quality of being funny,la calidad de ser gracioso,humor
2173,the extent to which something is protected or insured,el alcance por el que algo se protege o asegura,cobertura
2174,"A medium of exchange, such as money or commodities, used to purchase goods and services.","Una forma de intercambio, como dinero o bienes, utilizado para comprar bienes y servicios.",moneda
2175,extremely impressive or attractive,muy impresionante o atractivo,sorprendente
2176,to respond or take action in reaction to a stimulus,respondere o tomar acción en respuesta a un estímulo,reaccionar
2177,A medical emergency characterized by a temporary loss of brain function.,Un accidente cerebrovascular que produce una pérdida temporal de la función cerebral.,accidente cerebrovascular
2178,The amount charged for a service or good.,El monto cobrado por un servicio o bien.,tarifa
2179,A person whom one loves or is loved by.,Un hombre o mujer con quien se ama o se es amado por.,amante
2180,The breast is the upper portion of the human body between the shoulders and chest.,El pecho es la parte superior del cuerpo humano entre los hombros y el pecho.,pecho
2181,a feeling of respect and admiration for someone or something.,una sensación de respeto y admiración hacia alguien o algo.,consideración
2182,a type of cooking where food is cooked in hot oil.,una forma de cocinar donde se cocina el alimento en aceite caliente.,fritura
2183,difficult to understand; unknown or hard to determine,difícil de entender; desconocido o difícil de determinar,oscuro/oscura
2184,Characterized by a mild and agreeable quality.,Caracterizada por una calidad suave y agraciable.,agradable
2185,A scheduled meeting with someone to discuss or do something.,Una reunión programada con alguien para discutir o realizar algo.,cita
2186,A legal entity established to operate for the profit of its members,Una entidad jurídica establecida para operar a beneficio de sus miembros,corporación
2187,relating to the sale of goods through retail stores.,relacionado con la venta de bienes a través de tiendas minoristas.,minorista
2188,A female bee is a fertile queen bee.,Una abeja hembra es una reina abejera fértil.,abeja
2189,A roast is a piece of meat that has been cooked over low heat for a long time.,Un asado es una pieza de carne que se ha cocinado sobre fuego bajo durante un largo período de tiempo.,asado
2190,A level or stratum of something.,Nivel o estrato de algo.,capa
2191,a plant part eaten for food,una parte de planta comestible,verdura
2192,a representation of a person's likeness,una representación de la imagen de una persona,retrato
2193,a settlement of differences in order to achieve a mutually acceptable solution.,un acuerdo que consiste en encontrar una solución aceptable para todos,compromiso
2194,to tear or pull apart violently,desgarrar o arrancar bruscamente,rasgar
2195,"A tone is a particular quality or flavor of sound, voice, or attitude.","Un tono es una calidad o sabor específico de sonido, voz o actitud.",tono
2196,to break or split suddenly,romper o desintegrarse repentinamente,estallar
2197,able to be used quickly and easily,capaz de usarse rápidamente y fácilmente,práctico/práctica
2198,a popular or well-known status,un estatus o renombre popular,fama
2199,A type of fine-grained earth material,Un tipo de material de tierra finamente granular,arcilla
2200,A canal is a man-made watercourse used for transportation or irrigation.,Un canal es un curso de agua artificial utilizado para transporte o riego.,canal
2201,to block or prevent the progress of something,bloquear o impedir el progreso de algo,puesto
2202,A written or printed record of facts or events.,Un registro escrito o impreso de hechos o eventos.,documento
2203,the act or process of bringing something new into existence,el acto o proceso de crear algo nuevo,creación
2204,A person who hunts animals for food or sport.,Un cazador es una persona que caza animales para la comida o el deporte.,cazador/cazadora
2205,A unit of length equal to one-twelfth of a foot.,Una unidad de longitud equivalente a un undécimo de pie.,pulgada
2206,having or showing a desire to know about things,teniendo o demostrando un deseo de conocer cosas,curioso/curiosa
2207,relating to events that occurred in the past.,relacionado con eventos que ocurrieron en el pasado.,histórico/histórica
2208,A nail is a small metal spike used for fastening or repairing objects.,Una uña es una pequeña clavada de metal utilizada para unir o reparar objetos.,uña/clavo
2209,to mix or turn something with a spoon or other utensil to combine ingredients or mix substances.,mixin o revolver algo con una cuchara o otro utensilio para combinar ingredientes o mezclar sustancias.,revolver
2210,the highest point of a mountain or hill,la parte más alta de una montaña o colina,cumbre
2211,relating to or characteristic of comedy,relacionado con o característico de la comedia,cómico/cómica
2212,relating to or denoting the country of Poland.,relacionado con o perteneciente a Polonia.,polaco/polaca
2213,The surface quality or feel of something.,La calidad o sensación de superficie de algo.,textura
2214,A particular way of feeling or looking that is often used to describe someone's emotions or personality.,Una forma particular de sentir o parecer que se utiliza a menudo para describir las emociones o la personalidad de alguien.,expresión
2215,A low-pitched sound or pitch in music.,Un sonido bajo en tono o frecuencia musical.,bajo
2216,a small rectangular block of material used in building construction,un pequeño bloque cuadrado de material utilizado en la construcción de edificios,ladrillo
2217,A colleague is a person who works in the same organization or department as you.,Un colega es una persona que trabaja en la misma organización o departamento que tú.,colega
2218,causing or resulting in misfortune,causando o resultante de desgracia,desafortunado/desafortunada
2219,A panel of people chosen to decide the guilt or innocence of a defendant in a court of law.,Un panel de personas elegidas para decidir la culpa o inocencia de un acusado en un tribunal,jurado
2220,"A flat surface made of paper or other material used for writing, drawing, or printing.","Una superficie plana hecha de papel o otro material utilizado para escribir, dibujar o imprimir.",hoja
2221,to retrieve or bring something to someone,obtener o llevar algo a alguien,buscar
2222,to frighten or alarm someone,asustar a alguien o algo,asustar
2223,The amount of money paid to an employee for their work,El monto de dinero pagado a un empleado por su trabajo,salario
2224,a large predatory fish with a streamlined body and sharp teeth.,un gran pez depredador con un cuerpo aplanado y dientes afilados.,tiburón
2225,"A person or thing that competes with another for something they both want, especially in a sporting context.","Una persona o cosa que compite con otra por algo de lo cual ambas quieren, especialmente en un contexto deportivo.",rival
2226,The wages of a job determine how much money an employee earns.,Los salarios de un trabajo determinan cuánto dinero gana un empleado.,salarios
2227,"A straw is a thin, hollow tube made of materials like paper or plastic.",Una paja es un tubo delgado y hueco hecho de materiales como papel o plástico.,paja
2228,A person's behavior or way of doing something.,El comportamiento o modo en que se hace algo de una persona.,manera
2229,to create or make something permanent or official,establecer algo o algo que ya existe para que sea permanente o oficial,establecer
2230,A bungalow is a small one-story house with a sloping roof and often surrounded by gardens.,Un bungalow es una pequeña casa de un solo piso con techo inclinado y a menudo rodeada de jardines.,bungalow
2231,a group of musicians who play musical instruments as a single entity,un grupo de músicos que tocan instrumentos musicales como una sola entidad,orquesta
2232,A global network of interconnected computers and servers accessed through the internet.,Una red global de computadoras y servidores conectados a través de Internet.,web
2233,to ask or request something from a god or higher power in prayer.,solicitar algo a un dios o poder superior en oración.,rezar
2234,a movement of a person or thing over a surface,un movimiento de una persona o cosa sobre un superficie,deslizamiento
2235,a special outfit worn for a particular occasion or character,un vestido especial que se viste para una ocasión o personaje específico,disfraz
2236,to change shape or direction suddenly and usually without breaking,cambiar forma o dirección repentinamente y generalmente sin romperse,doblar
2237,the distance from the center of a circle to any point on its circumference,la distancia desde el centro de un círculo hasta cualquier punto en su circunferencia,rodamiento
2238,relating to or constituting a smaller amount or degree,relacionado con o constituyente de una cantidad o grado menor,menor
2239,The interior of a building refers to the spaces within it.,El interior de un edificio se refiere a los espacios dentro de él.,interior
2240,A public announcement or offer to gain an advantage.,Una anuncio o oferta pública para obtener una ventaja.,promoción
2241,a boat that uses the wind for propulsion,una barca que utiliza el viento para impulsarla,vela
2242,A fine or powdery substance,Un polvo fino o pulveroso,polvo
2243,a person or organization that sells goods on behalf of a manufacturer.,una persona o organizacion que vende bienes en nombre de un fabricante.,distribuidor/distribuidora
2244,Formal attire is typically worn for special occasions.,El traje formal se viste generalmente para ocasiones especiales.,formal
2245,A label or designation used to identify something.,Un etiqueta o denominación utilizada para identificar algo.,etiqueta
2246,characterized by a strong and unpleasant sound,caracterizado por un fuerte y desagradable sonido,ruidoso/ruidosa
2247,to behave in a way that is expected of someone in a particular situation,comportarse de acuerdo con las expectativas de una situación específica,comportarse
2248,"A wild animal that is a carnivorous mammal, typically with sharp teeth and claws.","Un animal salvaje que es un mamífero carnívoro, generalmente con dientes afilados y garras.",lobo
2249,a mistake or deviation from a standard or expected value,un error o deviación de un estándar o valor esperado,error
2250,characterized by or having a lot of clouds in the sky.,caracterizado por o con mucha niebla en el cielo.,nublado/nublada
2251,a raised platform for public speaking or display,una plataforma elevada para el habla pública o exhibición,podio
2252,a sweet dessert made from milk and eggs,un postre dulce hecho de leche y huevos,natillas
2253,A lid is a cover for the top of a container.,La tapa es una cubierta para el topo de un contenedor.,tapa
2254,in accordance with facts and circumstances,de acuerdo con los hechos y circunstancias,realista
2255,A written statement expressing a person's beliefs or policies.,Un documento escrito que expresa las creencias o políticas de una persona.,manifiesto
2256,a payment or allowance made by an employer to its employees.,un pago o subsidio establecido por un empleador para sus trabajadores.,subsidio
2257,the part of the body through which sound is produced,la parte del cuerpo a través de la cual se produce el sonido,garganta
2258,"A material made from animal hide, typically tanned to make it durable and flexible.","Un material hecho de cuero, generalmente tannado para hacerlo resistente y elástico.",cuero
2259,"A uniform is a standard item of clothing worn by members of a particular group, such as a military unit or school student.","Un uniforme es un artículo estándar de vestimenta que se lleva por miembros de una grupo determinado, como una unidad militar o estudiante de una escuela.",uniforme
2260,A structure used for climbing or accessing high places.,Un conjunto de escalones destinado a subir o acceder a lugares altos.,escalera
2261,A container made of woven or other flexible material for holding things.,Un recipiente hecho de materiales trenzados o flexibles para sostener cosas.,cesta
2262,to make something longer or larger in amount or degree,hacer algo más largo o grande en cantidad o grado,extender
2263,"A crystal is a solid material whose constituent particles, such as atoms, molecules, or ions, are arranged in a repeating pattern.","Un cristal es un material sólido en el que las partículas constituyentes, como átomos, moléculas o iones, se organizan en un patrón repetitivo.",cristal
2264,The body of written works produced in a particular language or region by an artistic or imaginative people.,El cuerpo de obras escritas producidas en un idioma o región determinada por una gente artística o imaginativa.,literatura
2265,A permanent capture of sound or music.,Una captura permanente de sonido o música.,grabación
2266,a period of life when a person stops working and is typically financially supported by their previous employer or government.,un período de la vida en el que una persona deja de trabajar y generalmente tiene financiamiento económico proporcionado por su antiguo empleador o gobierno.,jubilación
2267,to extend an invitation to someone,invitar a alguien a una actividad,invitar
2268,A small round or spherical shape of liquid in the air.,Una pequeña forma redonda o esferoidal de líquido en el aire.,burbuja
2269,having or characterized by wind,teniendo o caracterizado por viento,ventoso/ventosa
2270,relating to or located inside something,relacionado con o ubicado dentro de algo,interno/interna
2271,designed to achieve maximum productivity with minimum waste of time and resources.,diseñado para lograr la mayor productividad con el mínimo desperdicio de tiempo y recursos.,eficiente
2272,likely to fulfill a commitment or expectation,probablemente cumplir una compromiso o expectativa,prometedor/prometedora
2273,The process by which information is exchanged between individuals or groups.,El proceso mediante el cual la información se intercambia entre individuos o grupos.,comunicación
2274,A program or task that is designed to perform a specific function.,Un programa o tarea diseñada para realizar una función específica.,aplicación
2275,the branch of design that deals with the construction and arrangement of buildings,la rama del diseño que se ocupa de la construcción y disposición de edificios,arquitectura
2276,the seat of the buttocks,el lugar de los glúteos,trasero
2277,a mythical supernatural being often depicted as small and delicate,una entidad mitológica sobrenaturalmente pequeña y delgada,hada
2278,The depth of a swimming pool is measured in feet or meters.,La profundidad de una piscina es medida en pies o metros.,profundidad
2279,a room for young children,un espacio para niños pequeños,guardería
2280,A person who travels for pleasure or recreation.,Una persona que viaja por placer o recreación.,turista
2281,a feeling of intense fear or anxiety,un sentimiento de miedo intenso o ansiedad,horror
2282,Reliable and exact in content or expression.,Confiable y preciso en contenido o expresión.,preciso/precisa
2283,causing a feeling of intense fear or anxiety,provocando un sentimiento de miedo intenso o ansiedad,aterrador/aterradora
2284,to pull or move something along the ground by force.,arrastrar algo por el suelo con fuerza.,arrastrar
2285,Characterized by or typical of adolescence.,Caracterizado por o típico de la adolescencia.,adolescente
2286,A distinctive way of pronouncing a language that is characteristic of a region or group of people.,Un modo característico de pronunciar una lengua que es característico de una región o grupo de personas.,acento
2287,A person who presents information or performs a show.,Una persona que presenta información o realiza un espectáculo.,presentador/presentadora
2288,The person or team that you are competing against in a game or contest.,La persona o equipo con el que estás compitiendo en un juego o competencia.,oponente
2289,A feeling of deep regret or disappointment for a missed opportunity or unfulfilled desire.,Un sentimiento profundo de arrepentimiento o decepción por una oportunidad perdida o un deseo no cumplido.,decepción
2290,to achieve something successfully,lograr algo con éxito,tener éxito
2291,to mark or indicate something as regular,marcar o indicar algo como regular,marcar
2292,"A type of small, fragrant leaves used in desserts and drinks.",Una especie de hojas pequeñas y aromáticas utilizadas en postres y bebidas.,menta
2293,the act of adding something to a quantity or total,el acto de sumar algo a una cantidad o total,adición
2294,A sudden and violent release of energy that causes a dramatic effect.,Un rápido y violento despliegue de energía que causa un efecto dramático.,explosión
2295,the act of risking money or something of value in the hope of winning more,el acto de arriesgar dinero o algo de valor en la esperanza de ganar más,apuesta
2296,A tray is a flat piece of material used for holding or carrying things.,Una bandeja es un plano pedazo de material utilizado para sostener o llevar cosas.,bandeja
2297,giving off reflected light; shiny,dando luz reflejada; brillante,brillante
2298,The flesh of an animal is used as food.,La carne de un animal se utiliza como alimento.,carne
2299,a person who establishes or supports an organization,una persona que establece o apoya una organización,fundación
2300,A thorough examination and interpretation of data or information.,Un examen detallado y interpretación de datos o información.,análisis
2301,to destroy or ruin something completely,destruir o arruinar algo por completo,arruinar
2302,a substance added to food to enhance its flavor,una sustancia agregada a la comida para mejorar su sabor,especia
2303,to follow or discover the path of something,siguiir o descubrir el camino de algo,rastrear
2304,A shoe is a type of footwear.,Un zapato es un tipo de calzado,zapato
2305,to withstand or cope with difficulty or unpleasantness,soportar o afrontar dificultades o desagradables situaciones,resistir
2306,to turn something upside down or back to its original position,dar la vuelta a algo o volverlo al estado original,revertir
2307,a substance or component used to make something else,un elemento o componente utilizado para hacer algo más,ingrediente
2308,relating to or able to be maintained at a certain level without depleting natural resources.,relacionado con o capaz de ser mantenido a un nivel sin agotar recursos naturales.,sostenible
2309,a short passage or phrase spoken at a meeting to acknowledge someone's work or idea,un breve pasaje o frase hablado en una reunión para reconocer el trabajo o la idea de alguien,cita
2310,A person employed to secretly gather information about someone or something.,Una persona que se encarga de recopilar información secretamente sobre alguien o algo.,espía
2311,A type of adhesive substance used to join materials together.,Un tipo de sustancia adhesiva utilizada para unir materiales.,pegamento
2312,causing or characterized by fire; having been exposed to fire.,ocasionado o caracterizado por fuego; habiendo sido expuesto a fuego.,quemado/quemada
2313,The payment of rent is typically due on the first day of each month.,El pago de alquiler es generalmente debido en el primer día de cada mes.,pago
2314,feeling or showing sadness or discontent.,sintiéndose o mostrando tristeza o descontento.,infeliz
2315,The management of an individual's or organization's money and assets.,El manejo de dinero y activos de una persona o organización.,finanzas
2316,a force or effect that is used to produce a continuous motion or progress,una fuerza o efecto que se utiliza para producir un movimiento continuo o progreso,impulso
2317,"A large, aquatic mammal.",Una gran mamífero acuático.,ballena
2318,a form of expression that combines dance and music,una forma de expresión que combina baile y música,ballet
2319,the act of expressing admiration or approval,el acto de expresar admiración o aprobación,elogio
2320,the act of asking for forgiveness,el acto de pedir perdón,perdón
2321,A firm or strong hold on something.,Un firme o fuerte agarre en algo.,agarre
2322,having a moderate degree of quality or intensity,teniendo un grado moderado de calidad o intensidad,suave
2323,A unit of volume equal to one-eighth of a gallon.,Una unidad de volumen equivalente a una octava de un galón.,pinta
2324,a unit of currency in the United States,una unidad de moneda en los Estados Unidos,dólar
2325,A close friend or associate.,Un amigo cercano o asociado.,amigo
2326,The arrival of the plane was delayed due to bad weather.,La llegada del avión fue retrasada debido al mal tiempo.,llegada
2327,A state of complete darkness or lack of light.,Un estado de completa oscuridad o falta de luz.,oscuridad
2328,a state of being happy and content.,un estado de ser feliz y satisfecho.,felicidad
2329,capable of being tolerated or agreed with,capaz de ser tolerado o acordado,aceptable
2330,the only member of a band or group,el único miembro de una banda o grupo,solo
2331,A stage or period in a process or development,Un estado o período en un proceso o desarrollo,fase
2332,The strength of purpose that enables you to carry out a task or goal.,La fuerza de propósito que permite realizar una tarea o objetivo,determinación
2333,"a strong and barely controllable emotion of excitement or enthusiasm for a person, activity, or thing.","una fuerte y difícil de controlar emoción de entusiasmo o apasionamiento por una persona, actividad o cosa.",entusiasmo
2334,A type of ceramic material or the art of making it.,Un tipo de material cerámico o el arte de hacerlo.,cerámica
2335,a remedy for a disease or injury,una cura para una enfermedad o lesión,cura
2336,a piece of rubbish or waste material,una pieza de basura o materiales de desecho,chatarra
2337,A person who designs and develops engines and other machinery.,Un individuo que diseña y desarrolla motores y otras maquinaria.,ingeniero/ingeniera
2338,"feeling or showing worry, nervousness, or apprehension","sintiendo o demostrando preocupación, ansiedad o inquietud",ansioso/ansiosa
2339,to hold or include something within a thing,sustener o incluir algo dentro de algo,contener
2340,a downward movement or decrease in amount or degree,un movimiento o disminución de cantidad o grado,declive
2341,having or showing a hopeful and cheerful attitude towards the future.,teniendo o demostrando una actitud esperanzadora y alegre hacia el futuro.,optimista
2342,causing feelings of annoyance or frustration,causando sentimientos de frustración,frustrante
2343,the items worn on the body to provide modesty and comfort,los artículos que se ponen en el cuerpo para proporcionar modestia y comodidad,ropa
2344,to throw or eject something with a sudden force,tirar algo con fuerza bruta,tirar
2345,to regain or get back something that has been lost,recuperarse de algo o regresar a tener algo perdido,recuperarse
2346,The root of a tree provides structural support.,La raíz de un árbol proporciona apoyo estructural.,raíz
2347,causing a feeling of physical or mental unease,producir una sensación de inquietud física o mental,incómodo/incómoda
2348,A business or organization that operates for its own profit and risk.,Una empresa o organización que opera para su propio beneficio y riesgo.,empresa
2349,A natural flow of water in a narrow channel,Un flujo natural de agua en un canal estrecho,arroyo
2350,a building or structure providing protection from the elements,una estructura o edificio que proporciona protección contra los elementos,refugio
2351,"A poem is a piece of writing that uses language in a creative and imaginative way to express thoughts, feelings, or ideas.","Un poema es un trozo de escritura que utiliza el lenguaje de una manera creativa y imaginativa para expresar pensamientos, sentimientos o ideas.",poema
2352,"a loud, fierce cry of an animal",un grito fuerte y feroz de un animal,rugido
2353,a long narrow strip of material,un estrecho trozo de materia,tira
2354,Having a large amount of money or material possessions.,Poseer una gran cantidad de dinero o bienes materiales.,rico/rica
2355,a thing that adds beauty or attractiveness to a place or object,un objeto que agrega belleza o atracción a un lugar o objeto,decoración
2356,a warm and affectionate gesture involving the arms,un gesto cálido y afectuoso que involucra los brazos,abrazo
2357,A long thin piece of material used for support or structure.,Una parte larga y delgada de material utilizado para apoyo o estructura.,varilla
2358,A term or word used to identify or describe something.,Un término o palabra utilizado para identificar o describir algo.,etiqueta
2359,something given or done in return for effort or achievement.,algo dado o hecho a cambio de esfuerzo o logro.,recompensa
2360,the organ that filters waste from the blood,el órgano que filtra el desecho del sangre,hígado
2361,located next to something or someone,ubicado junto a algo o alguien,junto a
2362,Lacking all information or knowledge about something.,Falta toda la información o conocimiento sobre algo.,desconocido/desconocida
2363,a difference or distinction between two things,una diferencia o distinción entre dos cosas,contraste
2364,feeling or showing great sadness and unhappiness,sintiendo o mostrando gran tristeza y desesperanza,miserable
2365,A person who purchases goods or services.,Una persona que compra bienes o servicios.,comprador/compradora
2366,a sudden release of water from a container or the surface of a liquid,un rápido derrame de agua desde un recipiente o la superficie de un líquido,salpicadura
2367,The ratio of favorable to unfavorable events in a situation.,La relación de eventos favorables a desfavorables en una situación.,probabilidades
2368,Lacking confidence or trustworthiness.,Falta de confianza o credibilidad.,dudoso/dudosa
2369,a sudden loud release of energy or explosive sound,un fuerte sonido de explosión,explosión
2370,the act of making something whole again,el acto de hacer que algo vuelva a ser completo,reparación
2371,extremely impressive or surprising,muy impresionante o sorprendente,asombroso/asombrosa
2372,a plan or purpose that guides your actions or decisions.,un plan o propósito que guía tus acciones o decisiones.,intención
2373,to take part in an activity or project,participar en una actividad o proyecto,comprometerse
2374,"A diary is a book in which one records events, thoughts, and feelings over time.","Un diario es un libro en el que se registra eventos, pensamientos y sentimientos sobre el tiempo.",diario
2375,Lasting for a short time,Duradero por un tiempo limitado,temporal
2376,a stuffed animal typically made of soft material,un juguete de peluche,osito de peluche
2377,a specific way of doing something,un método específico para hacer algo,método
2378,A body of water protected from the open sea by natural or artificial barriers.,Un cuerpo de agua protegido por barreras naturales o artificiales del mar abierto.,puerto
2379,a sudden collapse or break in a structure,un colapso repentino o ruptura en una estructura,quiebra
2380,a sudden loud cracking sound,un sonido agudo y repicante,foto rápida
2381,Having or showing confidence and courage in one's beliefs or actions.,Teniendo o mostrando confianza y valentía en sus creencias o acciones.,audaz
2382,causing great sadness or pain,producido por gran tristeza o dolor,trágico/trágica
2383,a very surprising and remarkable event that cannot be explained,un evento muy sorprendente y destacado que no se puede explicar,milagro
2384,A medical condition that affects a person's health and well-being.,Un estado médico que afecta la salud y el bienestar de una persona.,enfermedad
2385,The process of moving backward or downward in development,El proceso de retroceso o descenso en desarrollo,devolución
2386,a person who is professionally funny and entertaining.,una persona que es divertida y entretenida de manera profesional.,cómico/cómica
2387,A sponge is a porous object used for cleaning or absorbing liquids.,Una esponja es un objeto poroso utilizado para limpiar o absorbir líquidos.,esponja
2388,requiring immediate attention or action,requiriendo atención o acción inmediata,urgente
2389,to pledge or promise something,prometer o comprometerse algo,comprometerse
2390,The total amount earned from business activities,El total de dinero ganado desde actividades empresariales,ingresos
2391,Having a lot of different colours.,Poseyendo muchos colores diferentes.,colorido/colorida
2392,"A renovation refers to the process of renovating or updating a structure, space, or object.","Una renovación es el proceso de renovar o actualizar un edificio, espacio u objeto.",renovación
2393,Having more than one of something,Teniendo más de uno de algo,múltiple
2394,Used to indicate a route or method of travel,Usado para indicar un camino o método de viaje,por medio de
2395,a landform along the edge of a sea or lake,una formación de tierra junto a la orilla de un mar o lago,orilla
2396,To refuse or reject something entirely.,Rechazar o rehusar algo por completo.,negar
2397,a domesticated animal raised for its milk and meat,un animal doméstico criado para su leche y carne,cabra
2398,relating to cities and towns; modern and developed.,relacionado a las ciudades y pueblos; moderno y desarrollado.,urbano/urbana
2399,"having a feeling of resentment towards someone who has something you want, but have not got.",teniendo una sensación de resentimiento hacia alguien que tiene algo que tú quieres pero no tienes,celoso/celosa
2400,a sudden movement upward or forward,un movimiento repentino hacia arriba o adelante,salto
2401,a surface or area that is empty or unmarked,un espacio o área que está vacío o sin marcar,en blanco
2402,the new lighting system made the room appear brighter,el nuevo sistema de iluminación hace que la habitación parezca más brillante,más brillante
2403,A wild or fierce animal.,Un animal salvaje o feroz.,bestia
2404,A muscle is a unit of movement in the body.,Un músculo es un unidad de movimiento en el cuerpo.,músculo
2405,A document used to order payment from a bank.,Un documento utilizado para ordenar el pago de una banca.,cheque
2406,The act of using a bicycle for transportation.,El acto de usar una bicicleta para transporte.,ciclismo
2407,A period of time spent waiting for something to happen or be done.,Un período de tiempo dedicado a esperar por algo que sucede o se realiza.,retraso
2408,having or deserving great honor and respect,hablando de honra y respeto grande,noble
2409,characterized by disorder or confusion,caracterizado por desorden o confusión,desordenado/desordenada
2410,A place that provides entertainment and recreation for vacationers.,Un lugar que ofrece entretenimiento y recreación para vacacionistas.,complejo turístico
2411,the act of unauthorized access or manipulation of computer systems or networks,el acto de acceso no autorizado o manipulación de sistemas o redes de computadora,hackeo
2412,a substance whose properties and compounds are primarily derived from or involve a chemical reaction.,una sustancia cuyas propiedades y compuestos son principalmente derivadas de o involucrados en una reacción química.,químico/química
2413,a person or thing that is registered,una persona o cosa registrada,registro
2414,a planned or deliberate action taken to resolve a problem,una acción planeada o deliberada tomada para resolver un problema,intervención
2415,A thin layer of ice crystals on surfaces.,Una capa delgada de hielo en superficies.,helada
2416,having a pleasing and refined quality of style or form,teniendo una calidad de estilo o forma agradable y refinada,elegante
2417,a large and powerful bird of prey,un gran y poderoso ave de presa,águila
2418,the practice of training people to obey rules or behave in a certain way,el ejercicio de entrenar a las personas para seguir reglas o comportarse de una cierta manera,disciplina
2419,a payment or benefit given in exchange for something else,un pago o beneficio dado a cambio de algo más,compensación
2420,relating to the natural world and the impact of human activity on it.,relacionado con el mundo natural y el impacto de la actividad humana en él.,ambiental
2421,A person who travels in a vehicle or on an aircraft.,Un persona que viaja en un vehículo o avión.,pasajero/pasajera
2422,A natural fiber obtained from sheep and other animals.,Un fibra natural obtenida de ovejas y otros animales.,lana
2423,in position on a ship or aircraft before it sets sail,en posición en un barco o avión antes de que parte,a bordo
2424,A device used to increase the pressure of a fluid.,Un dispositivo que aumenta la presión de un flujo.,bomba
2425,A person who is in charge of a ship or aircraft.,Una persona que se encuentra al frente de una nave o avión.,comandante
2426,a district of a city or town with similar houses and streets,un distrito de una ciudad o pueblo con casas y calles semejantes,vecindario
2427,extremely bad or unpleasant,muy malo o desagradable,devastador/devastadora
2428,to stop doing something completely or officially,dejar de hacer algo o decretar la terminación de algo,renunciar
2429,a task or mission that someone undertakes in order to achieve something,una tarea o misión que alguien emprende con el objetivo de lograr algo,búsqueda
2430,a violent attack on someone's person or property,un ataque violento a la persona o propiedad de alguien,asalto
2431,A settlement is a small town or village.,Un acuerdo es un pequeñn pueblo o villa.,acuerdo
2432,causing physical or emotional pain,causando dolor físico o emocional,cruel
2433,to give something to someone for a short time in order to help them,dar algo a alguien por un tiempo breve para ayudarles,prestar
2434,"A deck is a flat surface, typically made of wood or synthetic material.","Una cubierta es una superficie plana, generalmente hecha de madera o material sintético.",cubierta
2435,a test or assessment given to students to evaluate their knowledge,un examen o prueba dada a los estudiantes para evaluar su conocimiento,examen
2436,"A large and festive meal, especially one served on a special occasion.","Un gran y festivo banquete, especialmente uno servido en una ocasión especial.",fiesta
2437,"A product of the imagination that is accepted as true,","Un producto de la imaginación que se acepta como cierto,",ficción
2438,a tobacco product in the form of a rolled paper cylinder for smoking,un producto de tabaco en forma de un cilindro de papel enrollado para fumar,cigarrillo
2439,a proposed idea or plan for doing something better than existing alternatives.,una propuesta o idea para hacer algo mejor que las alternativas existentes.,sugerencia
2440,The act of preserving and protecting the environment and its resources for future generations.,El acto de preservar y proteger el medio ambiente y sus recursos para las generaciones futuras.,conservación
2441,A piece of furniture for holding clothes.,Un mueble para guardar ropa.,armario
2442,a firm and steady condition,un estado firme y estable,estabilidad
2443,A type of fine china made from kaolin and quartz.,Un tipo de porcelana fina hecha de kaolín y cuarzo.,porcelana
2444,the final part of a discussion or process,la última parte de una discusión o proceso,conclusión
2445,a substance used for cleaning and personal hygiene,una sustancia utilizada para limpiar y higiene personal,jabón
2446,extremely well-known or strikingly distinctive.,extremadamente conocido o distintivamente notorio.,icónico/icónica
2447,to ask for something in order to receive it,solicitar algo a cambio de recibirlo,mendigar
2448,Characterized by being exceptional or outstanding in a exciting and impressive way.,Caracterizado por ser excepcional o sobresaliente de manera emocionante y impresionante.,épico
2449,a deep cut or puncture in the skin,una herida profunda o punzada en la piel,herida
2450,The process of promoting and selling a product or service.,El proceso de promoción y venta de un producto o servicio.,marketing
2451,the act of changing from one thing to another,el acto de cambiar de una cosa a otra,conversión
2452,to leap over or avoid something,salta sobre o evita algo,saltar
2453,"A small, usually sweet baked food made from flour and often served with tea or coffee.",Un pequeño alimento dulce horneado hecho de harina y a menudo servido con té o café.,galleta
2454,suitable or well-suited in a particular situation,adequado o bien adaptado a una situación específica,apropiado/apropiada
2455,a natural fiber obtained from the cotton plant used to make clothing and textiles.,un fibro natural obtenido del planta de algodón utilizado para hacer ropa y tejidos.,algodón
2456,Strictly adhering to rules or regulations without flexibility.,Adherente estrictamente a reglas o regulaciones sin flexibilidad.,estricto/estricta
2457,A set of goods or materials needed for a specific purpose.,Un conjunto de bienes o materiales necesarios para un propósito específico.,suministros
2458,A planned series of actions or steps taken to achieve a specific goal.,Un conjunto planificado de acciones o pasos tomados para lograr un objetivo específico.,procedimiento
2459,occurring or coming after the fifth in a series or sequence.,ocurriendo o sucediendo después del quinto en una serie o secuencia.,sexto/sexta
2460,A form of literature that uses language in a creative and imaginative way to express thoughts and feelings.,Un tipo de literatura que utiliza el lenguaje de manera creativa y imaginativa para expresar pensamientos y sentimientos.,poesía
2461,a person who does something without being paid for it,un persona que realiza algo sin ser remunerada,aficionado/aficionada
2462,A part of a tree that grows from the trunk and supports its leaves.,Una parte de un árbol que crece desde el tronco y soporta sus hojas.,rama
2463,"A field of plants that are grown for food, fiber, or other products.","Un campo de plantas cultivadas para alimentos, fibras o otros productos.",cosecha
2464,lacking any useful purpose or function,sin propós o funciones utiles,inútil
2465,A bathroom toilet.,El baño de un hotel suelen tener un asiento separado,baño
2466,to enclose or cover something with a flexible material,envolver algo o algo con un material flexible,envolver
2467,a group of twelve items,un grupo de doce artículos,docena
2468,extremely unusual or appealing in an interesting way,extremadamente extraño o atractivo de una manera interesante,exótico/exótica
2469,A self-contained package or covering for a letter or other document.,Un paquete o envoltura autocontenida para una carta o otro documento.,sobre
2470,A self-contained housing unit that is typically rented on a long-term basis.,Un unidad de alojamiento autónomo que suele alquilarse durante un período prolongado.,apartamento
2471,the place where something is headed or intended to go,el lugar hacia el que se dirige o se intiene ir,destino
2472,a person or thing that is used as a basis for comparison or judgment,un individuo o cosa que se utiliza como punto de comparación o juicio,referencia
2473,A protruding part of an animal's head that produces sound,Un parte saliente del cráneo de un animal que produce sonido,cuerno
2474,a sudden and brief discharge of a gun or other firearm,un breve y repentino disparo de un arma o otra pieza de fuego,despido
2475,a feeling of regret or sadness for someone else's misfortune,un sentimiento de arrepentimiento o tristeza por la mala suerte de alguien,lástima
2476,"the first public performance or appearance of a musician, actor, etc.","la primera actuación o aparición pública de un músico, actor, etc.",debut
2477,The activity of cultivating plants in a garden.,El arte de cultivar plantas en un jardín.,jardinería
2478,given or offered without compulsion or pressure.,dado o ofrecido sin coacción o presión.,voluntario/voluntaria
2479,having or showing a high level of mental ability,teniendo o demostrando un alto nivel de capacidad mental,inteligente
2480,"to officially declare or notify something, especially to the public.","declarar oficialmente o notificar algo, especialmente al público.",anunciar
2481,"A type of strong, distilled alcoholic beverage made from fermented grain mash.",Un tipo de bebida alcohólica fuerte y destilada hecha a partir de una mezcla fermentada de granos,whisky
2482,A robot is an artificial intelligence that can perform tasks autonomously.,Un robot es una inteligencia artificial que puede realizar tareas de manera automática.,robot
2483,relating to decoration or ornamentation,relacionado a la decoración o adornos,decorativo/decorativa
2484,The state of being or reality of something.,El estado de ser o realidad de algo.,existencia
2485,causing doubt about someone's honesty or integrity,cuidando de generar duda sobre la honestidad o integridad de alguien,sospechoso/sospechosa
2486,the act of making something new again or improving it,el proceso de hacer algo nuevo o mejorarlo,restauración
2487,to cut or hollow out the inside of something to make it hollow,cortar o vaciar el interior de algo para hacerlo hueco,tronco
2488,"A sharp, high-pitched sound made by a car horn or other device.",Un fuerte sonido alto y agudo producido por una señal de tráfico o otro dispositivo.,pitido
2489,A sword is a bladed weapon used for cutting or thrusting.,Una espada es un arma blanca con un filo utilizado para cortar o estocar.,espada
2490,causing or likely to cause harm or danger,causando o probablemente causando daño o peligro,arriesgado/arriesgada
2491,"A long voyage on a ship, especially for pleasure.","Un largo viaje en barco, especialmente para placer.",crucero
2492,The cost of attending a school or college,El costo de asistir a una escuela o colegio,matrícula
2493,A part of a document or a written work.,Un fragmento de un documento o una obra escrita.,artículo
2494,Lacking a permanent place to live.,Sin hogar.,sin hogar
2495,"a person or organization that makes something such as a movie, music album, or book.","una persona o organización que hace algo como un mñvil, un disco musical o un libro.",productor/productora
2496,a special advantage or benefit,una ventaja o beneficio especial,privilegio
2497,relating to or involving low cost or expense,relacionado con o involucrado en bajo costo o gasto,asequible
2498,to show or prove something clearly and effectively,mostrar o probar algo de manera clara y efectiva,demostrar
2499,the act of pursuing a legal case against someone,el acto de perseguir un caso legal contra alguien,fiscalía
2500,a loud expression of dissatisfaction or distaste,una expresión fuerte de descontento o desprecio,uf
2501,to inspect or examine something carefully,inspeccionar o examinar algo con cuidado,escanear
2502,characterized by or belonging to the highest class of society.,caracterizada por o perteneciente a la clase más alta de la sociedad.,élite
2503,a rear end part of the human body,parte posterior del cuerpo humano,culo
2504,a device that produces light,un dispositivo que produce luz,lámpara
2505,A feeling of deep affection for someone,Un sentimiento profundo de afecto hacia alguien,romance
2506,a building or place especially constructed to commemorate a person or event,una construcción o lugar especialmente diseñado para conmemorar una persona o evento,memorial
2507,a new device or process created by humans for a practical purpose,un nuevo dispositivo o proceso creado por los humanos para un propósito práctico,invención
2508,relating to or involving elections,relacionado con o involucrado en elecciones,electoral
2509,extremely good or impressive,extremadamente bueno o impresionante,fenomenal
2510,A poet is a person who creates original literary compositions.,Un poeta es una persona que crea composiciones literarias originales.,poeta
2511,"A female dog, especially one that bites or shows aggression.","Un perro hembra, especialmente uno que muerde o muestra agresividad.",perra
2512,"A hard, calcified structure in the mouth that supports and protects the pulp of a tooth.",Una dura estructura calificada en la boca que apoya y protege la pulpa del diente.,diente
2513,A pirate is a person who sails on ships and takes over goods by force.,Un pirata es una persona que vela en barcos y toma bienes por fuerza.,pirata
2514,The verdict in the trial was delivered by the judge.,La sentencia del juicio fue leída por el juez.,veredicto
2515,used to describe something that happens or is done without a regular pattern or purpose.,usado para describir algo que sucede o se hace sin un patrón regular o propósito,aleatorio/aleatoria
2516,"A small, green or yellowish-green citrus fruit with an acidic pulp.",Una pequeña fruta cítrica verde o amarillenta con pulpa ácida.,lima
2517,A person who conducts scientific research and experimentation to develop new knowledge.,Un hombre o mujer que realiza investigaciones científicas y experimentación para desarrollar nueva conocimiento.,científico/científica
2518,a decision or solution to a problem,una decisión o solución a un problema,resolución
2519,"A large, edible crustacean that is often served steamed with butter.",Un crustáceo grande y comestible que se sirve a menudo con mantequilla fundida.,bogavante/langosta
2520,"A particular version or issue of a publication, especially one that is updated regularly.","Una versión o emisión especial de una publicación, especialmente una que se actualiza periódicamente.",edición
2521,causing feelings of great fear or anxiety,causando gran miedo o ansiedad,espantoso/espantosa
2522,A person who is held in prison,Una persona que se encuentra en prisión,prisionero/prisionera
2523,Relating to or characterized by uniformity and stability over time.,Relacionado con o caracterizado por uniformidad y estabilidad a lo largo del tiempo.,consistente
2524,pertaining to or having a connection with the present issue or problem.,relacionado o conectado con el actual tema o problema.,relevante
2525,A continent is a large area of land that is separated from other areas by oceans and seas.,Un continente es una gran área de tierra que se separa de otras áreas por océanos y mares.,continente
2526,a long strip of leather or cord used for striking or disciplining,un largo trozo de cuero o cuerda utilizado para azotar o disciplinar,látigo
2527,a small amount or quantity,una pequeña cantidad o cantidad,puñado
2528,A tropical fruit with a hard brown shell and white flesh.,Un fruto tropical con una capa dura marrón y pulpa blanca.,coco
2529,The sound of biting into a fresh apple is satisfying and crunchy.,El sonido de morder un manzana fresca es satisfaciente y crujiente.,crujido
2530,A thick cloud of tiny water droplets that reduces visibility.,Una densa nube de pequeñas gotas de agua que reduce la visibilidad.,niebla
2531,moving in a continuous rotation around a central point.,moviéndose en una rotación continua alrededor de un punto central.,giratorio/giratoria
2532,to discuss the terms of a business deal or agreement,discutir los términos de un acuerdo comercial o negocio,negociar
2533,a liquid changing state from a liquid to a gas,un líquido cambiando estado de líquido a gas,hervir
2534,characterized by a feeling of anxiety or apprehension about the future.,caracterizado por una sensación de ansiedad o aprensión sobre el futuro.,tenso/tensa
2535,A line of people waiting to be served or admitted.,Una línea de personas esperando para ser atendidas o admitidas.,cola
2536,a statement of regret for a wrongdoing,una declaración de arrepentimiento por una falta,disculpa
2537,to make something whole or healthy again,restaurar algo o a alguien para hacerlo completo o saludable de nuevo,restaurar
2538,pleasing or engaging the mind or senses.,agradable o que agrada la mente o sentidos.,entretenido/entretenida
2539,A person's name and contact information written on a document,El nombre y la información de contacto de una persona escrita en un documento,firma
2540,The part of the foot that is attached to the leg.,El parte del pie que se adhiere al muslo.,dedo del pie
2541,"a long, tapering root with bright orange flesh",una raíz larga y estrecha con pulpa de color naranja brillante,zanahoria
2542,A solemn expression of devotion or gratitude,Una expresión solemne de devoción o gratitud,oración
2543,to publicly support or advocate for something,apoyar o promover públicamente algo,promover
2544,to destroy or break something completely,destruir o romper algo completamente,romper
2545,A large gun that is mounted on a vehicle or a stand and is used to fire heavy projectiles.,Un gran cañón que está montado en un vehículo o una plataforma y se utiliza para disparar proyectiles pesados.,cañón
2546,to direct or lead the way,dirigir o llevar la dirección,conducir
2547,a sour liquid used as a condiment.,un líquido ácido utilizado como condimento.,vinagre
2548,A feeling of doubt about someone's intentions or behavior.,Una sensación de duda sobre las intenciones o comportamiento de alguien.,sospecha
2549,A group of people who have fewer privileges or rights than the majority.,Un grupo de personas que tienen menos privilegios o derechos que la mayoría.,minoría
2550,to press or scrape something against a surface,presionar o raspar algo contra una superficie,frotar
2551,A small projectile fired from a gun.,Un pequeño proyectil disparado de una arma.,bala
2552,A protective head covering typically made of plastic or metal.,Un cubrecaudas protectoro comúnmente hecho de plástico o metal.,casco
2553,to bring back into memory or mind,llevar de nuevo a la memoria o mente,recordar
2554,the activity of visiting and staying in a place for pleasure,la actividad de visitar y pasar el tiempo en un lugar con fines de ocio,turismo
2555,A document or collection of documents stored electronically.,Un documento o colección de documentos almacenados electrónicamente.,archivo
2556,a feeling of sadness and loss due to a sad event or experience,un sentimiento de tristeza y pérdida debido a un evento o experiencia desagradable,dolor
2557,A traveling show featuring performances such as acrobats and clowns.,"Un espectáculo que viaja, que incluye actuaciones como acróbatas y payasos.",circo
2558,a series of events or operations that are ordered in a specific way,una serie de eventos o operaciones ordenadas en un modo específico,secuencia
2559,Having awareness of one's surroundings and actions.,Tener conciencia de sus alrededores y acciones.,consciente
2560,A person who designs and plans buildings and other structures.,Una persona que diseña y planifica edificios y otras estructuras.,arquitecto/arquitecta
2561,a person who is not familiar or known to you,un hombre/mulero que no es conocido,extraño/extraña
2562,A place of perfect happiness and contentment,Un lugar de perfección del placer y el contentamiento,paraíso
2563,the act of keeping something in good condition,el acto de mantener algo en buen estado,mantenimiento
2564,"a room or space in a building for storage, sleeping, or other purposes","un espacio o habitación en un edificio para almacenar, dormir o otros fines",ático
2565,Lacking effort or energy; idle.,Falta de esfuerzo o energía; apático.,perezoso/perezosa
2566,a small insect that can cause problems for computers,una pequeña insecto que puede causar problemas para los ordenadores,bicho
2567,"To interrue the final resting place of something, typically a corpse.",Hacer que algo esté enterrado,enterrar
2568,A toy representing a human-like figure.,Un juguete que representa una figura humana.,muñeca
2569,A tool is a device or part used to perform a particular function.,Un herramienta es un dispositivo o parte utilizado para realizar una función específica.,herramienta
2570,"A written or printed set of instructions for making a film, play, or other performance.","Un conjunto escrito o impreso de instrucciones para hacer una película, obra de teatro u otro espectáculo.",guion
2571,A group of people who are currently unmarried.,Un grupo de personas que están casadas.,solteros/solteras
2572,a three-dimensional representation of the Earth or other celestial body,una representacion tridimensional del planeta o cuerpo celeste,globo
2573,A small portion or instance used to represent something larger.,Una pequeña parte o instancia utilizada para representar algo más grande.,muestra
2574,a formal document issued by a authority to certify the quality or achievement of something,un documento formal emitido por una autoridad para certificar la calidad o el logro de algo,certificado
2575,The destruction of a building can cause significant financial losses.,La destrucción de un edificio puede causar importantes pérdidas financieras.,destrucción
2576,A person who collects and gathers things of value or interest.,Una persona que recoge y reúne cosas de valor o interés.,coleccionista
2577,A large nocturnal bird of prey.,Un gran ave de presa noturna.,búho
2578,A place where something is introduced or accepted.,Un lugar donde se introduce o acepta algo.,entrada
2579,the amount or degree of something,el tamaño o grado de algo,volumen
2580,The amount of money earned by an employee in exchange for their work.,El monto de dinero ganado por un empleado a cambio de su trabajo.,salario
2581,having or showing the right qualities for a particular task or purpose.,teniendo o mostrando las calidades adecuadas para una tarea o propósito específico.,adecuado/adecuada
2582,the act of preparing land for growing plants,el acto de preparar tierra para crecer plantas,plantación
2583,Having a connection or connection to a person or thing that is known to you.,Relacionado con una persona o cosa que se conoce.,relativo/relativa
2584,A large goods vehicle,Un vehculo grande destinado a transportar mercancas,camión
2585,to be present at an event or meeting,estar presente en un evento o reunión,asistir
2586,to include something as part of a process or activity,incluir algo como parte de un proceso o actividad,involucrar
2587,to supervise or control something closely,supervisar o controlar algo de cerca,monitorizar
2588,The sport or activity of jumping or falling through the air in order to swim underwater,El deporte o actividad de saltar o caer por el aire para nadar bajo,buceo
2589,A type of vegetable commonly used in salads and soups.,Un tipo de verdura comúnmente utilizada en ensaladas y sopa.,repollo
2590,A type of condiment made from the seeds of a plant in the mustard family.,Una especie de condimento hecho de las semillas de una planta en la familia del mosto.,mostaza
2591,The process of making something ready for use or consumption.,El proceso de hacer algo listo para uso o consumo.,preparación
2592,characterized by being difficult to understand or interpret,caracterizado por ser difícil de entender o interpretar,misterioso/misteriosa
2593,the liquid produced by the skin's sweat glands,la líquido producido por las glándulas sudorosas de la piel,sudor
2594,a formal agreement between nations or parties,un acuerdo formal entre naciones o partes,tratado
2595,A formal statement asking for something to be done.,Una declaración formal solicitando que se realice algo.,solicitud
2596,relating to the use of strategy,relacionado con el uso de estrategia,estratégico/estratégica
2597,exclusively owned or controlled by a particular group or individual.,ownido o controlado exclusivamente por un grupo o individuo en particular.,exclusivo/exclusiva
2598,a person or thing that is unusual or unexpected.,un individuo o cosa que es inusual o sorprendente.,fenómeno
2599,to direct someone to a source of information or support.,en dirigir a alguien a una fuente de información o apoyo.,referirse
2600,A material or object that is flexible and elastic.,Un material o objeto que es flexível y elástico.,goma
2601,A large group of vehicles or people traveling together,Un grupo grande de vehículos o personas viajando juntos,caravana
2602,a small coin worth one cent.,una moneda pequeña valorada en un centavo.,centavo
2603,a short sound made by a mouse or other device when it is pressed,un sonido breve hecho por un ratón o otro dispositivo cuando se lo presiona,clic
2604,a state of extreme fear or anxiety caused by something frightening or violent.,un estado de miedo extremo o ansiedad causado por algo aterrador o violento.,terror
2605,a self-contained piece of code that performs a specific task,un bloque de código que realiza una tarea específica,función
2606,a feeling of discontent or grievance,un sentimiento de insatisfacción o queja,queja
2607,having favorable circumstances,teniendo circunstancias favorables,afortunado/afortunada
2608,The use of violence and intimidation to create fear and demand concessions,El uso de violencia y intimidacion para crear miedo y obtener concesiones,terrorismo
2609,the act of punishing someone for a wrongdoing,el acto de castigar a alguien por un error,castigo
2610,the act of actively promoting a particular cause or activity,el acto de promover activamente una causa o actividad,campaña
2611,a polite term used to address an elderly woman or a woman in a position of authority.,un término cortesía utilizado para dirigirse a una mujer mayor o a una mujer en un puesto de autoridad.,señora
2612,A tan is a skin color resulting from prolonged exposure to the sun.,El bronceado es una piel de color amarillento que resulta de la exposición prolongada al sol.,bronceado
2613,the skill or art of making things by hand,la habilidad o arte de hacer cosas a mano,artesanía
2614,a person or thing that takes the place of another,una persona o cosa que sustituye a otra,reemplazo
2615,to advise or suggest something as a good idea,dar o sugerir una buena idea,recomendar
2616,a difficult or unpleasant situation that must be dealt with,una dificil o desagradable situacion que debe ser manejada,carga
2617,a small building for religious worship,una pequeña construcción para culto religioso,capilla
2618,"A large container made of wood, metal, or plastic for holding liquids or solids.","Un contenedor grande hecho de madera, metal o plástico para contener líquidos o sólidos.",barril
2619,"A container made of clay or other materials, used for storing liquids.","Un recipiente hecho de barro o otros materiales, utilizado para almacenar líquidos.",jarra
2620,a type of legume or a computer chip,un tipo de legumbre o un chip de computadora,frijol
2621,"A substance obtained from the tusks of elephants or walruses, valued for its color and used in making decorative objects.",Un material obtenido de las cuernos de elefantes o focas valioso por su color y utilizado para hacer objetos decorativos.,marfil
2622,to have a purpose or intention,tener una intención o propósito,tener la intención
2623,having an unusual or unexpected quality,teniendo una calidad o carácter inusual,peculiar
2624,a state of doubt or unclearness about the reality of a situation.,un estado de duda o incertidumbre sobre la realidad de una situación.,incertidumbre
2625,to express discontent or dissatisfaction,expresar descontento o insatisfacción,quejarse
2626,a clear and detailed account of the meaning or origin of something,un relato claro y detallado del significado o origen de algo,explicación
2627,a token of identity or affiliation,un símbolo de identidad o afiliación,insignia
2628,a feeling of kindness and compassion,un sentimiento de amabilidad y compasión,licitación
2629,Having a strong and exact quality.,Tener una calidad fuerte y precisa.,preciso/precisa
2630,a type of dried grass or legume used as animal feed,un tipo de cebada seca o leguminosa utilizada como alimento para animales,heno
2631,causing physical pain or discomfort,causando dolor o incomodidad física,dolorido/dolorida
2632,a person believed to have the ability to control supernatural powers,una persona creída tener la capacidad de controlar poderes sobrenaturales,bruja
2633,the ability to tolerate difficult or unpleasant situations without becoming angry or upset.,la capacidad de soportar situaciones difíciles o desagradables sin volverse enojado o frustrado.,paciencia
2634,"The ability to withstand or oppose force, opposition, or difficulty.","La capacidad de resistir o oponerse a fuerza, oposición o dificultad.",resistencia
2635,causing feelings of intense fear or anxiety.,producir miedo intenso o ansiedad.,aterrador/aterradora
2636,to turn or fasten something tightly by hand or with a tool,tornar o ajustar algo de manera apretada con la mano o con un instrumento,tornillo
2637,"a disagreement or argument between two or more people, especially about something that has happened.","un conflicto o discusión entre dos o más personas, especialmente sobre algo que ha sucedido.",disputa
2638,occurring or coming into existence at once,ocurriendo o apareciendo de repente,instantáneo/instantánea
2639,A medical condition caused by a pathogen or microorganism.,Una condición médica causada por un patógeno o microorganismo.,infección
2640,A sculpture is a three-dimensional artwork created by human hands.,Una escultura es un arte tridimensional creado por manos humanas.,escultura
2641,the act of engaging in illegal or unethical behavior for personal gain,el acto de participar en comportamientos ilegales o éticamente cuestionables para obtener beneficios personales,corrupción
2642,the feeling of sympathy for someone who is unhappy or distressed,la simpatía por alguien que está triste o disgustado,simpatía
2643,"A coin is a small, flat disc of metal, typically made of copper or nickel, used as a medium of exchange.","Una moneda es una pequeña, plana pieza de metal, generalmente hecha de cobre o níquel, utilizada como medio de cambio.",moneda
2644,having a narrow or slim build,teniendo un cuerpo estrecho o delgado,magro/magra
2645,"A cut of meat from a cow, typically cooked and served as the main course.","Un corte de carne de vaca, generalmente cocido y servido como plato principal.",filete/bistec
2646,having or showing the qualities of a ripe fruit; having reached full growth or development,teniendo o demostrando las cualidades de una fruta madura; habiendo alcanzado su crecimiento o desarrollo completo,maduro/madura
2647,"A large group of ships, especially those that are owned by a single company.","Un grupo grande de barcos, especialmente aquellos que son propiedad de una sola empresa.",flota
2648,to separate or share something into two or more parts,separar o compartir algo en dos o más partes,dividir
2649,a strong and lasting human connection characterized by mutual support and affection.,una conexión humana sólida y duradera caracterizada por el apoyo y el afecto mutuo.,amistad
2650,a list of events or activities planned to take place at a specific time,una lista de eventos o actividades planificadas para tomar lugar en una hora específica,horario
2651,A friend or associate,Un amigo o asociado,amigo/amiga
2652,a feeling of relaxation and calmness,un sentimiento de relajación y calma,frío
2653,A five-dollar bill,Un billete de cinco dólares,billete de cinco
2654,to make something sound higher or more shrill in pitch.,hacer algo sonar más alto o más agudo en tono.,agudo
2655,the act of leaving a place or vehicle,el acto de dejar un lugar o vehculo,salida
2656,to have a need or right to something,tener una necesidad o derecho a algo,depender
2657,A feeling or attitude expressed by someone.,Un sentimiento o actitud expresado por alguien.,emoción
2658,A situation in which water has overflowed onto land that is normally dry.,Un estado en el que el agua ha superado los límites de tierra que normalmente está seca.,inundación
2659,The ability to focus your mind and effort on a particular task or activity.,La capacidad de centrar la mente y el esfuerzo en una tarea o actividad específica.,concentración
2660,a formal organization or institution that provides a service or carries out an activity.,una organización formal o institución que proporciona un servicio o lleva a cabo una actividad.,institución
2661,A type of amphibian that has a distinctive hopping gait.,Un tipo de anfibio que tiene un movimiento de saltación característico.,rana
2662,to cause someone to feel confident or certain about something,causar que alguien se sienta confiado o seguro sobre algo,asegurar
2663,"a person who sells meat, especially beef","un comerciante de carne, especialmente de ternera",carnicero/carnicera
2664,relating to or involving digital technology,relacionado o involucrado con la tecnología digital,digital
2665,a person hired to provide expert advice,una persona contratada para brindar consejos especializados,consultor/consultora
2666,extremely good or attractive,muy bueno o atractivo,espléndido/espléndida
2667,characterized by or associated with glamour,caracterizado por o asociado con glamour,glamoroso/glamorosa
2668,having a sharp and snappy quality,caracterizado por tener un rasgo crujiente,crujiente
2669,"to utter a loud, intense cry of pain or rage",sustener un grito fuerte y intenso de dolor o rabia,gritar
2670,a performance or concert by a musician or band,un concierto o actuación de un músico o banda,concierto
2671,"a bright, fiery mass of hot gases",una masa brillante y ardiente de gases calientes,llama
2672,the dough had risen,la masa había levantado,masa
2673,A pipe or channel through which water or other fluid flows out of a container or building.,Un tubo o canal que permite que el agua o líquido fluya fuera de un contenedor o edificio.,desagüe
2674,A type of wood or tree used for building and construction.,Un tipo de madera o árbol utilizado para la construcción y la edificación.,madera
2675,the quality of being fair and impartial,la calidad de ser justo e imparcial,justicia
2676,a person who donates their time and energy to help others,una persona que aporta su tiempo y energía para ayudar a otros,voluntario/voluntaria
2677,"A satellite is an object that orbits a celestial body, such as a planet or moon.","Un satélite es un objeto que orbita un cuerpo celestial, como un planeta o luna.",satélite
2678,"covered or having hair, typically to a noticeable extent.","Cubierto o con pelo, típicamente de manera notoria.",peludo/peluda
2679,a brief or partial view of something.,una visión breve o parcial de algo.,vistazo
2680,having a low temperature; cool,teniendo una temperatura baja; fresco,frío/fría
2681,A mental health disorder characterized by persistent feelings of sadness and loss of interest in activities.,Un trastorno de salud mental caracterizado por sentimientos persistentes de tristeza y pérdida de interés en las actividades.,depresión
2682,lacking clothing or covering,sin ropa o cubierta,desnudo/desnuda
2683,the activity of extracting valuable minerals from the earth,la actividad de extraer minerales valiosos de la tierra,minería
2684,The study of how economies work and make decisions.,El estudio de cómo funcionan las economías y toman decisiones.,economía
2685,of a size or extent that is notable or impressive,de tamaño o extensión notoria o impresionante,considerable
2686,A human skull is the bony structure that forms the head.,El cráneo humano es la estructura ósea que forma la cabeza.,cráneo
2687,a colloquial term used to address a friend or acquaintance,un término coloquial utilizado para dirigirse a un amigo o conocido,tipo
2688,to bend or crease something into a particular shape,doblar algo en un determinado sentido,doblar
2689,a large open area for sports or entertainment,un gran espacio abierto para deportes o entretenimiento,arena
2690,A person's buttocks.,Las nalgas de una persona.,culo
2691,A mask is a covering for the face or nose to prevent the spread of disease.,Una máscara es una cubierta para la cara o nariz para prevenir la propagación de enfermedades.,máscara
2692,to give advance notice of a potential danger or problem,dar aviso previo de un peligro o problema potencial,advertir
2693,"A mould is a growth of fungus that can cause decay or rot in materials such as wood, paper, or plastic.","Un moho es una crecimiento de hongos que puede causar la descomposición o la putrefacción de materiales como el madera, papel o plástico.",moho
2694,A regular practice or behavior that is repeated over time.,Un hábito regular de comportamiento o práctica que se repite con el tiempo.,habito
2695,A physical or mental obstacle that prevents progress or movement.,Un obstáculo físico o mental que impide progreso o movimiento.,barrera
2696,a feeling of great pleasure or enjoyment,un sentimiento de gran placer o disfrute,deleite
2697,"A person who uses violence and intimidation to create fear, especially for political purposes.","Una persona que utiliza la violencia y la intimidación para crear miedo, especialmente con fines políticos.",terrorista
2698,causing harm or injury,causando daño o lesión,dañino/dañina
2699,Lacking interest or excitement.,Falta interés o emoción.,aburrido/aburrida
2700,The right to be free from unauthorized intrusion or observation.,El derecho a no ser objeto de una intrusión o observación sin autorización.,privacidad
2701,to employ someone or something as a member of a team or business,emplear a alguien o algo como miembro de un equipo o negocio,contratar
2702,extremely unpleasant or disgusting,extremadamente repulsivo o desagradable,bruto/bruta
2703,A picnic is a casual outdoor gathering with food and drink.,Un picnic es una reunión casual al aire libre con comida y bebida.,picnic
2704,Foully decayed or corrupted in quality.,Descomuesto o corrupto en calidad.,podrido/podrida
2705,causing great shock or disgust,provocando un gran choque o repulsión,espantoso/espantosa
2706,deserving of respect or praise because of something good or excellent about them.,merecedor de respeto o elogio debido a algo bueno o excelente que le caracteriza.,digno/digna
2707,the act of providing something for someone to use without expecting immediate payment.,el acto de proporcionar algo a alguien para que lo utilice sin esperar un pago inmediato.,préstamo
2708,The coat of a mammal,La pelaje de un mamífer,piel
2709,a structure made of bars and a bottom to hold or confine something,una estructura formada por barrotes y fondo para sostener o contener algo,jaula
2710,to turn or cause something to move from one side to the other with a sudden motion.,voltear algo o hacer que algo gire de un lado al otro con un movimiento brusco.,voltear
2711,"A person who has dedicated their life to serving a religious organization, often in a position of spiritual leadership.","Un individuo que ha dedicado su vida a servir una organización religiosa, a menudo en un puesto de liderazgo espiritual.",sacerdote
2712,the act of giving up something valuable in order to achieve a greater good.,el acto de dar algo valioso para lograr un bien mayor.,sacrificio
2713,the act of acknowledging or accepting something,el acto de reconocer o aceptar algo,reconocimiento
2714,A pigeon is a small to medium-sized bird,La paloma es una ave peque?a o mediana,paloma
2715,A person who creates artworks using paint or other mediums.,Una persona que crea obras de arte utilizando pintura o otros medios.,pintor/pintora
2716,to forecast or guess something that will happen in the future,predecir algo que va a suceder en el futuro,predecir
2717,a feeling of great pleasure,una sensación de gran placer,ñam
2718,a tenner is a British note of £10,una moneda de diez libras es un billete de diez,billete de diez
2719,A terrace is an outdoor area attached to a building,Una terraza es una zona exterior adjunta a un edificio,terraza
2720,giving warning or notice of a potential danger,dándole aviso o notificación de una posible peligrosidad,alerta
2721,a person or organization that pays for a service or product.,una persona o organizacion que paga por un servicio o producto.,cliente
2722,continuing or happening at the same time,continuando o sucediendo al mismo tiempo,en curso
2723,a portion of land that is cultivated for growing crops,un área de tierra cultivada para el crecimiento de cultivos,cosecha
2724,a building for worship or religious rituals,un edificio para culto o rituales religiosos,templo
2725,A sudden military attack on a country or territory,Un ataque militar repentinamente contra un país o territorio,invasión
2726,A state of disarray or disorder.,Un estado de desorden o confusión.,confusión
2727,A documentary is a type of film that documents reality or reported events.,Un documental es un tipo de película que documenta la realidad o eventos reportados.,documental
2728,A formal archaic second-person singular pronoun used in poetry and literary works.,Un arcaico segundo persona singular pronominal utilizado en la poesía y las obras literarias.,tú
2729,of or relating to a foul condition; morally wrong,relativo o relacionado con una condición deshonesta; moralmente incorrecto,faltal
2730,a state of intense or uncontrolled emotion,un estado de intensa o descontrolada emoción,locura
2731,A cab is a vehicle for hire,Un taxi es un vehculo de alquiler,taxi
2732,a type of waterbird,un tipo de ave acuática,ganso
2733,a strong and pleasant smell,un fuerte y agradable olor,aroma
2734,the force that attracts objects towards each other,la fuerza que atrae objetos hacia cada otro,gravedad
2735,to join or link two things together,unir o enlazar dos cosas,conectar
2736,a formal agreement between two or more countries or organizations to cooperate on a common goal,un acuerdo formal entre dos o más países o organizaciones para cooperar en un objetivo común,alianza
2737,the ratio of the size or degree of one thing to that of another,la relación de la tamaño o grado de una cosa con respecto a otra,proporción
2738,A condition that affects a person's ability to function normally in daily life.,Un estado que afecta la capacidad de una persona para funcionar normalmente en su vida diaria.,discapacidad
2739,"A group of animals, especially cattle or deer.","Un grupo de animales, especialmente ganado o ciervos.",manada
2740,to remove the outer layer of a fruit or vegetable,quitar la capa externa de un fruto o verdura,pelar
2741,"a fight or struggle, especially a war",un combate o lucha,combate
2742,"to exchange or convey information, thoughts, or feelings through a common system of symbols, signs, or behavior.","intercambiar o transmitir información, ideas o sentimientos mediante un sistema común de símbolos, señales o comportamientos.",comunicar
2743,A small domesticated mammal often kept as a pet.,Un pequeño mamífero doméstico a menudo mantenido como mascota.,gatito
2744,to take or receive something eagerly or quickly,tomar o recibir algo con entusiasmo o rapidez,cucharada
2745,A raised surface for holding objects.,Un espacio elevado para sostener objetos.,estante
2746,the act of showing kindness or compassion to someone who deserves it.,la acción de mostrar amabilidad o compasión a alguien que la merece.,misericordia
2747,to find a solution to a problem,encontrar una solución a un problema,resolver
2748,relating to or affecting all people or things,relacionado con o que afecta a todos los seres humanos o cosas,universal
2749,Relating to or supporting the government of a republic.,Relacionado con o apoyando el gobierno de una república.,republicano/republicana
2750,to decline or reject something,negarse a algo,negarse
2751,a substitute for something or someone,un sustituto de algo o alguien,substituto
2752,Fruity and acidic in taste.,Dulce y ácido al paladar.,tarta
2753,to determine the amount of something that a person or animal has,determinar la cantidad de algo que una persona o un animal tiene,pesar
2754,of or relating to a coast; situated near the sea.,de o relacionado con una costa; situado cerca del mar.,costero/costera
2755,something that is certain to happen or be true,algo que está asegurado de ocurrir o ser cierto,inevitable
2756,The natural environment in which an animal or plant lives.,El entorno natural en el que un animal o planta vive.,hábitat
2757,"relating to or characteristic of an earlier period, often in a way that is considered attractive or nostalgic.","relacionado con o característico de un período anterior, a menudo de manera que es considerado atractivo o nostálgico.",vendimia
2758,used to indicate something in addition to or beside something else,usado para indicar algo además de o junto a algo más,además de
2759,thee is an archaic second-person singular object pronoun.,ti es una pronombre objectivo en singular del segunda persona en arcaico.,ti
2760,relating to the arrangement or organization of parts in a way that makes something stable and strong.,relacionado con la disposición o organización de partes en un modo que hace que algo sea estable y fuerte.,estructural
2761,a practice session for an event or performance,una sesión de práctica para un evento o actuación,ensayo
2762,extremely pleasing or enjoyable.,muy agradable o disfrutable.,encantador/encantadora
2763,The act of being committed to someone or something for a specified period.,El acto de estar comprometido con alguien o algo durante un período específico.,compromiso
2764,Having or showing a modest and unassuming personality.,Teniendo o demostrando una personalidad modesta e insegura.,humilde
2765,A container used for boiling water.,Un recipiente utilizado para calentar agua.,tetera
2766,"A monument representing a person or animal, often made of stone or metal.","Un monumento que representa una persona o animal, a menudo hecho de piedra o metal.",estatua
2767,A ferry is a boat that carries people or vehicles over a body of water.,Un ferry es un barco que transporta personas o vehculos sobre un cuerpo de agua.,ferry
2768,A direction or course in which something is moving or developing,Una dirección o curso en el que algo está moviéndose o desarrollándose,tendencia
2769,A person's desire to eat or enjoy food,El deseo de comer o disfrutar de la comida,apetito
2770,to produce or create something,producir o crear algo,generar
2771,A person who plays a musical instrument.,Una persona que toca un instrumento musical.,músico/música
2772,"having a unique or unusual character, feature, or quality.",teniendo un carácter o cualidad única,distintivo/distintiva
2773,"A sudden attack or invasion, typically by a group of people.","Un ataque o invasión repentina, a menudo realizada por un grupo de personas.",redada
2774,a person who bids on something,una persona que hace un ofrecimiento,licitador/licitadora
2775,Extremely dry and crunchy in texture,Muy seco y crujiente en textura,crujiente
2776,to determine the value or quality of something,determinar el valor o cualidad de algo,evaluar
2777,occurring or done every week,ocurriendo o realizándose cada semana,semanal
2778,A person who works in a private house and is responsible for performing various domestic tasks.,Un hombre o mujer que trabaja en una casa privada y es responsable de realizar diversas tareas domésticas.,sirviente
2779,The act of formally ending a marriage.,El acto de formalmente poner fin a un matrimonio.,divorcio
2780,extremely far away in space or time,extremadamente lejano en el espacio o el tiempo,distante
2781,the act of getting revenge for a wrong or injury,el acto de obtener venganza por un error o lesión,venganza
2782,to change the form or nature of something,cambiar la forma o naturaleza de algo,transformar
2783,"a branch of science that deals with the design, development, and application of software and hardware systems.","una rama de la ciencia que se ocupa del diseño, desarrollo y aplicación de sistemas de software y hardware.",tecnología
2784,The surname is a hereditary name that identifies an individual's family lineage.,El apellido es un nombre hereditario que identifica la línea de familia de una persona.,apellido
2785,A person who specializes in performing surgical operations.,Un profesional que se especializa en realizar operaciones quirúrgicas.,cirujano/cirujana
2786,a large mass of matter that is compact and irregular in shape.,un gran grupo de materia que es compacto y tiene una forma irregular.,bulto
2787,The sound a cow makes.,El sonido que produce la vaca.,moo (sonido de vaca)
2788,A level of quality or standard.,Un nivel de calidad o estándar.,par
2789,extremely large in size or amount,muy grande en tamaño o cantidad,mega
2790,A highly corrosive and acidic substance that can cause chemical burns.,Una sustancia altamente corrosiva y ácida que puede causar quemaduras químicas.,ácido
2791,a widely accepted view or opinion,una opinión ampliamente aceptada,consenso
2792,to arrange or dispose things in an orderly and systematic way,a organizar o disposicionar las cosas de una manera ordenada y sistemática,organizar
2793,A style of dance music characterized by its upbeat tempo and often used for formal dance events.,Estilo de música de baile caracterizado por su ritmo rápido y a menudo utilizado para eventos de baile formales.,disco
2794,"to increase in size, extent, or degree","aumentar en tamaño, extensión o grado",expandir
2795,A victorious achievement or event.,Un logro victorioso o evento.,triunfo
2796,"A person who creates music, especially orchestral or choral works.","Un persona que crea música, especialmente obras orquestales o corales.",compositor/compositora
2797,Having a lot of space or room.,Teniendo mucho espacio o habitación.,espacioso/espaciosa
2798,having or showing skill and imagination in a creative way,dando muestra de habilidad y creatividad en un modo artístico,artístico/artística
2799,Not visible to the naked eye or detectable by ordinary means.,No visible para la vista o detectable por medios normales.,invisible
2800,the act of helping or supporting someone,el acto de ayudar o apoyar a alguien,asistencia
2801,The process of explaining the meaning of a term or phrase.,El proceso de explicar el significado de un término o frase.,definición
2802,A person born at the same time as another,Una persona nacida al mismo tiempo que otra,gemelo/gemela
2803,a meal eaten in the evening,una comida comida por la noche,cena
2804,a person who fights in a contest or battle,un hombre o mujer que lucha en un combate o batalla,luchador/luchadora
2805,a false promise of something that is not available or intended to be given,una promesa falsa de algo que no está disponible o se ha ofrecido intencionalmente,estafa
2806,a slight tapping or pressing with the fingers,un leve golpe o presión con los dedos,pellizco
2807,a law enforcement officer,un oficial de aplicación de la ley,policía
2808,A fabric used for making clothing and other textiles.,Un tejido utilizado para hacer ropa y otros tejidos.,tela
2809,extremely inclined or sloping upward,extremadamente inclinado o empedrado en forma vertical,empinado/empinada
2810,a decision made by a governing body or authority.,una decisión emitida por un órgano gubernamental o autoridad.,decisión
2811,A natural feeling or ability that is present from birth and guides an individual's actions without conscious thought.,Un sentimiento o capacidad natural que está presente desde el nacimiento y guía las acciones de la persona sin pensamiento consciente.,instinto
2812,A situation or set of circumstances that is being considered as a basis for making decisions.,Un estado o conjunto de circunstancias que se considera como base para tomar decisiones.,escenario
2813,of lesser importance or rank,de menor importancia o rango,secundario/secundaria
2814,a messy or dirty place or substance.,un lugar o sustancia sucia o suciosa.,estiércol
2815,A feeling of intense anger or exasperation at a situation that is frustrating or difficult to resolve.,Un sentimiento de irritación intensa o desesperanza ante una situación frustrante o difícil de resolver.,frustración
2816,"A bag made of fabric or other material, typically with a separate opening for the contents.","Un saco hecho de tela o otro material, típicamente con un pequeño agujero para los contenidos.",saco
2817,to throw or discard unwanted or useless material,arrojar o descartar materiales innecesarios o de desecho,vertedero
2818,"a large container that holds a liquid, typically at high pressure.","una gran caja que contiene un líquido, típicamente a alta presión.",caldera
2819,A greater amount than what is needed or required.,Un exceso de lo necesario o requerido.,exceso
2820,A person who plays football professionally.,Un futbolista es un deportista que practica el fútbol de manera profesional.,futbolista
2821,relating to education or research,relacionado con la educación o la investigación,académico/académica
2822,to become or cause something to become liquid,ser o hacer algo líquido,derretir
2823,relating to the sense of sight,relacionado con la percepción visual,visual
2824,Relating to or consisting of living organisms,Relacionado con o consistente en organismos vivos,orgánico/orgánica
2825,"A formal dinner or feast, typically held for special occasions.","Una cena o comedia formal, generalmente organizada para ocasiones especiales.",banquete
2826,Very tidy and well-organized.,Muy ordenado y bien organizado.,ordenado/ordenada
2827,"A cocktail is a mixed drink typically made with a combination of spirits, liqueurs, and other ingredients such as fruit juice, flavorings, or herbs.","Un cóctel es una bebida mixta típicamente hecha con una combinación de espíritus, licores y otros ingredientes como jugo de frutas, sabores o hierbas.",cóctel
2828,a sign or token that indicates something,un signo o token que indica algo,indicación
2829,A person who is learning a trade or occupation under the guidance of an experienced worker.,Una persona que aprende un oficio o ocupación bajo la orientación de un trabajador experimentado.,aprendiz/aprendiza
2830,a sudden and powerful burst of electricity that occurs in the atmosphere,un súbito y poderoso destello de electricidad que ocurre en la atmósfera,relámpago
2831,A plan or scheme for doing something,Un plan o esquema para hacer algo,arreglo
2832,A word that has the same ending sound as another word.,Una palabra que tiene el mismo sonido de fin como otra palabra.,rima
2833,the seat or chair on which a king or queen sits,el asiento o silla en la que se sienta un rey o una reina,trono
2834,a small metal fastener used to join or hold things together,un pequeño gancho metálico utilizado para unir o sujetar cosas,perno
2835,A type of food made from milk and other dairy products.,Un tipo de alimento hecho con leche y otros productos lácteos.,lácteo
2836,"A pearl is a rounded or spherical object, typically made of a hard substance such as gemstone or shell.",,perla
2837,A holder is a device or object that holds or supports something.,Un tenedor es un dispositivo o objeto que sostiene o apoya algo.,tenedor/titular
2838,a state of great sorrow or distress.,un estado de gran dolor o malestar,miseria
2839,to inflict extreme pain or suffering on someone or something,sujetar a alguien o algo a extremo dolor o sufrimiento,torturar
2840,causing disgust or offense,dando disgusto o ofensa,ofensivo/ofensiva
2841,The involvement of a company in a particular activity can lead to increased revenue.,La participación de una empresa en una actividad determinada puede generar mayores ganancias.,participación
2842,"a sudden, forceful blow with the hand",un golpe rápido y fuerte con la mano,bofetada
2843,a type of fabric made from the cocoons of silkworms,una tipo de tela hecha a partir de las cojines de las orugas de la seda,seda
2844,Soil or earth material,Materia de tierra o suelo,suciedad
2845,A mixture of cooked and mashed food.,Un mezcle de comida cocida y puré.,puré
2846,a state of tension or stress,un estado de tensión o estrés,tensión
2847,A fictional or imaginary world or situation,Un mundo o situación ficticia o imaginaria,fantasía
2848,The process of designing and installing lighting systems.,El proceso de diseñar y instalar sistemas de iluminación.,iluminación
2849,A change from one state or situation to another.,Un cambio de un estado o situación a otra.,transición
2850,lacking courage or strength; greatly disappointing,falta de coraje o fuerza; muy desesperante,patético/patética
2851,To remove or clean something by rubbing it with a cloth or brush.,Quitar o limpiar algo con un paño o cepillo.,limpiar
2852,the act of thinking carefully about something,el acto de pensar cuidadosamente en algo,consideración
2853,adequate in amount or degree to meet requirements,bastante para cumplir con las necesidades,suficiente
2854,extremely violent or cruel,extremadamente violento o cruel,brutal
2855,able to break or bend easily,capaz de romperse o doblarse fácilmente,frágil
2856,a business or organization that operates a particular type of industry,una empresa o organización que opera una industria en particular,establecimiento
2857,to protect or conserve something from harm or damage,proteger o conservar algo de daño o deterioro,conservar
2858,exceptionally good or of high quality,excepcionalmente bueno o de alta calidad,excepcional
2859,"A high temperature, usually accompanied by sweating and other symptoms.","Una alta temperatura, acompañada de sudoración y otros síntomas.",fiebre
2860,to maintain a belief or attitude despite evidence to the contrary,mantener una creencia o actitud a pesar de evidencia en contra,insistir
2861,A type of edible seed,Un tipo de semilla comestible,nuez
2862,A diagram that shows the relationship between different components or data.,Un diagrama que muestra la relación entre diferentes componentes o datos.,gráfico
2863,a domesticated Asian wild ass used as a pack animal,un asno doméstico de Asia oriental utilizado como animal de carga,burro
2864,a thing that draws someone's attention or interest,una cosa que atrae la atención o interés de alguien,atracción
2865,The expertise of a skilled professional is valued in their field.,La experticia de un profesional capacitado es apreciada en su campo.,experticia
2866,"A person who has a large amount of money, typically one who has inherited or earned a fortune.","Un millonario es una persona que tiene una gran cantidad de dinero, generalmente alguien que heredó o ganó una fortuna.",millonario/millonaria
2867,Showing or feeling strong enthusiasm and excitement about something.,Mostrando o sintiendo entusiasmo y emoción fuerte por algo.,entusiasta
2868,a waste of time or resources,una desperdicia de tiempo o recursos,porquería
2869,a small mark or line used to divide or separate words or lines of text,un pequeño símbolo o línea utilizada para dividir o separar palabras o líneas de texto,guion
2870,to climb or ascend a pine tree,subir o escalar una pino,pino
2871,A type of flavoring made from the seed pods of the vanilla orchid.,Un tipo de saborizado hecho a partir de las semillas del orquídeo de vainilla.,vainilla
2872,A person who takes photographs.,Un fotógrafo es una persona que toma fotografías.,fotógrafo/fotógrafa
2873,"A type of small, sweet fruit with a red or yellow skin.",Una variedad de pequeño fruto dulce con piel roja o amarilla.,fresa
2874,a statement or account of the main points of something,una declaración o cuenta de los puntos principales de algo,descripción
2875,a musical instrument with pipes or keys that produce sound,un instrumento musical con tubos o teclas que producen sonido,órgano
2876,to change something or someone into another form,cambiar algo o a alguien en otra forma,convertir
2877,The course of events that will inevitably bring about a person's death.,El curso de eventos que inevitablemente llevarán a la muerte de una persona.,destino
2878,relating to or characteristic of a Soviet state,relacionado con o característico de un estado soviético,soviético/soviética
2879,a list of items or information,una lista de artículos o información,catálogo
2880,A dispute or debate that is unpopular and contentious,Un debate o disputa que es inpopular y controvertido,controversia
2881,relating to the spirit or soul,relacionado con el espíritu o alma,espiritual
2882,relating to the flow of electric current.,relacionado con el flujo de la corriente eléctrica.,eléctrico/eléctrica
2883,a device used to supply electrical power to a device or appliance,un dispositivo utilizado para suministrar potencia eléctrica a un dispositivo o electrodoméstico,enchufe
2884,A large white waterbird with a long neck and legs.,Un gran pájaro blanco de agua con una larga cuello y patas.,cisne
2885,A device used to keep drinks cold,Un dispositivo utilizado para mantener bebidas frías,enfriador
2886,A type of herb commonly used in cooking.,Una especie de hierba comúnmente utilizada en la cocina.,perejil
2887,a quality or characteristic that gives food a burning sensation when eaten.,una calidad o característica que le da al alimento un sentimiento de quema cuando se come.,picante
2888,causing difficulty in understanding or interpreting something.,casi imposible de entender o interpretar algo.,confuso/confusa
2889,A mechanism is a system of interrelated components that work together to achieve a specific goal or function.,Un mecanismo es un sistema de componentes interrelacionados que trabajan juntos para lograr un objetivo o función específica.,mecanismo
2890,A person who has lost something or someone.,Una persona que ha perdido algo o a alguien.,perdedor/perdedora
2891,a device that propels a stream of liquid or solid particles,un dispositivo que empuja una corriente de líquido o partículas sólidas,spray
2892,a part of an object that blocks or filters sunlight,una parte de un objeto que bloquea o filtra la luz del sol,sombra
2893,having or showing a strong liking for something,teniendo o mostrando una fuerte afición por algo,cariñoso/cariñosa
2894,having the ability to bend or change shape without breaking.,teniendo la capacidad de cambiar o doblarse sin romperse.,flexible
2895,relating to or organized around business and industry,relacionado con o organizado alrededor de la industria y el negocio,corporativo/corporativa
2896,A dinosaur is a large reptile that dominated Earth's landscapes during the Mesozoic Era.,Un dinosaurio es un gran reptil que dominó las tierras de la Tierra durante el período Mesozoico.,dinosaurio
2897,a material that is present in a thing or substance,un material que está presente en una sustancia,sustancia
2898,A thoughtful consideration of one's own thoughts and feelings.,Una consideración pensativa de sus propios pensamientos y sentimientos.,reflexión
2899,a person who feeds on the blood of the living,una persona que se alimenta del sangre de los vivos,vampiro
2900,to look into something carefully in order to understand it,m ir en profundidad algo para comprenderlo,examinar
2901,a collection of hairs on the chin or jaw of a man,una colección de pelos en la barba o ceja de un hombre,barba
2902,to offer advice or counsel,dar consejo o asesorar,aconsejar
2903,A writing instrument used for drawing and writing.,Un instrumento de escritura utilizado para dibujar y escribir.,lápiz
2904,"A telescope is a device that collects light from distant objects, such as stars or planets, to study them more closely.","Un telescopio es un dispositivo que recoge luz de objetos distantes, como estrellas o planetas, para estudiarlos más de cerca.",telescopio
2905,the cost or price of traveling,el costo o precio de viaje,tarifa
2906,A smooth paste made from cooked and blended food.,Un puré es una mezcla suave de alimentos cocidos y picados en puré.,puré
2907,A drawer is a compartment in an object that can be opened to store or retrieve things.,Un cajón es un compartimiento en un objeto que se puede abrir para almacenar o retirar cosas.,cajón
2908,The cost of an activity or transaction is considered an expense.,El costo de una actividad o transacción se considera un gasto.,gasto
2909,showing faithful devotion or allegiance,mostrando devoción o lealtad fácil,leal
2910,"A collar is a piece of equipment worn around the neck, typically to identify or restrain an animal.","Una cola es un artículo de equipo que se ajusta al cuello, generalmente para identificar o controlar a un animal.",collar
2911,to make something available to the public,hacer algo disponible al público,publicar
2912,The act of bringing something to an end.,El acto de poner algo en fin.,cierre
2913,A type of vehicle with a frame to carry people or goods.,Un tipo de vehculo con una estructura para transportar personas o mercadecia.,carruaje
2914,the act of responding to a statement or message,el acto de responder a una afirmación o mensaje,respuesta
2915,A country in West Africa.,Un país en África Occidental.,guinea
2916,the state or condition of being in charge of someone or something,el estado o condición de tener en custodia a alguien o algo,custodia
2917,to decide or fix definitely,decidir o fijar definitivamente,determinar
2918,having the quality of being lawfully or officially recognized,teniendo la calidad de ser legalmente o oficialmente reconocido,legítimo/legítima
2919,a small amount or portion of something,una pequeña cantidad o porción de algo,grano
2920,"A material made from fibers, threads, or yarns","Un material hecho de fibras, hilos o hilajuelas",tela
2921,having a pleasing and attractive quality,teniendo una calidad agradable y atractiva,elegante
2922,the archaic object form of thou,la forma arcaica del tu,tu
2923,A utensil used for eating and serving food.,Un utensilio utilizado para comer y servir comida.,tenedor
2924,A badger is a short-legged omnivorous mammal with distinctive white stripes on its forehead.,Un tejón es un mamífero carnívoro de cuatro patas con manchas blancas en su frente,tejón
2925,to make something functional or operational,hacer algo funcional o operacional,permitir
2926,intensely strong or powerful in a violent way,intensamente fuerte o poderoso de manera violenta,feroz
2927,A path through which electric current flows,Un camino a través del cual fluye la corriente eléctrica,circuito
2928,Having supreme or ultimate power; independent and self-governing.,Teniendo poder supremo o absoluto; independiente y autogobernante.,soberano/soberana
2929,a building or a place equipped with facilities for a particular purpose,un edificio o un lugar equipado con instalaciones para un propósito particular,instalación
2930,a detailed explanation or account of something,un comentario detallado o cuenta de algo,comentario
2931,The degree to which an event or situation has a profound effect on the overall outcome.,El grado en que un evento o situación tiene un profundo impacto en el resultado general.,significado
2932,"having a sharp, unpleasant taste",teniendo un sabor agrio,agrio/agria
2933,a person who repeatedly tells lies,una persona que repite mentiras,mentiroso/mentirosa
2934,A meeting or coming face to face with someone or something.,Un encuentro o el acto de encontrarse con alguien o algo,encuentro
2935,The amount spent or expected to be spent on something.,La cantidad gastada o esperada para ser gastada en algo.,gasto
2936,"A person who studies the past, especially history.","Un persona que estudia el pasado, especialmente la historia.",historiador/historiadora
2937,a person's occupation or activity,la ocupación o actividad de una persona,profesión
2938,having or characteristic of the latest fashion styles.,con el estilo de moda actual.,de moda
2939,A formal greeting or welcome speech,Un saludo formal o discurso de bienvenida,introducción
2940,The thumb is the outermost and largest digit on a human hand.,El pulgar es el dígito más grande y externo del hombre en la mano.,pulgar
2941,A person who visits a place or is received by someone.,Una persona que visita un lugar o es recibida por alguien.,visitante
2942,the act of making goods or materials available to other countries,el acto de hacer que los bienes o materiales estén disponibles para otros países,exportación
2943,A section or part of a book or other written work,Una sección o parte de un libro o otro trabajo escrito,capítulo
2944,the act of caring for a person who is ill or injured,el acto de cuidar a una persona que está enferma o herida,enfermería
2945,"A person who strikes an object or another person with a stick, especially in sports such as soccer.","Un individuo que golpea un objeto o otra persona con un palo, especialmente en deportes como fútbol.",delantero/delantera
2946,not acceptable,no aceptable,inaceptable
2947,A scam is a fraudulent activity or plan designed to deceive people out of their money or assets.,Una estafa es un acto o plan fraudulentos diseñados para engañar a las personas para obtener dinero o bienes,estafa
2948,a thin layer of material used to cover and protect surfaces,una capa delgada de material utilizado para cubrir y proteger superficies,escayola
2949,A worthless or useless item of little value.,Un objeto inútil o sin valor.,chatarra
2950,a bad or harmful habit or practice,una mala o dañina costumbre o práctica,vicio
2951,to feel great respect or admiration for something or someone,siente gran respeto o admiración por algo o alguien,admirar
2952,extremely angry or upset,enfadado o indignado extremadamente,furioso/furiosa
2953,a small pillow-like cushion for supporting the foot.,un pequeño cojín para apoyar el pie.,almohadilla
2954,A structural element that is part of a building or bridge.,Un elemento estructural que forma parte de un edificio o puente.,haz
2955,A thin piece of absorbent material used for wiping the nose or mouth.,Un trozo delgado de material absorbente utilizado para limpiar la nariz o la boca.,tejido
2956,the quality of being physically fit,la calidad de ser físicamente apto,aptitud física
2957,having or showing a feeling of optimism and confidence that things will work out well,teniendo o mostrando una sensación de optimismo y confianza que las cosas saldrán bien,esperanzado/esperanzada
2958,to do one's part or share in an activity or effort,participar o compartir en una actividad o esfuerzo,contribuir
2959,A planned course of action taken to achieve a goal or solve a problem.,Un plan de acción organizado para lograr un objetivo o resolver un problema.,iniciative
2960,A bodily function by which urine is expelled from the body.,Un funcionamiento corporal a través del cual se elimina la orina del cuerpo.,orina
2961,"A person who rides something, especially a horse.","Una persona que monta algo, especialmente un caballo.",jinete
2962,to stop working or performing a job,dejar de trabajar o realizar un empleo,jubilarse
2963,extremely crazy or unpredictable.,muy loco o impredecible.,demente
2964,"A container made of glass, metal, or plastic for storing food or other items.","Un recipiente hecho de vidrio, metal o plástico para almacenar alimentos o otros objetos.",frasco
2965,not flexible or yielding to pressure,inflexible o no cediendo a la presión,rígido/rígida
2966,A type of freshwater fish commonly found in rivers and streams.,Un tipo de pescado de agua dulce comúnmente encontrado en ríos y arroyos.,trucha
2967,a period of time during which a king or queen holds power,un período de tiempo durante el cual un rey o reina ejerce poder,reinado
2968,the fundamental nature or spirit of something,la esencia fundamental o espíritu de algo,esencia
2969,The horizon is the line or point where the earth's surface meets the sky.,El horizonte es la línea o punto donde se encuentra el suelo de la tierra con el cielo.,horizonte
2970,extremely tasty and enjoyable,muy delicioso y disfrutable,delicioso/deliciosa
2971,to make an effort to achieve something,perseguir algo o a alguien,perseguir
2972,A person who gives advice or guidance to someone in a position of authority.,Un persona que da consejo o orientación a alguien en una posición de autoridad.,asesor/asesora
2973,characterized by providing protection or defense,caracterizado por proporcionar protección o defensa,defensivo/defensiva
2974,relating to the practice of medicine.,relacionado con la práctica de la medicina.,clínico/clínica
2975,A long narrow room or passageway leading from one part of a building to another.,Un largo y estrecho pasillo que conduce desde una parte de un edificio hasta otra.,pasillo
2976,a small hole or crack that allows liquid to escape,una pequeña grieta o fugata que permite que un líquido escape,fuga
2977,a bump or blow to the body,un golpe o golpe en el cuerpo,bache
2978,a thin layer of clear ice,un capa delgada de hielo claro,glaseado
2979,a state of being completely destroyed or damaged,un estado de total destrucción o daño,naufragio
2980,a unit of currency in the United States,una unidad de moneda en los Estados Unidos,dólar
2981,to move or be suspended in the air without touching a surface,moverse o suspender en el aire sin tocar una superficie,flotar
2982,capable of being seen or perceived with the senses.,capaz de ser visto o percibido con los sentidos.,visible
2983,A person who represents a client in legal matters and advises them on the best course of action.,Una persona que representa a un cliente en asuntos legales y le da consejos sobre el mejor curso de acción.,abogado/abogada
2984,A device for making holes or cutting materials.,Un dispositivo para hacer agujeros o cortar materiales.,taladro
2985,occurring or made up of three equal parts,ocurriendo o formado por tres partes iguales,triple
2986,a vague or meaningless sound,un sonido vago o sin sentido,bla
2987,A young domestic chicken.,Un pollo joven.,pollito
2988,used to indicate possession or ownership that belongs to another person or people,se utiliza para indicar posesión o propiedad que pertenece a otra persona o personas,suyo/suya
2989,operating or functioning without human intervention.,funcionando sin intervención humana.,automático/automática
2990,the act of comparing two or more things.,el acto de comparar dos o más cosas.,comparación
2991,giving someone reason to believe in its truth or value,dando razón a alguien de creer en su verdad o valor,convincente
2992,A conservatory is a large glass building designed to bring plants and greenery indoors.,Un conservatorio es un gran edificio de vidrio diseñado para traer plantas y vegetación dentro.,conservatorio
2993,relating to or governed by a constitution.,relacionado con o gobernado por una constitución.,constitucional
2994,used to describe something that is certain or unquestionable,se refiere a algo que es seguro o no tiene duda,definitivo/definitiva
2995,a misdeed or a fault,un pecado o un error,pecado
2996,a female chicken that lays eggs,una gallina hembra que pone huevos,gallina
2997,"A small horse, especially one kept for riding or driving.",Una pequeña cabra,poni
2998,A row of shrubs or small trees planted close together,Una fila de arbustos o pequeños árboles plantados juntos cercanos,seto
2999,The study of the fundamental nature of matter and energy.,El estudio de la naturaleza fundamental de la materia y la energía.,física
3000,a person who skips or sails ahead of a ship to avoid obstacles,un capitán que hace un salto o navega por adelantado del barco para evitar obstáculos,capitán
3001,to restore something to its original state or condition,restaurar algo a su estado original o condición,reconstruir
3002,A person who lives in a particular place as their home or principal residence.,Una persona que vive en un lugar determinado como su hogar o residencia principal.,residente
3003,A person appointed to represent a country or organization in international relations.,Una persona nombrada para representar un país o organización en relaciones internacionales.,embajador/embajadora
3004,showing careful thought and consideration to avoid risk or danger.,muestra un cuidado y consideración especial para evitar riesgo o peligro.,cauteloso/cautelosa
3005,foolish or absurd,tonto o absurdo,tonto/tonta
3006,a noisy argument or quarrel,un alboroto o un discusión ruidosa,alboroto
3007,The act of taking something without permission,El acto de tomar algo sin permiso,robo
3008,a person who defies or resists authority or established rules,un individuo que se rebela contra la autoridad o las reglas establecidas,rebelde
3009,A type of grain used to make bread and other baked goods.,Un tipo de granillo utilizado para hacer pan y otros alimentos horneados.,trigo
3010,To make something not happen or to stop it from happening.,Hacer que algo no suceda o detener que suceda.,cancelar
3011,to give someone the motivation to do something,dar motivación a alguien para hacer algo,inspirar
3012,"A public display of something, such as a product or service.","Un exhibición pública de algo, como un producto o servicio.",manifestación
3013,the state of being informed or conscious about something.,el estado de estar informado o consciente de algo.,conciencia
3014,"The study of the composition, properties, and reactions of matter.","El estudio de la composición, propiedades y reacciones de los materiales.",química
3015,causing anxiety or worry,causando ansiedad o preocupación,estresante
3016,The gut is a part of the digestive system.,El intestino es una parte del sistema digestivo.,intestino
3017,The act of using explosives to attack or destroy a target.,El acto de utilizar explosivos para atacar o destruir un objetivo.,bombardeo
3018,a structure built parallel to the shore of a body of water where ships can be moored.,una estructura construida paralela a la orilla de un cuerpo de agua donde las embarcaciones pueden estar amarradas.,muelle
3019,a machine used to move or roll something,un dispositivo utilizado para mover o rodar algo,rodillo
3020,The act of giving permission or approval.,El acto de dar permiso o aprobación.,aprobación
3021,characterized by or relating to the office of a minister,caracterizado por o relacionado con el cargo de ministro,ministerial
3022,very interesting and attractive in a way that holds your attention,muy interesante y atractiva en una manera que te retiene la atención,intrigante
3023,"A precious stone, especially one that is rare and valuable.","Una piedra preciosa, especialmente una que es rara y valiosa.",gema
3024,A subtle suggestion or clue.,Una sugerencia suave o pista.,insinuación
3025,a traditional story explaining events in the past or the nature of a god,una historia tradicional que explica eventos pasados o la naturaleza de un dios,mito
3026,"a service or function that is provided by a business to its customers, such as electricity or water","un servicio o función que proporciona una empresa a sus clientes, como la electricidad o el agua",utilidad
3027,"A large reptile with a long snout and powerful jaws, commonly found in tropical waters.","Una gran reptil con un largo pico y mandíbulas poderosas, comúnmente encontrado en aguas tropicales.",cocodrilo
3028,the state of being efficient,el estado de ser eficiente,eficiencia
3029,Providing a sense of motivation and encouragement.,Sintiendo motivación y aliento.,inspirador/inspiradora
3030,slightly or profoundly deviated from the normal direction or form.,ligeramente o profundamente curvo desde la línea recta o forma normal.,doblado/doblada
3031,A flat surface for drawing or painting.,Una superficie plana para dibujar o pintar.,lienzo
3032,extremely large in amount or degree,inmenso en cantidad o grado,inmenso/inmensa
3033,"A small, industrious insect that works together with its colony.",Una pequeña y trabajadora hormiga que trabaja juntos con su colonia.,hormiga
3034,a laugh or an expression of amusement,un riso o expresón de diversión,jaja
3035,Causing or capable of causing death or serious harm.,Causando o capaz de causar la muerte o daño serio.,fatal
3036,"Relating to or consisting of a dwelling place, especially for ordinary people.","Relacionado con o perteneciente a un lugar de residencia, especialmente para personas comunes.",residencial
3037,A person who protects or defends something or someone.,Un persona que protege o defiende algo u alguien.,defensor/defensora
3038,A person who has completed a course of study or training to earn a degree.,Un individuo que ha completado un curso de estudio o capacitación para obtener una licenciatura.,graduado/graduada
3039,extensively covering or including everything necessary for a complete understanding,abarciendo integralmente todo lo necesario para una comprensión completa,integral
3040,A thin layer of water droplets suspended in the air.,Una capa delgada de gotas de agua suspendidas en el aire.,niebla
3041,A type of cereal grain that is a staple crop in many parts of the world.,Un tipo de granero que es una cultiva esencial en muchas partes del mundo.,maíz
3042,"A violent public disturbance, especially one involving a large group of people.",Un disturbio violento y público,disturbio
3043,A ballot is a paper or electronic document used for recording votes.,Una ballot es un documento escrito o electrónico para registrar votos.,votación
3044,A parish is a subdivision of a diocese in some Christian denominations.,Una parroquia es una subdivisión de un diócesis en algunas denominaciones cristianas.,parroquia
3045,The ankle is the joint that connects the tibia and fibula bones in the leg.,El tobillo es el articulo que une los huesos tibia y fibula en la pierna.,tobillo
3046,evidently visible or noticeable,aparentemente visible o notoria,aparente
3047,extremely impressive or astonishing,muy impresionante o asombroso,asombroso/asombrosa
3048,The constitution is the supreme law of a country or organization.,La constitución es la ley suprema de un país o organización.,constitución
3049,a piece of ground covered with grass,una superficie cubierta de césped,césped
3050,A medical facility providing healthcare services.,Un establecimiento médico que ofrece servicios de atención médica.,clínica
3051,"to make someone or something eligible to receive a benefit, award, or recognition.","hacer que alguien o algo sea apto para recibir un beneficio, un premio o reconocimiento.",calificar
3052,believed to be true or reliable,considerado creíble,creíble
3053,the act of examining or investigating something closely and carefully,el acto de examinar o investigar algo con cuidado y atención,escrutinio
3054,extremely thorough or detailed,extremadamente detallado o detallada,intensivo/intensiva
3055,A military unit consisting of several companies under one commander.,Un unidad militar compuesta por varias compañías bajo un comandante.,regimiento
3056,a gathering to discuss and decide on a course of action,una reunión para discutir y decidir sobre un plan de acción,concentración
3057,exclusive or unmatched,exclusive o sin igualación,único/única
3058,A person who fights in a war or is known for bravery and martial skill.,Un hombre o mujer que lucha en una guerra o es conocido por su valentía y habilidad militar.,guerrero/guerrera
3059,an unusual occurrence that is outside the norm,una ocurrencia inusual que está fuera de lo normal,excepción
3060,the state of being ready to receive something that may or may not happen,el estado de estar listo para recibir algo que puede o no suceder,expectativa
3061,a charge or payment made when crossing a border or using certain facilities,una carga o pago que se hace cuando se cruza una frontera o utiliza ciertos servicios,peaje
3062,a young cattle animal typically kept for milk or beef production until it is about one year old.,un animal de ganado joven que se mantiene por producción de leche o carne hasta que tiene unos un año.,ternero
3063,a strong spirituous drink,una bebida fortificante y espirituosa,alcohol
3064,A vital organ in the human body responsible for filtering waste and excess fluids from the blood.,Un órgano esencial en el cuerpo humano responsable de filtrar desechos y líquidos excesantes del sangre.,riñón
3065,A section of a book or other written work that is read and understood in one sitting.,Una sección de un libro o otra obra escrita que se lee y se entiende en un solo momento.,pasaje
3066,a sudden stop or cessation of movement.,un detenido momento o cesación de movimiento.,alto
3067,to assume a particular attitude or stance,asumir una postura o actitud,posar
3068,a fortified structure designed to withstand siege or attack,una estructura fortificada diseñada para resistir asedio o ataque,fuerte
3069,the process of taking photographs,el proceso de tomar fotografñas,fotografía
3070,A small rodent that climbs trees and stores nuts.,Un pequeñ roedor que ascienda a los árboles y almacena nueces.,ardilla
3071,to come into existence or become apparent,venir a existir o resultar evidente,emerger
3072,"A high-quality or exclusive product, service, or experience that is considered to be of the best.","Un producto, servicio o experiencia de alta calidad o exclusiva que se considera entre los mejores.",prima
3073,A cup used for containing and drinking liquids.,Un tazón utilizado para contener y beber líquidos.,taza
3074,A grandmother.,Una abuela.,abuela
3075,A pleasant-smelling liquid or aerosol used to fragrance the body or clothes.,Un líquido o aerosol agradablemente oloroso utilizado para fragrar el cuerpo o los vestidos.,perfume
3076,a person or thing that is a rival in competition.,una persona o cosa que es un rival en la competencia.,contendiente
3077,the act or state of being a member,el acto o estado de ser miembro,afiliación
3078,A container for holding or carrying something,Un recipiente para sostener o transportar algo,vaso
3079,a loud and deep rumbling sound caused by thunderstorms,un sonido ruidoso y profundo causado por tormentas de trueno,trueno
3080,a drink made from fermented apples,un bebida hecha de manzanas fermentadas,sidra
3081,The tummy is the body part that contains the stomach.,La barriga es el cuerpo que contiene el estómago.,barriga
3082,A student in a particular subject or course.,Un estudiante de un particular tema o curso.,alumno/alumna
3083,an idea or concept that is conceived of as a mental image,una idea o concepto que se imagina como una imagen mental,noción
3084,unfeitamente dedicado solo a sus propios intereses,de manera egoísta y exclusiva,egoísta
3085,"a supply of food, fuel, or other essential resources","un suministro de alimentos, combustible o otros recursos esenciales",disposición
3086,The state of having something as one's own,El estado de tener algo propio,propiedad
3087,the chin is the lower front part of the face,la barbilla es la parte inferior del frente del rostro,barbilla
3088,to discuss or meet in order to reach a decision,discutir o reunirse para llegar a una decisión,conferir
3089,to pull or extract something through a tube or opening,llamar o sacar algo a través de un tubo o apertura,chupar
3090,a collection of waste,un conjunto de desechos,basura
3091,The cheek is the area of the face that forms the side of the head below the eye.,La mejilla es el área de la cara que forma el lado del cráneo debajo de la ojo.,mejilla
3092,The trunk of a tree is its main stem from which branches grow.,El tronco de un árbol es su estamento principal desde el cual brotan ramas.,baúl
3093,relating to the most important part or person of something,relacionado con el parte más importante de algo,principal
3094,A rhythmic beating or pulsating motion,Un ritmo de batido o movimiento pulsátil,pulso
3095,"A needle is a small, pointed tool used to sew or puncture material.",Una aguja es un pequeño instrumento puntiagudo utilizado para coser o perforar material.,aguja
3096,relating to or consisting of Islam,relacionado con o consistente en el islam,islámico/islámica
3097,a unit of weight or measure equal to 200 milligrams,una unidad de peso o medida igual a 200 miligramos,quilate
3098,A puzzle is a problem or situation that requires skill and effort to solve.,Un rompecabezas es un problema o situación que requiere habilidad y esfuerzo para resolver.,rompecabezas
3099,a risk taken in the hope of achieving something valuable,un riesgo tomado en la esperanza de lograr algo valioso,aventura
3100,A polygon with three sides.,Un polígono con tres lados.,triángulo
3101,the event that results from a particular action or set of circumstances,el evento que resulta de una acción o conjunto de circunstancias específicas,consecuencia
3102,The provision of direction or advice for a particular situation or goal.,La provisión de dirección o consejo para una situación o meta específica.,orientación
3103,of or relating to the promotion of peace and friendly relations between countries.,relacionado con la promoción de la paz y relaciones amistosas entre países.,diplomático/diplomática
3104,A unit of area in the United States equal to about 4047 meters squared.,Unidad de área en Estados Unidos igual a unos 4047 metros cuadrados.,acre
3105,strong in body or constitution,fuerte en cuerpo o constitución,robusto/robusta
3106,To give someone a job or position.,Darle trabajo o posición a alguien.,emplear
3107,A poster is a large sheet of paper or cardboard displaying information or images.,Un cartel es una hoja grande de papel o cartulina que muestra información o imágenes.,cartel
3108,A blanket is a piece of fabric used for warmth or decoration.,Una manta es un pieza de tela utilizada para calentura o decoracion.,manta
3109,extremely good or impressive,extremadamente bueno o impresionante,legendario/legendaria
3110,The promotion of a product or service by paid advertisements or publicity stunts.,La promoción de un producto o servicio mediante anuncios pagados o estús de publicidad.,publicidad
3111,"A large country house or estate, typically of historic importance.","Un gran país o hacienda de casa, generalmente con importancia histórica.",señorío
3112,a type of winter vegetable,una especie de verdura de invierno,calabaza
3113,a promise or commitment to do something,una promesa o compromiso de hacer algo,promesa
3114,having the ability to change or develop rapidly,teniendo la capacidad de cambiar o desarrollarse rápidamente,dinámico/dinámica
3115,a term of endearment for a loved one,un término de cariño para una persona amada,cariño
3116,to set up or organize something in a systematic way,establecer o organizar algo de manera sistemática,implementar
3117,The staff at a company are referred to as its personnel.,El personal de una empresa se refiere al personal,personal
3118,"characterized by or involving a fundamental change in existing social, political, or economic structures.","caracterizado por o implicado en un cambio fundamental de las estructuras sociales, políticas o económicas existentes.",revolucionario/revolucionaria
3119,A barbecue is a outdoor cooking facility where food is grilled over direct heat.,Una barbacoa es una instalación de cocina al aire libre donde se grilla la comida sobre calor directo.,barbacoa
3120,A reduction in the price of a product or service.,Un descuento es una reducción en el precio de un producto o servicio.,descuento
3121,A small bag or case used to carry personal items,Un pequeño bolsillo o caso para llevar objetos personales,monedero
3122,the ability to see the world as it truly is,la capacidad de ver el mundo tal como es,sabiduría
3123,full of energy and life,llena de energía y vida,animado/animada
3124,the sound a dog makes,el sonido que hace un perro,ladrido
3125,A grid is a pattern of lines or squares arranged in a specific way.,Una cuadrícula es un patrón de líneas o cuadrados dispuestos en una forma específica.,cuadrícula
3126,to press or squeeze something firmly,presionar o comprimir algo firmemente,aplastar
3127,extremely good or exciting,muy bueno o emocionante,sensacional
3128,the act of forming an opinion or conjecture about something without firm evidence.,el acto de formar una opinión o conjetura sobre algo sin evidencia firme.,especulación
3129,a violent collision or conflict between two or more entities,un choque violento o conflicto entre dos o más entidades,choque
3130,having light yellow or golden hair,teniendo cabello de color amarillo o dorado,rubio/rubia
3131,the act of propelling a boat through the water using oars.,el acto de impulsar un barco a través del agua usando remos.,remo
3132,relating to the North Pole or extremely cold,relacionado con el Polo Norte o extremadamente frío,polar
3133,extremely small in scale or size,extremadamente pequeña en escala o tamaño,miniatura
3134,relating to or characteristic of a president or presidency,relacionado con o característico de una presidencia o presidencia,presidencial
3135,A lack of something needed or wanted,Falta de algo necesario o deseado,escasez
3136,relying on someone or something else for support or protection.,dependiente de alguien o algo para el apoyo o protección.,dependiente
3137,extremely bad or unpleasant,muy malo o desagradable,horrendo/horrenda
3138,her own,suya,suya
3139,a brief explosive breath of air,una breve inhalación explosiva de aire,bocanada
3140,A smoothable substance used to fill gaps in objects,Una sustancia fluida utilizada para rellenar grietas en objetos,pasta
3141,very dirty or unpleasant,muy sucio o desagradable,asqueroso/asquerosa
3142,a sport in which players roll a ball down a lane with pins at the end.,un deporte en el que los jugadores lanzan una bola por un sendero con pinos al final.,bolos
3143,extending infinitely in time or space,Extendiendo infinitamente en tiempo o espacio,interminable
3144,extremely good or admirable,muy bueno o admirable,divino/divina
3145,a substance that can cause harm or death if ingested or inhaled,una sustancia que puede causar da\u00f1o o muerte si se ingerida o inhalada,veneno
3146,The practice of helping individuals manage their mental or emotional health,La práctica de ayudar a las personas a manejar su salud mental o emocional,terapia
3147,a person or thing that is harmed or killed in an accident or war,una persona o cosa que sufre daño o muerte en un accidente o guerra,víctima
3148,A pair of blades used for cutting various materials.,Un par de cuchillas utilizadas para cortar diferentes materiales.,tijeras
3149,a person who officially acts on behalf of an organization or group.,una persona que actúa oficialmente en nombre de una organización o grupo.,representante
3150,"to express approval or appreciation with a sharp, crisp sound",expresar aprobación o aprecio con un sonido áspero y crispe,aplaudir
3151,A long narrow depression in the ground or a channel dug to convey water away from buildings,Una larga depresión estrecha en el suelo o un canal excavado para conducir agua lejos de edificios,zanja
3152,A person who trains athletes or individuals in a specific sport or activity.,Un persona que entrena atletas o individuos en una actividad específica del deporte.,entrenador/entrenadora
3153,A dart is a small missile-like object that flies straight through the air.,Un dardo es un pequeñssimo projectile que vuela recto por el aire.,dardo
3154,A conversation between two or more people.,Un diálogo entre dos o más personas.,diálogo
3155,to form a connection or relationship between two things,formar una conexión o relación entre dos cosas,asociar
3156,extremely impressive or intimidating,muy impresionante o intimidante,formidable
3157,The art or science of cooking.,El arte o la ciencia de cocinar.,cocina
3158,a strong spirituous liquor made from sugar cane byproducts or molasses,un fuerte licor espiritoso hecho de azúcares derivados del azúcar o el aceite de caña,ron
3159,to move stealthily in order to avoid detection,moverse con sigilo para evitar la detección,escabullirse
3160,the act of deceitfully gaining an unfair advantage,la acción de engañosa ganancia injusta,trampa
3161,A preliminary assessment of a person's abilities or talent.,Un examen previo para evaluar las habilidades o talento de una persona.,audición
3162,to combine two or more things to create a new mixture,combinar dos o más cosas para crear una nueva mezcla,mezcla
3163,a commercial message or announcement displayed on a website or in a magazine,un mensaje o anuncio comercial mostrado en un sitio web o en una revista,anuncio
3164,a short message posted on a social media platform,un mensaje breve publicado en una plataforma de redes sociales,tweet
3165,A header is a section at the top of a document or page that provides information about its contents.,Una cabecera es una sección ubicada en la parte superior de un documento o página que proporciona información sobre su contenido.,cabecera
3166,"covered in or filled with soft, fine hairs",cubierto de o lleno de pelos finos suaves,esponjoso/esponjosa
3167,A treatment or remedy given to patients to prevent or cure a disease.,Un tratamiento o remedio dado a pacientes para prevenir o curar una enfermedad.,medicación
3168,a structure or building that encloses something,una estructura o edificio que recoge algo,recinto
3169,a line or shape that changes direction and concave inward,una línea o forma que cambia dirección y se curva hacia adentro,curva
3170,relating to the sea or ships,relacionado con el mar o barcos,naval
3171,a thorough and complete cleaning of a surface,un limpieza exhaustiva y completa de una superficie,barrido
3172,"A small, round seed commonly used in cooking.",Un pequeño granos redondo comúnmente utilizado en la cocina.,guisante
3173,a young unmarried woman,una joven virgen,doncella
3174,A civilian is a non-military person.,Un civil es un persona no militar.,civil
3175,Having or showing the power to control or influence others significantly.,Teniendo o mostrando el poder para controlar o influir en otros de manera significativa.,dominante
3176,The electorate is the group of people who are eligible to vote in an election.,El electorado es el grupo de personas que son elegibles para votar en una elección.,electorado
3177,"A supply or quantity of goods, especially manufactured goods.","Una cantidad o suministro de bienes, especialmente bienes manufacturados.",mercancía
3178,the part of the body that runs along the back,la parte del cuerpo que se encuentra a lo largo de la espalda,columna vertebral
3179,A person who steals property from others.,Un persona que roba propiedad de otros.,ladrón/ladrona
3180,a volcanic eruption is a sudden release of energy that can cause widespread destruction,una erupción volcánica es una explosión repentina de energía que puede causar destrucción en amplias áreas,volcán
3181,The movable part of the mouth that forms the seal around the edge of the teeth.,El movimiento que forma el borde de la lengua alrededor del borde de los dientes.,labio
3182,a sudden loud cry of pain or discomfort,un grito fuerte y repentino de dolor o molestia,ay
3183,A gene is a unit of heredity that is passed from one generation to the next.,Una genes es un elemento de herencia que se transmite desde una generación a la siguiente.,gen
3184,A board game played on a square board with pieces that move according to specific rules.,Un juego de mesa jugado en una tabla cuadrada con piezas que se mueven según ciertos reglas.,ajedrez
3185,A free time activity enjoyed for relaxation or enjoyment.,Un tiempo libre disfrutado para relajación o disfrute.,ocio
3186,the state of being worthy of respect and admiration,el estado de ser digno de respeto y admiración,dignidad
3187,"a meeting or assembly of people who are all members of a particular organization, profession, or group.","una reunión o reuniones de personas que todas son miembros de una organización, profesión u grupo específico.",convención
3188,the quality of being trustworthy or believable,la calidad de ser confiable o creíble,credibilidad
3189,"to keep or hold something in mind, memory, or use","mantener o conservar algo en la mente, memoria o uso",retener
3190,A planned journey or mission often involving exploration or travel to a new place.,"Un viaje o misión planificada, a menudo con el fin de explorar o viajar a un nuevo lugar.",expedición
3191,a substance that can flow or change shape easily,un líquido que puede fluir o cambiar de forma fácilmente,fluido
3192,to make a connection between things or people,hacer una conexión entre cosas o personas,relacionar
3193,a structure at the top of a building that carries away smoke and gases,una estructura en la parte superior de un edificio que transporta humos y gases,chimenea
3194,a position or level of superiority,una posición o nivel de superioridad,rango
3195,having a tendency to wobble or sway unsteadily.,tendiente a tambalearse o moverse de manera inestable.,tambaleante
3196,lasting for a long time; enduring,duradero durante un tiempo largo; resistente,duradero/duradera
3197,A withdrawal or removal of troops from a place.,Una retirada o retiro de tropas de un lugar.,retirada
3198,The state of being equal or having the same status.,El estado de ser igual o tener el mismo estatus.,igualdad
3199,relating to agriculture or the cultivation of crops and raising of livestock.,relacionado con la agricultura o la cultivo de cultivos y el criadero de animales.,agrícola
3200,having a deep and abiding impact or effect,teniendo un profundo y duradero impacto o efecto,profundo/profunda
3201,the process by which the brain interprets sensory information from the environment.,el proceso por el cual el cerebro interpreta la información sensorial del entorno.,percepción
3202,to put things in order or a specific way,llamar a la atención de alguien para que haga algo concretamente,organizar
3203,to stop working or serving in a position,dejar de trabajar o servir en un cargo,dimitir
3204,"A type of sandwich typically made from a cooked patty of ground meat, served on a bun with various toppings.","Un tipo de sandicia típicamente hecha con una parrilla de pata de carne, servido en un pan con diferentes toppingos.",hamburguesa
3205,"a feeling of worry, nervousness, or unease about something","un sentimiento de preocupación, nerviosismo o inquietud sobre algo",ansiedad
3206,a firm and often unshakeable belief in a person's guilt or innocence,una creencia firme y a menudo indiscutible sobre la inocencia o culpabilidad de una persona,convicción
3207,Having a mild and subtle effect or quality.,Tener un efecto o calidad suave y sutil.,sutil
3208,a person who entertains audiences with comedy and physical antics,un hombre o mujer que entreten a las audiencias con comedia y actitudes físicas,payaso/payasa
3209,"A small house or building for one or two people, typically in a rural area.","Una pequeña casa o edificio para una o dos personas, típicamente en un área rural.",cabaña
3210,The ability to reason and draw conclusions based on evidence and sound argumentation.,La capacidad de razonar y concluir basada en evidencia y argumentación sólida.,lógica
3211,"A strong spirit made from potatoes or grapes, often used in cocktails.","Un fuerte espíritu hecho de patatas o uvas, a menudo utilizado en cócteles.",vodka
3212,to provide help or support,providar ayuda o apoyo,asistir
3213,A sum of money or goods set aside for future use.,Un monto de dinero o bienes reservado para uso futuro.,depósito
3214,A line or area that marks the limits of something.,Una línea o área que marca los límites de algo.,límite
3215,a feeling or impression that something has happened; a strong emotion,una sensación o impresión que algo ha sucedido; una fuerte emoción,sensación
3216,The study of fundamental nature of reality and knowledge,El estudio de la naturaleza fundamental de la realidad y el conocimiento,filosofía
3217,lacking the sense of hearing.,falta el sentido del oído.,sordo/sorda
3218,A sharp-edged tool for cutting or chopping.,Un filo afilado para cortar o descascar.,hoja
3219,to join or merge two or more things together,unir o combinar dos o más cosas,combinar
3220,a short burst of speed or effort,un breve intervalo de velocidad o esfuerzo,esprint
3221,a goal or aim that someone wants to achieve.,un objetivo o meta que alguien quiere alcanzar.,objetivo
3222,"relating to or involving a large amount of space, time, or resources","relacionado con una cantidad considerable de espacio, tiempo o recursos",extenso/extensa
3223,a large quantity of goods or materials carried or moved,un gran cantidad de bienes o materiales transportados o movidos,acarreo
3224,A small group or amount of something sent over a computer network.,Un pequeño grupo o cantidad de algo enviado por una red de computadora.,paquete
3225,full of energy and life,llena de energía y vida,vibrante
3226,to officially announce or confirm something,anunciar o confirmar algo oficialmente,declarar
3227,a type of small white fish,un tipo de pescado pequeño blanco,bacalao
3228,"a person who hates or discriminates against people because of their race, ethnicity, or national origin.","una persona que odia o discrimina contra las personas debido a su raza, etnia o origen nacional.",racista
3229,showing respect and consideration for others,mostrar respeto y consideración por los demás,educado/educada
3230,a protective covering of metal plates,un recubrimiento protegido de placas de metal,armadura
3231,A shepherd is a person who takes care of sheep.,Un pastor es una persona que cuida ovejas.,pastor/pastora
3232,causing or resulting in a disaster,causando o resultante en un desastre,desastroso/desastrosa
3233,A slate is a flat piece of material used for writing or drawing.,Un lápiz es una plancha plana usada para escribir o dibujar.,pizarra
3234,"To ruin or damage something by exposing it to air, heat, or other elements.","Destruir o dañar algo al exponerlo a aire, calor o otros elementos.",estropear
3235,A person who is the spiritual leader of a church or other religious organization.,Una persona que es el líder espiritual de una iglesia o otra organización religiosa.,vicario
3236,a small mammal that is often kept as a pet,una pequeña mamífero que se mantiene a menudo como mascota,conejito
3237,unwilling to do something,reacio a hacer algo,reacio/reacia
3238,causing great shock or fear,causando un gran choque o miedo,horrífico/horrífica
3239,The scope of a project refers to the range of activities and tasks involved in its execution.,El alcance de un proyecto se refiere al rango de actividades y tareas involucradas en su ejecución.,alcance
3240,A profound and lasting emotional or psychological wound.,Un herido profundo y duradero en el plano emocional o psicológico.,trauma
3241,the act of showing reverence for a deity or higher power,el acto de mostrar reverencia a un dios o poder superior,adoración
3242,A liquid substance used for writing or printing.,Un líquido utilizado para escribir o imprimir.,tinta
3243,A subculture characterized by its rejection of mainstream values and its emphasis on nonconformity.,Un movimiento de subcultura que rechaza los valores principales y destaca la no conformidad.,punk
3244,to produce a sound that is repeated back,producir un sonido que se repite de regreso,eco
3245,A tickle is a light and playful touch or caress that creates a pleasant sensation of amusement.,Las cosquillas son un toque ligero y juguetón que crea una sensación agradable de diversión.,cosquillas
3246,Located or situated in a more proximate place.,Ubicado o situado en un lugar más cercano.,más cerca
3247,the state of not being present or available,el estado de no estar presente o disponible,ausencia
3248,A region of a country or state with its own local government.,Una región de un país o estado con su propio gobierno local.,provincia
3249,causing emotional disturbance or anxiety,causando disturbo emocional o ansiedad,perturbador/perturbadora
3250,to accept or admit the truth of something,acceptar o admitting la verdad de algo,reconocer
3251,A predator is an animal that hunts and eats other animals.,Un depredador es un animal que caza y come a otros animales.,depredador
3252,A system using radio waves to detect and locate objects.,Un sistema que utiliza ondas de radio para detectar y localizar objetos.,radar
3253,A spirit flavored with juniper berries.,Un espíritu aromatizado con bayas de juniper.,ginebra
3254,to motivate or drive someone to do something,motivar o impulsar a alguien a hacer algo,instar
3255,A macro is a high-level representation of instructions that can be used to automate repetitive tasks.,Un macro es una representación de instrucciones en un nivel superior que puede usarse para automatizar tareas repetitivas.,macro
3256,to hold or take someone or something in one's arms,sostener o tomar a alguien o algo en los brazos,abrazar
3257,to swallow something is to put it into one's mouth and swallow it,tragar algo es ponerlo en la boca y tragarlo,tragar
3258,A portable device with fabric and a rigid frame that protects against rain.,Un dispositivo portátil con tela y marco rígido que protege contra la lluvia.,paraguas
3259,"the quality of being consistent in behavior, actions, or results.","la calidad de ser consistente en comportamiento, acciones o resultados.",consistencia
3260,"a lightweight, uncontrolled aircraft that flies through the air",un avión ligero y no controlado que vuela a través del aire,cometa
3261,to explain or describe something in detail,explicar o describir algo con detalle,definir
3262,A person who is a member of a country or state.,Un ciudadano es un individuo que tiene la nacionalidad de un país o estado.,ciudadano/ciudadana
3263,A place of safety and refuge.,Un lugar de seguridad y refugio.,refugio
3264,"corrupting or poisonous to the mind, body, or environment","corrompedor o tóxico para la mente, cuerpo o entorno",tóxico/tóxica
3265,A person skilled in magic or sorcery.,Un individuo experimentado en magia o hechicería.,mago/maga
3266,A colony is a body of people who live in a region under the control and influence of another country.,Una colonia es un grupo de personas que viven en una región bajo el control y la influencia de otro país.,colonia
3267,A person or vehicle that carries goods,Una persona o vehculo que transporta mercancias,portador/portadora
3268,A person or thing that causes something to happen or be started.,Un persona o cosa que causa algo que sucede o se inicia.,detonante
3269,relating to education or the process of teaching and learning,relacionado con la educación o el proceso de enseñanza y aprendizaje,educativo/educativa
3270,to throw or cast something upward or forward,lanzar algo o alguien hacia arriba o hacia adelante,lanzar
3271,expressing or feeling intense sadness or hatred,expresando o sintiendo gran tristeza o odio,lúgubre
3272,The jaw is the part of the human face that contains the teeth.,La mandíbula es la parte del rostro humano que contiene los dientes.,mandíbula
3273,to pile something on top of each other,apilar algo sobre otros,pila
3274,A sleeve is a fabric covering for the arm of a garment.,Una manga es una cobertura de tela para el brazo de un vestido.,manga
3275,a prolonged period of abnormally low rainfall resulting in water shortage.,un período prolongado de baja precipitación normal causando escasez de agua.,sequía
3276,a plant with leaves and seeds used as a spice,una planta con hojas y semillas utilizada como especia,cilantro
3277,A flightless bird that lives in the Southern Hemisphere,Un ave voladora que vive en el hemisferio sur del mundo,pinguino
3278,a liquid or gaseous substance that has been lost through an opening or crack in a container.,un líquido o gas que se ha perdido a través de una apertura o grieta en un recipiente.,derrame
3279,a clever or impressive feat performed for entertainment,una habilidad o impresionante actuación realizada para entretenimiento,acrobacia
3280,A sport in which skiers use skis to glide down snow-covered slopes.,Deporte en el que los esquíes se utilizan para gladir por pendientes cubiertas de nieve.,esquí
3281,moving or happening quickly,muy rápido o muy rápida,rápido/rápida
3282,the amount of water vapor in the air,la cantidad de vapores en el aire,humedad
3283,The emphasis on a particular word or phrase can change the meaning of a sentence.,El énfasis en una palabra o frase particular puede cambiar el significado de una oración.,énfasis
3284,A person who tends to gardens and plants.,Un hombre o mujer que cuida jardines y plantas.,jardinero/jardinera
3285,many in number or amount,muy grande número o cantidad,numeroso/numerosa
3286,a set of machines and tools used to make or repair something,un conjunto de máquinas y herramientas utilizadas para hacer o reparar algo,maquinaria
3287,"a test or series of tests designed to assess knowledge, skills, or character.","un examen o serie de exámenes diseñados para evaluar conocimiento, habilidades o carácter.",examen
3288,A style of partner dance that originated in Argentina and Uruguay.,Un estilo de baile en pareja que se originó en la Argentina y el Uruguay.,tango
3289,A surface formed by the gradual incline of land or a man-made structure,Un superficie formada por la inclinación gradual de tierra o una estructura artificial,pendiente
3290,A breach is a failure to comply with a legal or contractual requirement.,Una brecha es una falta de cumplimiento con un requisito legal o contractual.,brecha
3291,a feeling of attraction or admiration for someone or something,un sentimiento de atracción o admiración hacia alguien o algo,glamour
3292,lacking brightness or color,falta de brillo o color,pálido/pálida
3293,A person who rejects or rebels against authority or convention.,Un individuo que rechaza o rebota contra la autoridad o la convención.,pícaro/pícara
3294,"A light, airy part of a bird's wing.",Un ligero pedazo de la ala de un ave.,pluma
3295,a state of being in harmony with others or with oneself,un estado de armonía con otros o consigo mismo,armonía
3296,The quality that distinguishes humans from other living things.,La calidad que distingue a los humanos de otros seres vivos.,humanidad
3297,a feeling of comfort and gentleness,un sentimiento de confort y suavidad,calor
3298,The basic principles of a subject are its fundamental concepts.,Los principios básicos de un tema son sus conceptos fundamentales.,básicos
3299,A stag is a mature male deer.,Un ciervo es un macho adulto de ciervo.,ciervo
3300,"A curved structure, typically made of stone or metal, supporting a building or spanning an opening.","Una estructura curva, generalmente hecha de piedra o metal, que apoya una edificación o cruza un aberturo.",arco
3301,a natural scene or view,un escenario natural o vista,paisaje
3302,The process by which species change over time through genetic variation and natural selection.,El proceso por el cual las especies cambian a lo largo del tiempo mediante variación genética y selección natural.,evolución
3303,relating to the application of scientific methods to legal issues.,relacionado con la aplicación de métodos científicos a cuestiones legales.,forense
3304,providing help or encouragement,proporcionando ayuda o aliento,apoyativo/apoyativa
3305,A violent thrust of a sharp object into the body.,Un golpe violento de un objeto afilado en el cuerpo.,apuñalamiento
3306,the quality of being new or unusual,la calidad de ser nuevo o extraño,novelty/novedad
3307,a continued effort to achieve a goal or end,un esfuerzo continuo por lograr un objetivo o fin,persecución
3308,A substance applied to surfaces to make them shiny and waterproof.,Un producto aplicado a superficies para hacerlas brillantes y impermeables.,cera
3309,"having a sharp, bitter taste",teniendo un sabor amargo,salado/salada
3310,to smell or detect something using the nose,olfetear o detectar algo con el nariz,olfatear
3311,to deceive or mislead someone intentionally,engañar a alguien intencionadamente,engañar
3312,free from bias or prejudice; impartial.,libre de sesgo o prejuicio; imparcial.,neutral
3313,a leafy green vegetable often used in salads and smoothies.,una hoja verde comestible a menudo utilizado en ensaladas y batidos.,espinaca
3314,A hobby is an activity that you enjoy doing in your free time.,Un pasatiempo es una actividad que disfrutas haciendo en tu tiempo libre.,pasatiempo
3315,"A writing instrument made of a soft, white material.",Un instrumento de escritura hecho de un material blanco suave.,tiza
3316,the space at the edge of something,el espacio en la parte externa de algo,margen
3317,A battery is a device that stores electrical energy in the form of chemical energy.,Una batería es un dispositivo que almacena energía eléctrica en forma de energía química.,batería
3318,A person or group sent to a country to act on behalf of their government.,Un individuo o grupo enviado a un país para actuar en nombre de su gobierno.,representación
3319,very potent or powerful,extremadamente potente o poderoso,explosivo/explosiva
3320,"A crust is the outermost layer of something, such as a cake or an apple.",Corteza es la capa externa de algo,corteza
3321,Lacking depth or substance,Carencia de profundidad o sustancia,poco profundo
3322,a dish made by simmering meat or fish in liquid,un plato hecho removiendo carne o pescado en líquido,estofado
3323,A cartoon is a type of animation.,Un dibujo animado es una forma de animación.,dibujo animado
3324,relating to or characteristic of tropical regions,relacionado con o característico de regiones tropicales,tropical
3325,The state of being pregnant.,El estado de estar embarazada.,embarazo
3326,"the act of introducing new or improved methods, products, or processes","el acto de introducir nuevos o mejorados métodos, productos o procesos",innovación
3327,the sport of performing physical exercises and activities,el deporte de realizar ejercicios y actividades físicas,atletismo
3328,a bouncy thing is one that springs back quickly when you press or hit it.,Un objeto elástico es un objeto que vuelve a su forma original rápidamente cuando se lo presiona o golpea.,elástico/elástica
3329,A savory sauce made from the juices of meat or poultry.,Una salsa salada hecha de las jugos de carne o pollo.,salsa
3330,A person who is owned by another person or organization and is forced to work against their will.,Un persona que está en posesión de otra persona o organización y es forzada a trabajar contra su voluntad.,esclavo/esclava
3331,moving or able to move quickly,moviéndose o capaz de moverse rápidamente,rápido/rápida
3332,a preliminary version of a document or plan,una versión preliminar de un documento o plan,borrador
3333,to walk or travel from place to place without a particular destination,caminar o viajar de un lugar a otro sin un destino específico,vagar
3334,having a strong and unpleasant odor.,con un fuerte y desagradable olor.,hediondo/hedionda
3335,having or showing a strong tendency to behave aggressively or cruelly,teniendo o mostrando una tendencia fuerte a comportarse de manera agresiva o cruelmente,vicioso/viciosa
3336,a quality or feeling of being pleasant and enjoyable,una calidad o sensación de ser agradable y delicioso,dulzura
3337,a large quantity or amount,una gran cantidad o cantidad,tonelada
3338,A towel is a piece of fabric used for drying the body after bathing or showering.,Una toalla es una pieza de tela utilizada para secar el cuerpo después de bañarse o ducharse.,toalla
3339,A palm tree is a large evergreen plant native to tropical regions.,Un árbol de palma es un gran árbol evergreno originario de regiones tropicales.,palma
3340,covered in or consisting of mud,cobrado de barro,enfangado/enfangada
3341,"A long, narrow piece of material used in printing or writing.",Una pieza recta y estrecha de materia usada en la impresión o escritura.,columna
3342,"a type of powered, fixed-wing aircraft",un tipo de avión ligero motorizado con alas fijas,aeroplano
3343,a strong and often unhealthy desire to have or do something,una fuerte y a menudo saludable obsesión,obsesión
3344,The process of discussing and agreeing on terms or conditions.,El proceso de discutir y acordar términos o condiciones.,negociación
3345,capable of being renewed or restored,capaz de ser renovable,renovable
3346,to touch something with one's tongue,tocar algo con la lengua,lamer
3347,to make something seem fair or reasonable,hacer que algo parezca justo o razonable,justificar
3348,the agreement to do something voluntarily and without being forced or threatened.,el acuerdo de hacer algo voluntariamente sin ser forzado o amenazado.,consentimiento
3349,relating to or consisting of a group of individuals associated for a common purpose,relacionado con o consistente en un grupo de individuos asociados para un fin común,colectivo/colectiva
3350,A disturbance or interruption that has an adverse effect on a process or system.,Un disturbio o interrupción que tiene un efecto adverso en un proceso o sistema.,disrupción
3351,The state of being civilized,El estado de la civilización,civilización
3352,extensive and thorough,amplio y exhaustivo,generalizado/generalizada
3353,"A secret plan to achieve a goal or accomplish something, especially by deceitful means.","Un plan secreto para lograr un objetivo o alcanzar algo, especialmente mediante medios engañosos.",conspiración
3354,The ability to discern the flavor of food or drink.,La capacidad de distinguir el sabor de la comida o bebida.,cata
3355,The part of a plant that grows underground and produces new plants,La parte de una planta que crece en el suelo y produce nuevas plantas,tallo
3356,A device used to clean floors and surfaces by sucking up dirt and debris.,Un dispositivo utilizado para limpiar pisos y superficies aspirando el polvo y desechos.,vacío
3357,to take the next step in a process or situation,sustener el paso en un proceso o situación,proceder
3358,able to be trusted or depended on,capaz de ser confiable,fiable
3359,a person who performs or entertains an audience,una persona que interpreta o entreten a una audiencia,intérprete
3360,A person elected to represent a constituency or area.,Una persona elegida para representar una constituencia o área.,concejal
3361,A formal expression of desire to attend a social event or occasion.,Una expresión formal de deseo de asistir a un evento o ocasión social.,invitación
3362,A remarkable event or situation that is widely observed and studied.,Un evento o situación notable que se observa y estudia ampliamente.,fenómeno
3363,a temporary stop in a sequence of events or actions.,un intervalo temporal entre eventos o acciones,pausa
3364,a set of bad or unpleasant circumstances that occur together,un conjunto de circunstancias desagradables o indeseables que ocurren juntas,depresiones
3365,A small ball-shaped piece of calcium carbonate used in decorative objects and as a material for sculpture.,Un pequeño bocado de calcita usada en objetos decorativos y como material para la escultura.,mármol
3366,A person who operates an aircraft designed to drop bombs.,Un persona que opera un avño diseñado para derrambar bombas.,bombardero
3367,A person who rides and controls a horse during racing.,Un persona que monta y controla un caballo durante carreras.,jockey
3368,very tasty or flavorful,muy sabroso o de sabor intenso,jugoso/jugosa
3369,a biological agent that replicates itself by attacking the cells of an organism,un agente biológico que se replica mediante el ataque a las células de un organismo,virus
3370,A long and deliberate step,Un paso largo y deliberado,paso largo
3371,deadly or causing death,letal o causante de muerte,letal
3372,The mechanism for controlling the movement of a vehicle.,El mecanismo que controla el movimiento de un vehculo.,dirección
3373,Having the same essential character or qualities as another.,Teniendo el mismo carácter esencial o cualidades que otro.,idéntico/idéntica
3374,The occupation or job that someone does for a living.,La ocupación o trabajo que hace alguien por la vida.,ocupación
3375,The act of watching or monitoring something or someone for security reasons.,El acto de observar o vigilar algo o a alguien para razones de seguridad.,vigilancia
3376,a person between the ages of 13 and 19,una persona entre los 13 y 19 años,adolescentes
3377,a feeling of great excitement or enjoyment,una sensación de gran emoción o disfrute,emoción
3378,to expel fluid from the mouth through the nose or between the lips.,expulsar fluido del boca mediante el nariz o entre las mejillas.,escupir
3379,a room or space beneath the level of the main floor of a building,una habitación o espacio debajo del nivel principal de la planta de un edificio,sótano
3380,the act of evaluating or deciding the quality of something.,el acto de evaluar o decidir la calidad de algo.,juicio
3381,A set of documents or records of events that have occurred during a particular period of time.,Un conjunto de documentos o registros de eventos ocurridos durante un período determinado de tiempo.,procedimientos
3382,To express praise or admiration for someone's achievement.,Exprimir elogio o admiración por una logra de alguien.,felicitación
3383,"informal news or talk about other people's personal lives, especially rumors or unverified information.","informal noticias o charlas sobre la vida personal de otras personas, especialmente rumores o información no verificada.",chisme
3384,A score or assessment used to evaluate the quality of something.,Una puntuación o evaluación utilizada para evaluar la calidad de algo.,calificación
3385,a young dog,un perro joven,cachorro/cachorra
3386,"A collection of items that serve as mementos or reminders of a particular event, person, or period.","Una colección de objetos que sirven como recuerdos o recordatorios de un evento, persona o período específico.",recuerdos
3387,having a great influence on something or someone,teniendo un gran influjo en algo o alguien,influenciador/influenciadora
3388,A bend in the arm,Un giro del brazo,codo
3389,A preliminary drawing or outline of a subject.,Un boceto inicial o esquema de un tema.,boceto
3390,A tool with a sharp blade used for chopping or cutting,Un instrumento con un filo afilado utilizado para cortar o taladrar,hacha
3391,to create or cause something to start burning,crear o iniciar una chispa,chispa
3392,A plan or purpose formed by thought or decision.,Un plan o propósito formado por pensamiento o decisión.,intento
3393,A sudden understanding or enlightenment.,Una comprensión repentina o iluminación.,aja
3394,the back of the body,el parte posterior del cuerpo,trasero
3395,to support or hold up something,soportar o sostener algo,soporte
3396,"A small, usually segmented animal that has six legs and often bites or stings.",Un pequeño animal pequeño con seis piernas que a menudo muerde o pica.,insecto
3397,"A curtain is a piece of fabric hung in front of a window or door to block out light, provide privacy, or add decoration.","Una cortina es una pieza de tela colgada frente a una ventana o puerta para bloquear la luz, proporcionar privacidad o agregar decoración.",cortina
3398,lacking confidence or clarity in one's opinions or feelings.,falta de confianza o claridad en las opiniones o sentimientos,inseguro/insegura
3399,A period of 14 days.,Un período de 14 días.,quincena
3400,Artificial refers to something that is man-made or created by humans.,Artificial se refiere a algo que es creado por los seres humanos.,artificial
3401,Lacking intelligence or common sense.,Carencial o falta de sentido común.,tonto/tonta
3402,a sudden movement of the fingers or thumb on a musical instrument,un movimiento repentino de los dedos o el pulgar sobre un instrumento musical,toque
3403,A hatch is a cover or lid that opens upwards to allow access to something.,Una escotilla es una cubierta o tapa que se abre hacia arriba para permitir acceso a algo.,escotilla
3404,a person employed to manage a household or estate.,una persona que se encarga de administrar una casa o propiedad.,mayordomo
3405,the state of being faithful to an institution or person,el estado de ser leal a una institución o persona,lealtad
3406,A flu is a contagious respiratory illness caused by the influenza virus.,Una gripe es una enfermedad respiratoria contagiosa causada por el virus de la influenza.,gripe
3407,a small cup used for drinking tea,una pequeña taza utilizada para beber té,tee
3408,the state of being successful and flourishing financially,el estado de ser exitoso y florecer financieramente,prosperidad
3409,a person who lives or works near someone else,una persona que vive o trabaja cerca de alguien más,vecino/vecina
3410,a package or bundle of goods,un paquete o conjunto de bienes,paquete
3411,The monarch is a reigning king or queen.,La monarca es un rey o reina que gobierna.,monarca
3412,having or showing a strong and attractive sense of individuality or nonconformity.,teniendo o demostrando un fuerte y atractivo sentido de individualidad o desobediencia.,funky
3413,Following established rules or practices is considered conventional.,Seguir reglas o prácticas establecidas se considera convencional.,convencional
3414,causing laughter or amusement,provocando risas o entretenimiento,hilarante
3415,capable of being collected or gathered.,capaz de ser coleccionado o recogido.,coleccionable
3416,relating to or characteristic of a continent,relacionado con o característico de un continente,continental
3417,a group of people working together in a military or police context,un grupo de personas trabajando juntas en un contexto militar o policial,brigada
3418,to assume something to be true without having enough evidence,asumir algo sin evidencia suficiente,presumir
3419,to accept or agree to something as valid,aceptar o aceptar algo como válido,aprobar
3420,having a good sound or voice.,teniendo una buena voz o sonido.,vocal
3421,a garment that covers the legs and is usually worn over a pair of trousers or shorts.,un vestido que cubre los muslos y suele llevarse sobre una par de pantalones o shorts.,jersey
3422,A condition of confusion or inconsistency.,Un estado de confusión o inconsistencia.,desorden
3423,the sound of joy or amusement,el sonido del risa o el alivio de la frustración,risa
3424,the state of being widely liked or admired,el estado de ser ampliamente gustado o admirado,popularidad
3425,The wrist is the joint that connects the forearm to the hand.,La muñeca es el punto de articulación que conecta el antebrazo con la mano.,muñeca
3426,A tractor is a self-propelled agricultural vehicle used for farming and other tasks.,Un tractor es un vehículo agrícola propulsado por sí mismo utilizado para la agricultura y otras tareas.,tractor
3427,"A thick, white mass of bubbles on the surface of a liquid.",Una masa espesa y blanca de burbujas en la superficie de un líquido.,espuma
3428,"the state of being united or having a single, undivided whole",el estado de unidad o ser indivisible,unidad
3429,A borough is a division of a city or town in the United Kingdom.,Un municipio es una división de una ciudad o pueblo en el Reino Unido.,municipio
3430,A large and impressive house.,Una gran y impresionante casa.,mansión
3431,a device used to supply plants with water.,un dispositivo que suministra agua a las plantas.,riego
3432,relating to the style or design of buildings and other structures,relacionado con el estilo o diseño de edificios y otras estructuras,arquitectónico/arquitectónica
3433,A brightly colored bird known for its ability to mimic human speech.,Un ave colores vivos conocida por su capacidad de imitar el habla humana.,loro
3434,a restaurant where food is served in a casual setting,un restaurante donde se sirve comida en un ambiente casual,comedor
3435,to break or fall apart into pieces,"desmoronarse, en desmoronarse, desmoronarsese, desmoronarseyo, desmoronarseís, desmoronársese, desmoronárselo",desmoronarse
3436,the act of betting or wagering money on events with an uncertain outcome,el juego de azar y la apuesta de dinero en eventos con resultado incierto,juego de azar
3437,to remove or alleviate the feeling of uncertainty or fear that someone has about something.,remover o aliviar la sensación de incertidumbre o miedo que alguien tiene sobre algo.,tranquilizar
3438,relating to or consisting of electricity and electronics,relacionado con o consistente en electricidad y electrónica,electrónico/electrónica
3439,causing someone or something to slip or fall,dando como resultado que alguien o algo se caiga o resbale,resbaladizo/resbaladiza
3440,the act of examining something closely to determine its quality or condition,el acto de examinar algo de cerca para determinar su calidad o condición,inspección
3441,A lens is a piece of glass or plastic that focuses light to form an image.,Un lente es una pieza de cristal o plástico que concentra la luz para formar una imagen.,lente
3442,the current operating mode of a machine or system,el modo actual de operacion de una maquina o sistema,modo
3443,having or showing a gloomy and unpleasant atmosphere,teniendo o exuding un ambiente sombrío y desagradable,lúgubre
3444,A device used to slow or stop the motion of a vehicle.,Un dispositivo utilizado para ralentizar o detener el movimiento de un vehculo.,freno
3445,A group of people singing together in harmony.,Un grupo de personas que cantan juntos en armonía.,coro
3446,a type of trousers,un tipo de pantalones,vaqueros
3447,having a sour or irritable disposition,teniendo un carácter asqueoso o irritante,gruñón/gruñona
3448,a legally enforceable order or requirement.,un orden legalmente obligatorio o requerimiento.,mandato
3449,relating to money or finance,relacionado con dinero o finanzas,monetario/monetaria
3450,desirable means pleasant or attractive.,deseable significa agradable o atractivo.,deseable
3451,The quality of being open and honest in all interactions.,La calidad de ser abierta y honesta en todas las interacciones.,transparencia
3452,A genre of music characterized by rhythmic speech and lyrics that convey personal experiences or stories.,Un género de música caracterizado por un ritmo y discursos que transmiten experiencias personales o historias.,rap
3453,a long thin invertebrate animal that lives in the ground,un animal invertebrado largo y delgado que vive en el suelo,gusano
3454,a temporary agreement to use something in exchange for payment or other benefits,un acuerdo temporal para utilizar algo a cambio de pago o otros beneficios,arrendamiento
3455,a light and continuous fall of raindrops,una lluvia ligera y continua de gotas de agua,llovizna
3456,to give a clear and direct impression or warning of something,dar una clara y directa impresión o advertencia de algo,indicar
3457,used to describe someone or something that stands out or is noticeable.,usado para describir a alguien o algo que se destaca o es notorio.,prominente
3458,the quality of being strong or powerful,la calidad de ser fuerte o poderoso,intensidad
3459,A tax or assessment levied by a government.,Un impuesto o carga tributaria imponida por un gobierno.,impuesto
3460,A fierce and intense anger.,Una furiosa y intensa ira.,rabia
3461,the quality of being brave,la calidad de ser valiente,valentía
3462,a feeling of regret for something you have done.,un sentimiento de arrepentimiento por algo que has hecho.,culpa
3463,A balcony is a structure built around a building or on a roof that provides a space for outdoor activities and recreation.,Un balcón es una estructura construida alrededor de un edificio o en un techo que ofrece un espacio para actividades y recreación al aire libre.,balcón
3464,"a difficult decision or situation,",,dilema
3465,a lack of strength or power.,una debilidad,debilidad
3466,having the power to make decisions that have a significant impact on the outcome of something.,teniendo el poder de tomar decisiones que tienen un impacto significativo en el resultado de algo.,decisivo/decisiva
3467,a subject of study or discussion,un tema de estudio o discusión,tema
3468,The quality of being truthful and having integrity.,La calidad de ser verdadero y tener integridad.,honestidad
3469,"The beak is a hard, pointed structure at the end of a bird's head.",El pico es una estructura dura y puntiaguda en la parte superior de la cabeza de un ave.,pico
3470,a warm and comforting food made from oats or other grains,un alimento cálido y reconfortante hecho de avena u otros granos,gachas
3471,providing or intended to provide support or security,suministrando o destinado a proporcionar apoyo o seguridad,protector/protectora
3472,a person who competes in boxing,una persona que compite en boxeo,boxeador/boxeadora
3473,A sweet treat enjoyed by people of all ages.,Un dulce disfrutado por personas de todas las edades.,caramelo
3474,a perennial herb used in cooking and medicine,un hierba perenne utilizada en la cocina y medicina,tomillo
3475,a type of spirit flavored with botanicals or fruit,un tipo de espírit y con sabor a botánicos o frutas,brandy
3476,A storey is one of the floors in a building,Un piso es una de las plantas en un edificio,piso
3477,A body of water where a river flows into the sea or another lake.,Un cuerpo de agua donde un río fluye en el mar o en otro lago.,estuario
3478,the state of expecting good things to happen,el estado de esperar que las cosas salgan bien,optimismo
3479,The amount of money earned through a business or investment.,La cantidad de dinero ganado a través de una empresa o inversión.,ganancias
3480,a person who commits acts of extreme violence or cruelty,un hombre que comete actos de violencia extrema o crueldad,salvaje
3481,A crime in which someone takes property from another by force or threats.,Un delito en el que alguien toma propiedad de otro por fuerza o amenazas.,robo
3482,a young bear of either sex before it reaches maturity,un joven osito antes de que alcance la madurez,cachorro
3483,A tyre is a ring-shaped component that surrounds and supports a wheel on a vehicle.,Un neumático es un componente cónico que rodea y apoya un eje en un vehículo.,neumático
3484,to bite or crush food with the teeth,masticar alimentos con los dientes,masticar
3485,a trip or journey into the African savanna to see wild animals.,un viaje o viaje al savana africana para ver animales salvajes.,safari
3486,a thing that prevents or hinders progress,un obstáculo que impide o dificulta el avance,obstáculo
3487,A set of instructions used to operate computer hardware or software.,Un conjunto de instrucciones utilizadas para operar el hardware o software de un ordenador.,software
3488,"A person who designs, builds, and maintains software systems.","Una persona que diseña, construye y mantiene sistemas de software.",desarrollador/desarrolladora
3489,"A type of small, sweet fruit.",Un tipo de fruta pequeña y dulce.,pera
3490,The father of a child is called Papa.,El padre de un hijo se llama Papá.,papá
3491,A group of animals that have the same species and are found together.,Un grupo de animales del mismo especie que se encuentran juntos.,rebaño
3492,A sweet and harmonious series of notes played in succession.,Una serie suave y armoniosa de notas tocadas en sucesión.,melodía
3493,the seventh day of the week,el séptimo día de la semana,séptimo/séptima
3494,a person who started a company or organization.,una persona que funda una empresa o organización.,fundador/fundadora
3495,A type of wood prized for its rich reddish-brown color and fine grain.,Un tipo de madera apreciada por su rico color rojizo y fina grano.,caoba
3496,"A person or organization that supports the idea of a classless, stateless society where all property and resources are owned collectively.","Un individuo o organización que apoya la idea de una sociedad sin clases, sin estado donde todas las propiedades y recursos son propiedad colectiva",comunista
3497,The practice of cultivating the land for food and other crops.,La práctica de cultivar la tierra para alimentos y otras culturas.,agricultura
3498,A valuable thing that provides benefit or advantage.,Un valoro que proporciona beneficio o ventaja,activo
3499,A sweet liquid substance used to add flavor and sweetness to food or drinks.,Un líquido suave y dulce utilizado para agregar sabor y dulzura a alimentos o bebidas.,jarabe
3500,a type of saltwater mollusk,una especie de molusco del agua salada,ostra
3501,A plant-based substance used in smoking and various products.,Una sustancia de origen vegetal utilizado en fumado y varios productos.,tabaco
3502,the edge or extreme point of a cliff or precipice,el borde o punto extremo de una pendiente o acantilado,borde
3503,a small amount of food eaten between meals,un pequeño plato de comida comido entre comidas,aperitivo
3504,"to beat or stir something, especially eggs for a cake","batir o revolver algo, especialmente huevos para un pastel",batidor
3505,A coffin is a box-like container made of wood or metal used to hold a deceased body.,Un ataúd es una caja rectangular hecha de madera o metal destinada para enterrar a una persona fallecida.,ataúd
3506,A musical instrument played by drawing a bow across its strings,Un instrumento musical tocado dibujando una cuerda con un bote,violín
3507,A person who has served for a long time in a particular activity or war.,Un hombre o mujer que ha servido durante mucho tiempo en una actividad o guerra determinada.,veterano/veterana
3508,a person who stands on the right of the king in a procession,el segundo que está en el lado derecho del rey durante una procesión,segundo
3509,a sequence of instructions that repeats itself indefinitely,una secuencia de instrucciones que se repite infinitamente,bucle
3510,to change something to fit a new situation or requirement,cambiar algo para que se ajuste a una nueva situación o requisito,adaptar
3511,capable of being maintained or continued; feasible,capaz de ser mantenido o continuado; viabilidad,viable
3512,a friendly hug or embrace,un abrazo amistoso o abrazo,abrazar
3513,covered in patches of uneven size and color.,cubierto en parches de tamaño y color desigual.,irregular
3514,"A simple structure made of wood or other materials, typically used as a shelter.","Una estructura sencilla hecha de madera o otros materiales, utilizada comúnmente como refugio.",cabaña
3515,A wig is a fabric structure designed to be worn on the head.,Una peluca es una estructura de tela diseñada para ser llevada sobre la cabeza.,peluca
3516,A plan of action or strategy used to achieve a specific goal.,Un plan de acción o estrategia utilizada para alcanzar un objetivo específico.,táctica
3517,a default value or option that is used when a specific alternative is not available,un valor o opción de default que se utiliza cuando una alternativa específica no está disponible,incumplimiento
3518,a loud expression of surprise or anger,un fuerte grito de sorpresa o enojo,demonios
3519,a small railway vehicle used to carry goods or passengers,un pequeño vehículo ferroviario utilizado para transportar bienes o pasajeros,carrito
3520,the process of reproducing images by means of ink on paper or other materials.,el proceso de reproducción de imágenes mediante tinta en papel o otros materiales.,impresión
3521,A slow-moving reptile with a shell.,Un reptil con una caparazón que se mueve lentamente.,tortuga
3522,The feeling of contentment and pleasure derived from a situation or activity.,El sentimiento de contentamiento y placer proveniente de una situación o actividad.,satisfacción
3523,a state of intense mental or physical suffering.,un estado de sufrimiento intenso mental o físico.,angustia
3524,"Loyal and devoted to a person, activity, or institution.","Leal y dedicado a una persona, actividad o institución.",fiel
3525,"A widening or enlargement of something in size, extent, or scope.","Un ampliación o enfoque de algo en tamaño, extensión o alcance.",expansión
3526,The person preparing the bride for marriage.,El hombre que se prepara a la novia para el matrimonio.,novio
3527,to identify or recognize something as being present or true,identificar o reconocer algo como presente o verdadero,detectar
3528,A pair of legwear consisting of a narrow pant cut above the knee.,Un par de ropa para piernas que consta de un pantalón corto hasta la rodilla,pantalones cortos
3529,having or showing cleverness and skill in finding ways to achieve an end,tenaz y astuto,astuto/astuta
3530,the starting point or place where something begins,el punto de partida o lugar donde algo comienza,origen
3531,very smooth and rich in texture,muy suave y rico en textura,cremoso/cremosa
3532,A fraction is a way of expressing a part of a whole as a ratio of two numbers.,Una fracción es una forma de expresar una parte de un todo como una proporción de dos números.,fracción
3533,A sterling is a unit of currency in the United Kingdom.,Una esterlina es una unidad de moneda en el Reino Unido.,esterlina
3534,The cargo was secured in the back of the truck.,La carga se aseguró en el fondo del camión.,carga
3535,A brass musical instrument played by blowing air through a mouthpiece.,Un instrumento musical de bronce tocado soplando aire a través de un boquete,trompeta
3536,of little importance or value,de poco importancia o valor,mero/mera
3537,existing or occurring at the same time; corresponding to something else in a way that is similar,existiendo o ocurriendo al mismo tiempo; correspondiente a algo de otra manera que es similar,paralelo/paralela
3538,"a formal declaration or statement of facts that serve as evidence of someone's character, beliefs, or actions","una declaración oficial o afirmación de hechos que actúan como evidencia de alguien carácter, creencias o acciones",testamento
3539,worthy of respect or admiration,digno de respeto o admiración,respetable
3540,The process by which a cell or organism returns to an earlier state of development or function.,El proceso por el cual un célula o organismo regresa a un estado anterior de desarrollo o función.,regeneración
3541,to share the same position or status as,compartir el mismo puesto o estado,compañero
3542,a type of internal combustion engine fuel,un tipo de combustible para motor de combustion interna,diesel
3543,"a massive region of space containing stars, stellar remnants, and interstellar gas and dust.","una gran región del espacio que contiene estrellas, restos estelares y una mezcla de gas y polvo interestelar.",galaxia
3544,"A place where stone, rock, sand, or other materials are extracted from the ground.","Un lugar donde se extraen piedras, rocas, arena o otros materiales del suelo.",cantera
3545,A type of leafy green vegetable.,Una especie de hoja verde.,lechuga
3546,a favorable event or circumstance,un evento o circunstancia favorable,bendición
3547,very close to a person you know well and trust.,muy cerca de una persona con quien se tiene una relación íntima.,íntimo/íntima
3548,"The practice of gathering and disseminating news and information, especially through publications or broadcast media.","El periodismo es el proceso de recopilar y difundir noticias y información, especialmente a través de publicaciones o medios audiovisuales.",periodismo
3549,to change one's appearance in order to deceive or hide one's true nature,cambiar una apariencia para engañar o ocultar su verdadera naturaleza,disfraz
3550,capable of being remembered; easy to recall.,capaz de ser recordado; fácil de recordar.,memorable
3551,to bring or join people together in a united action or cause.,unir a personas o grupos para crear una acción o causa unida.,unir
3552,the state or condition of being a monarch or the institution that supports monarchy,el estado o condición de ser monarca o la institución que apoya la monarquía,realeza
3553,to tuck something into a position or place,meter algo en un lugar o posición,meter
3554,to move or flow gently and continuously,moverse o fluir suavemente y continuamente,deriva
3555,a large area of land characterized by its natural state with little human influence.,un gran área de tierra caracterizada por su estado natural con poco influencia humana.,yermo
3556,A person who represents or speaks for an organization or group.,Una persona que representa o habla por una organización o grupo.,portavoz
3557,A structure extending into a body of water to provide a place for boats to land.,Una estructura que se extiende en un cuerpo de agua para proporcionar un lugar para que los barcos anulen.,muelle
3558,The lung is an organ that helps breathe.,El pulmón es un órgano que ayuda a respirar.,pulmón
3559,a large quantity or amount of something,una gran cantidad o cantidad,volumen
3560,A garment worn on the hand to keep it warm.,Un aderezo que se viste en la mano para mantenerla caliente.,guante
3561,A mosque is a place of worship for Muslims.,Una mezquita es un lugar de culto para musulmanes.,mezquita
3562,A container for carrying money and credit cards.,Un contenedor para llevar dinero y tarjetas de crédito.,cartera
3563,A sudden and often involuntary movement of the body,Un movimiento repentino y a menudo involuntario del cuerpo,meneo
3564,causing feelings of fear or unease,producir sentimientos de miedo o inquietud,espeluznante
3565,the act of riding a wave on a surfboard,el deporte de navegar en una ola sobre una tabla de surf,surf
3566,The act of training or mentoring someone to improve their skills.,El acto de entrenar o mentorizar a alguien para mejorar sus habilidades.,entrenamiento
3567,relating to books or literature,relacionado con libros o literatura,literario/literaria
3568,widely known for wrongdoing or crime.,conocido ampliamente por su participación en actividades criminales.,notorio/notoria
3569,A person's home or place of residence.,La casa o lugar de residencia de una persona.,residencia
3570,the ability of something or someone to be adapted to changing situations,la capacidad de algo o alguien para adaptarse a situaciones cambiantes,flexibilidad
3571,having the quality of not being defeated or beaten.,ayudado a no ser derrotado o batido.,imbatido/imbatida
3572,"a person who does not eat meat, fish, or poultry, often for health or religious reasons.","una persona que no come carne, pescado o ave, a menudo por razones de salud o religión.",vegetariano/vegetariana
3573,relating to or consisting of a series of steps in a continuous process.,relacionado con o consistente en una serie de pasos en un proceso continuo.,progresivo/progresiva
3574,A row of horizontal bars used for holding or supporting objects.,Una fila de barras horizontales utilizadas para sostener o apoyar objetos.,estante
3575,a feeling of hopelessness and helplessness.,un sentimiento de desesperación y desánimo.,desesperación
3576,a warning or message advising against doing something that might be dangerous,una advertencia o mensaje que advierte contra hacer algo que podría ser peligroso,precaución
3577,a small round or oval-shaped medication taken to prevent or treat a medical condition.,una pequeña medicación redonda o ovalada que se toma para prevenir o tratar una condición médica.,píldora
3578,A male child of one's brother,Un niño varón de hermano,sobrino
3579,The study of grammar is a branch of linguistics that focuses on the rules governing language structure.,El estudio de la gramática es una rama de la lingüística que se centra en las reglas que gobiernan la estructura del lenguaje.,gramática
3580,A mistress is a woman who has a close emotional or sexual relationship with a man.,Un amante es una mujer con quien tiene una relación emocional o sexual cercana con un hombre.,amante
3581,Lacking any opacity or obscurity,Sin opacidad ni ambigüedad,transparente
3582,the ability to move around freely,la capacidad de moverse libremente,movilidad
3583,A place of refuge or safety.,Un lugar de refugio o seguridad.,santuario
3584,The heel of a shoe is the back part that touches the ground.,El talón de un zapato es la parte posterior que toca el suelo.,talón
3585,a garment that is worn around the waist and covers part or all of the legs,una prenda de vestir que se ajusta al cinturón y cubre parte o toda la piernas,falda
3586,A situation or condition that can cause harm or injury.,Un estado o condición que puede causar daño o lesión.,peligro
3587,A person or organization responsible for enforcing laws and regulations.,Una persona o organización responsable de enforcear leyes y reglamentos.,regulador/reguladora
3588,A person who hires and pays another person for work.,Una persona que contrata y paga a otra persona para trabajar.,empleador/empleadora
3589,A thick and distinctive growth of hair on the upper lip.,Una cresta espesa y característica de pelo en la barbilla.,bigote
3590,required by law or regulation,requerido por ley o regulación,obligatorio/obligatoria
3591,a barrier or obstacle that must be overcome,un obstáculo que debe superarse,obstáculo
3592,the act of sliding on skis down a slope,el deporte de descender por una pista con esquís,esquí
3593,A strong and intense feeling of dislike or hostility.,Una fuerte sensación de deseo o rechazo,maldición
3594,a narrow piece of fish or meat cut from the bone for cooking.,una pieza estrecha de pescado o carne cortada desde la huesos para cocinar.,filete
3595,A hurricane is a powerful tropical cyclone with winds of at least 74 mph.,Un huracán es una tormenta tropical poderosa con vientos de al menos 74 mph.,huracán
3596,the state of having many different kinds or types of things,el estado de tener muchos diferentes tipos o variedades de cosas,diversidad
3597,The process of moving from one region to another,El proceso de mudarse de una región a otra,migración
3598,relating to the mind or mental processes,relacionado con la mente o procesos mentales,psicológico/psicológica
3599,to make someone aware of something,hacer saber a alguien algo,informar
3600,relating to or situated within buildings and their surroundings,relacionado con o situado dentro de edificios y sus alrededores,interior
3601,still whole and unbroken,intacto y sin daño,intacto/intacta
3602,to make something compulsory or obligatory,imponer algo o a alguien,imponer
3603,a surface or substance having a very low temperature.,un área o sustancia que tiene una temperatura extremadamente baja.,helado
3604,a person or thing whose presence or example inspires admiration,una persona o cosa cuya presencia o ejemplo inspiran admiración,icono
3605,A state of impending disaster or catastrophe.,Un estado de desastre iminente o catástrofe.,perdición
3606,the scientific study of living organisms and their interactions with each other and the environment.,el estudio científico de los organismos vivos y sus interacciones entre sí y con su entorno.,biología
3607,a range of frequencies or wavelengths of electromagnetic radiation,una rango de frecuencias o longitudes de onda de radiación electromagnética,espectro
3608,A person who carries out a specific task or function,Una persona que cumple una tarea o función específica,operador/operadora
3609,A device used for amplifying and transmitting sound.,Un dispositivo utilizado para amplificar y transmitir sonido.,microfono
3610,The motivation to achieve a goal can be internal or external.,La motivación para lograr un objetivo puede ser interna o externa.,motivación
3611,feeling or expressing a deep emotional attachment to something or someone.,"sentimental, con una fuerte conexión emocional.",sentimental
3612,The collection of money or property paid to a government.,La recolección de dinero o bienes pagados a un gobierno.,impuestos
3613,to stop something temporarily or suddenly,parar algo temporalmente o de repente,interrumpir
3614,the part of the mind that distinguishes right from wrong and is a source of moral guidance,la parte del cerebro que distingue lo correcto de lo incorrecto y es una fuente de orientación moral,conciencia
3615,a portion of grass or other vegetation that is carefully maintained for use as a playing field.,una parte de césped o vegetación que se mantiene cuidadosamente para ser utilizado como campo de juego.,césped
3616,A unit of volume in the metric system equal to one thousandth of a cubic meter.,Unidad de volumen en el sistema métrico igual a un milésimo de metro cúbico.,litro
3617,having a small or narrow build,teniendo un bajo o estrecho cuerpo,delgado/delgada
3618,to take on the responsibility of caring for someone or something,adoptar a alguien o algo para cuidarlo,adoptar
3619,a protective device or object used to deflect attacks,un dispositivo o objeto protegido que se utiliza para repeler ataques,escudo
3620,a type of recreational water sport in which a person rides on the surface of a wave on a surfboard.,un deporte de aguas tempranas en el que una persona se sube a un tablón para hacerle volar sobre la superficie de las olas.,surf
3621,a device for turning a handle or for making sounds,un dispositivo para girar un manije o hacer sonidos,marcar
3622,"A unit of weight equal to 1,000 kilograms.","Una unidad de peso igual a 1,000 kilogramos.",tonelada
3623,"A large, hairy, desert-dwelling mammal.",Un gran mamífero con pelo grueso que habita el desierto.,camello
3624,a device or system that transmits signals from one point to another.,un dispositivo o sistema que transmite señales de un punto a otro.,relevo
3625,A leopard is a large and powerful carnivorous mammal with distinctive spotted fur.,El leopardo es un gran y poderoso mamífero carnívoro con pelaje manchado característico.,leopardo
3626,to suggest or recommend something,sugerir o recomendar algo,proponer
3627,A warehouse is a large building for storing goods.,Un almacén es una gran edificio para almacenar mercancías.,almacén
3628,the quality of being honest and having strong moral principles,la calidad de ser honesto y tener fuertes principios morales,integridad
3629,"a mixture of spices, herbs, or other ingredients used to add flavor to food.","un mezcla de especias, hierbas o otros ingredientes utilizados para agregar sabor a la comida.",condimento
3630,to leave or desert something or someone,dejar o abandonar algo o a alguien,abandonar
3631,A flap is a piece of fabric or material that moves up and down on a hinge.,Una solapa es una pieza de tela que se mueve arriba y abajo sobre un gusete.,solapa
3632,to bring something to an end or a successful conclusion,dar cumbre a algo o llevarlo a un éxito,cumplir
3633,Having a high price or requiring a lot of money.,Teniendo un alto precio o requiriendo mucho dinero.,costoso/costosa
3634,a complex molecule that serves as the primary structural and functional unit of all living organisms.,una molécula compleja que actúa como unidad estructural y funcional principal de todos los organismos vivientes.,proteína
3635,The process of managing and organizing government offices and agencies.,El proceso de administrar y organizar los lugares gubernamentales y las agencias.,burocracia
3636,"A beauty salon is a business establishment where hairdressers and other professionals cut, color, and style hair.","Un salón de belleza es una establecimiento empresarial donde los peluqueros y otros profesionales cortan, teñen y peinan el cabello.",salón
3637,the state of being clear and easy to understand,el estado de ser claro y fácil de comprender,claridad
3638,A large ocean wave caused by earthquakes or volcanic eruptions that can cause widespread destruction.,Una gran ola del mar causada por terremotos o erupciones volcánicas que puede causar destrucción generalizada.,tsunami
3639,"A small piece of material, typically made of metal or ceramic, attached to a surface and used to honor or commemorate someone or something.","Un pequeño trozo de material, típicamente hecho de metal o cerámica, que se ata a una superficie y se utiliza para honrar o conmemorar a alguien o algo.",placa
3640,A diplomatic mission representing a country in a foreign land.,Una misión diplomática que representa un país en tierra extranjera.,embajada
3641,A pair of musicians performing together,Un par de músicos que tocan juntos,dúo
3642,"a facility offering relaxation and rejuvenation through massage, saunas, and other treatments.","un lugar que ofrece relajación y rejuvenecimiento a través de masajes, termas y otros tratamientos.",spa
3643,to happen or come into existence,ocurrir,ocurrir
3644,a substance or material formed by combining two or more substances.,una sustancia o material formado por combinando dos o más sustancias.,compuesto
3645,The process of providing food and drink for a group of people.,El proceso de brindar comida y bebida para un grupo de personas.,catering
3646,relating to or characteristic of Protestant Christianity.,relacionado con o característico de cristianismo protestante.,protestante
3647,not needed or required,no es necesario o requerido,innecesario/innecesaria
3648,The process of transporting goods from a manufacturer to a customer.,El proceso de transportar bienes desde un fabricante a un cliente.,envío
3649,A high score or a person who excels in a particular field.,Puntuación alta o persona que se destaca en un campo específico.,as
3650,a room below ground level used for storing wine and other drinks,un espacio debajo del nivel de la tierra destinado para almacenar vino y otros bebidas,sótano
3651,a mixture of flour and fat used for coating food,una mezcla de harina y grasa utilizada para cubrir alimentos,masa
3652,relating to or consisting of different kinds of things,relacionado o consistente de diferentes clases de cosas,diverso/diversa
3653,a document or statement that authorizes someone to do something,un documento o declaración que autoriza a alguien para hacer algo,orden
3654,The cost or price of something is its amount.,El costo o precio de algo es su cantidad.,precios
3655,"a small, round stone often found on the ground",una pequeña piedra redonda a menudo encontrada en el suelo,ciruela
3656,to love or cherish deeply,amar o venerar profundamente,adorar
3657,A person's temperament is their fundamental nature or disposition.,El temperamento de una persona es su naturaleza o disposición fundamental.,temperamento
3658,a nonverbal signal made by one person to communicate with another,un movimiento no verbal utilizado para comunicarse con otra persona,gesto
3659,a large appliance used to store food at very low temperatures.,una gran electrodoméstico utilizado para almacenar alimentos a temperaturas extremadamente bajas.,congelador
3660,to support or enable something to continue or last over time,sostener algo para que continúe o dure durante un período de tiempo,sostener
3661,"A type of long, thin, cylindrical pasta",Un tipo de pasta larga y delgada en forma cilíndrica,espagueti
3662,the state of being accurate and exact in measurement or judgment,el estado de ser preciso y exacto en medición o juicio,precisión
3663,completely lacking hope or a way out of a difficult situation.,del todo sin esperanza o solución para una situación difícil.,desesperado/desesperada
3664,extremely difficult or intimidating,extremadamente difícil o intimidante,abrumador/abrumadora
3665,pleasing or satisfying someone's desires,agradable o agradable al gusto,agradable
3666,A formal statement or suggestion made for consideration.,Una proposición formal o sugerencia hecha para ser considerada.,propuesta
3667,A small portion or part of something.,Un pequeño o parte de algo.,trozo
3668,A cooker is a device used for cooking.,Una cocina es un dispositivo utilizado para cocinar.,cocina
3669,relating to or having moisture.,relacionado con o poseedor de humedad.,húmedo/húmeda
3670,A saddle is a structure used to support the rider and carry loads on a horse or other animal.,Una silla de montar es una estructura utilizada para soportar al jinete y llevar carga en un caballo o otro animal.,silla de montar
3671,A candle is a device that produces light by burning wick and fuel.,Una vela es un dispositivo que produce luz quemando hilo y combustible.,vela
3672,a person who performs manual labor or services,una persona que realiza trabajo manual o servicios,blancos
3673,Having a satisfyingly firm and snappy texture.,Teniendo un textura satisfactoria y firme con una picazón,crujiente
3674,a period of time spent in a school or other institution as punishment for misbehavior.,un período de tiempo pasado en una escuela o institución como castigo por comportamiento desobediente.,detención
3675,to make something again or to form it anew,formar algo de nuevo o hacerlo de nuevo,recrear
3676,causing a feeling of dislike or discomfort,causando una sensación de repulsión o incomodidad,desagradable
3677,having or consisting of a lot of hair; thick and fuzzy,tenido o compuesto de una gran cantidad de pelo; espeso y ondulado,lana
3678,a state of decay or deterioration.,un estado de descomposición o deterioro.,podredumbre
3679,A pointed object shot from a bow or crossbow.,Un objeto puntado disparado de un arco o una arquería.,flecha
3680,extremely small in size or amount,extremadamente pequeño en tamaño o cantidad,compacto/compacta
3681,a sweet spice made from the inner bark of certain trees native to Sri Lanka and Southeast Asia,un dulce condimento hecho de la corteza interna de ciertas árboles nativos de Sri Lanka y el sudeste asiático,canela
3682,"The study and practice of installing pipes and fixtures for water supply, drainage, and heating.","El estudio y práctica de instalar tuberías y fuentes para suministro de agua, drenaje y calefacción.",fontanería
3683,A human skeleton is the framework of bones that provides structural support for the body.,El esqueleto humano es el marco de huesos que proporciona soporte estructural al cuerpo.,esqueleto
3684,extremely large or impressive,extremadamente grande o impresionante,enorme
3685,answerable to or responsible for something,responsable de algo,responsable
3686,The contents of a package or shipment determine its value and liability.,Los contenidos de un paquete o carga determinan su valor y responsabilidad.,contenidos
3687,a vacant space or position in something that is intended to be filled.,un espacio o posición vacante en algo que se espera será ocupado.,ranura
3688,a card game in which players bet on the value of their hand,un juego de cartas en el que los jugadores apostan sobre el valor de su mano,póker
3689,to cut into very small pieces,cortar en trozos muy pequeños,picada
3690,A high-pitched sound made by a small animal.,Un sonido agudo hecho por un pequeñ animaÅl.,chirrido
3691,"having or showing a strong desire for something, especially food or money","tenaz y avidez por algo, especialmente comida o dinero",codicioso/codiciosa
3692,feeling tired and lacking energy,sintiendo cansado y careciendo de energía,soñoliento/soñolienta
3693,A tattoo is a permanent design or image made on the skin.,Un tatuaje es una diseño permanente o imagen hecha en la piel.,tatuaje
3694,relating to or administered by the federal government.,relacionado con o administrado por el gobierno federal.,federal
3695,a person who buys and sells goods,un comerciante que compra y vende bienes,comerciante
3696,the act of relegating someone or something to a lower position or rank,el acto de descender a un nivel inferior o rango,descenso
3697,A type of fermented milk product.,Un tipo de leche fermentada.,yogur
3698,the adjective fab is used to describe something as excellent or of high quality.,el adjetivo fab se utiliza para describir algo como excelente o de alta calidad.,fab
3699,"a unit of measurement for speed, especially of vehicles on roads.","unidad de medida para la velocidad, especialmente de vehculos en carreteras.",millas por hora
3700,a sudden and rapid increase in amount or intensity,un aumento repentino y rápido en cantidad o intensidad,aumento
3701,A resource is something that is available to be used for a particular purpose.,Un recurso es algo que se encuentra disponible para ser utilizado en un propósito específico.,recurso
3702,A sudden and usually violent impact between two or more objects,Un choque repentino y a menudo violento entre dos o más objetos,colisión
3703,a person who actively helps or advocates for a particular cause or organization.,un hombre o mujer que activamente apoya o defiende una causa o organización.,partidario/partidaria
3704,to saturate something with liquid,saturar algo con líquido,remojar
3705,a woman whose husband has died,una mujer que ha perdido a su marido,viuda
3706,to guide the direction of something,guiar la dirección de algo,direccionar
3707,to attract and hire new members or employees for a company or organization.,atraer y contratar nuevos miembros o empleados para una empresa o organización.,reclutar
3708,The result of a mathematical operation is zero or the absence of something.,El resultado de una operación matemática es cero o la ausencia de algo.,nada
3709,to push or thrust something against someone or something,empujar o empujar algo contra alguien o algo,empujón
3710,fully explained or detailed in a thorough and systematic way.,explicado de manera completa e integral.,elaborado/elaborada
3711,to scatter small amounts of something over a surface,espolvorear algo sobre una superficie,espolvorear
3712,relating to the art of war or military strategy.,relacionado con el arte de la guerra o estrategia militar.,táctico/táctica
3713,The emission of energy in the form of electromagnetic waves or particles.,La emisión de energía en la forma de ondas o partículas electromagnéticas.,radiación
3714,A economic system in which private ownership and profit motive are the primary drivers of business.,Un sistema económico en el cual la propiedad privada y el motives del beneficio son los principales impulsores de las actividades empresariales.,capitalismo
3715,a feeling of profound respect and wonder for something impressive or beautiful,un sentimiento profundo de respeto y asombro ante algo impresionante o hermoso,asombro
3716,"A giraffe is a tall, even-toed ungulate with a distinctive neck and legs.",Una jirafa es una ungula alta y unida en sus patas con una distinguida nuca,jirafa
3717,lacking good sense or judgment,falta sentido o juicio,tonto/tonta
3718,"to become weaker or less intense in amount, quality, or degree",se debilitar o disminuir en intensidad o cantidad,desvanecerse
3719,a type of plant that grows in unwanted places,una planta que crece en lugares no deseados,hierba
3720,The science of flying and the technology used in aircraft.,La ciencia de volar y la tecnologia utilizada en los aviones.,aviación
3721,The act of carrying out a penalty or punishment.,El acto de cumplir una pena o castigo.,ejecución
3722,The surrounding area of a building or place is typically considered to be its immediate vicinity.,El área de alrededores de un edificio o lugar se considera típicamente su inmediato entorno.,alrededores
3723,to give someone reason to fear or be anxious,dar a alguien motivo para temer o sentir ansiedad,amenazar
3724,A show or display that is impressive and attractive.,Un espectáculo o presentación que es impresionante y atractiva.,espectáculo
3725,A person who directs the movement of a train or other vehicle.,Una persona que dirige el movimiento de un tren o otro vehculo.,conductor/conductora
3726,causing feelings of sadness or hopelessness,provocando sentimientos de tristeza o desesperanza,deprimente
3727,having or showing the ability to learn easily and quickly.,teniendo o mostrando la capacidad de aprender fácilmente y rápidamente.,intelectual
3728,A container for carrying goods or products.,Un recipiente para llevar bienes o productos.,carro
3729,A brief look or appearance of something.,Un vistazo breve o aparición de algo.,vistazo
3730,a part of something that is given or taken as part of a whole,una parte de algo que se da o se toma como parte de un todo,porción
3731,A dummy is a model or representation used for testing or training purposes.,Un maniquí es un modelo o representación utilizada para pruebas o entrenamiento.,maniquí
3732,A puppet is a figurine or doll that is controlled by an external power source.,Una marioneta es una figura o muñeca que se controla por una fuente de poder externo.,marioneta
3733,a highly addictive opioid drug derived from morphine.,una droga altamente adictiva del opioide derivada de la morfina.,heroína
3734,a situation or event that causes someone to feel ashamed or embarrassed,un evento o situación que provoca vergüenza o arrepiento,desgracia
3735,to be in control or have a strong influence over something,ser o tener el control de algo,dominar
3736,"to take part in an affair or dispute, especially one that is illegal or unfair","participar en una situación o disputa, especialmente aquella que es ilegal o injusta",intervenir
3737,can be reached or used by everyone; easy to use,puede ser utilizado o alcanzado por todos; fácil de usar,accesible
3738,the act of passing on property or rights from one generation to the next,el acto de pasar propiedades o derechos de una generación a otra,herencia
3739,A container is a vessel or device used to hold or carry something.,Un contenedor es un recipiente o dispositivo utilizado para sostener o transportar algo.,contenedor
3740,the act of revealing or discovering something,el acto de revelar o descubrir algo,revelación
3741,The act of giving up a job or position.,El acto de dejar un trabajo o cargo.,dimisión
3742,the ability to hold or clasp something firmly,la capacidad de sostener o agarra algo firmemente,agarre
3743,to take control of something suddenly or without warning,tomar el control de algo de manera repentina o sin preaviso,apoderarse
3744,"A loaf is a round or oval-shaped bread product, typically made from yeast and baked in an oven.",Un pan es un producto de harina fermentado que se hornea en una horno.,pan
3745,A person employed to perform domestic duties in a private house.,Una persona empleada para realizar tareas domésticas en una casa privada.,criada
3746,A luxury boat for recreation or entertainment.,Un barco de lujo para recreación o entretenimiento.,yate
3747,Good manners are those that show respect and courtesy towards others.,Los modales son esas conductas que muestran respeto y cortesía hacia los demás.,modales
3748,"a system of government where power is held by a single person, family, or group.","un sistema de gobierno en el que se concentra el poder en una sola persona, familia o grupo.",monarquía
3749,a proposed change to a law or constitution,una modificación propuesta a una ley o constitución,enmienda
3750,extremely fine or beautiful in a delicate and subtle way,extremadamente fino o hermoso en un modo delicado y sutil,exquisito/exquisita
3751,showing or involving innovation or new ideas,muestro o implica innovación o nuevas ideas,innovador/innovadora
3752,Lacking a fixed or regular pattern.,Falta de un patrón fijo o regular.,impredecible
3753,full of the spirit of celebration,lleno del espíritu de celebración,festivo/festiva
3754,Lacking experience or discernment; extremely innocent,Falta de experiencia o discernimiento; extremadamente inocente,ingenuo/ingenua
3755,Remains of a structure that has been destroyed or severely damaged.,Restos de una estructura que ha sido destruida o severamente dañada.,escombros
3756,A type of vegetable commonly used in salads and as a garnish.,Una variedad de vegetal comúnmente utilizado en ensaladas y como adorno.,pepino
3757,"A point where two or more roads, railways, etc., intersect.","Un punto donde dos o más carreteras, ferrocarriles, etc., se cruzan.",cruce
3758,Used to describe someone who drinks alcohol excessively.,Usado para describir a alguien que bebe alcohol en exceso.,alcohólico/alcohólica
3759,A person or entity that competes with another for something.,Una persona o entidad que compite con otra por algo.,competidor/competidora
3760,extremely attractive or appealing,extremadamente atractivo o atractiva,tentador/tentadora
3761,very comfortable or pleasant in a gentle way.,muy cómodo o placentero de manera suave.,cómodo/cómoda
3762,"A long, narrow elevation of land, often formed by erosion or volcanic activity.","Una elevación prolongada y estrecha de tierra, a menudo formada por la erosión o la actividad volcánica.",cordillera
3763,a strong feeling of wanting something you need,un fuerte deseo de algo que necesitas,hambre
3764,relating to or characteristic of a particular ethnic group,relacionado o característico de un grupo étnico,étnico/étnica
3765,"used to describe the position of something that occurs every four events or periods after the first six, especially in a sequence","usado para describir la posición de algo que ocurre cada cuatro eventos o períodos después de los primeros seis, especialmente en una secuencia",octavo/octava
3766,able to produce or generate something useful,capaz de producir o generar algo útil,productivo/productiva
3767,Providing easy access or use.,Proporcionando acceso o uso sencillo.,conveniente
3768,A sock is a piece of clothing that covers the foot.,Un calcetín es una parte de la ropa que cubre el pie.,calcetín
3769,"A coating of a hard, shiny substance applied to metal to protect it from rust.",Un recubrimiento de una sustancia dura y brillante aplicado a metal para protegerlo del óxido.,esmalte
3770,to wait for something to happen or be done,esperar a que algo suceda o se complete,esperar
3771,A team sport played on ice with a puck and sticks.,Un deporte de equipo jugado sobre hielo con una bala y palas.,hockey
3772,a person or device that views something visually.,un persona o dispositivo que ve algo visualmente.,espectador/espectadora
3773,to admit or acknowledge a fault or wrongdoing,admitir o reconocer un error o falt,confesar
3774,a plant part used for flavoring or medicine,una parte de planta utilizada para sabor o medicina,hierba
3775,A device that produces a concentrated beam of light through optical amplification.,Un dispositivo que produce un enfoque de luz intensa a través de la amplificación óptica.,láser
3776,a person who has committed murder,una persona que ha cometido asesinato,asesino/asesina
3777,"the act or process of using up something, such as a resource","el acto o proceso de agotar algo, como un recurso",consumo
3778,unusual or unexpected in a way that is hard to explain,anormal o inesperado de una manera que es difícil de explicar,peculiar
3779,a permanent address for electronic communication,un dirección permanente para comunicación electrónica,correo electrónico
3780,A precious stone or gemstone,Una piedra preciosa o joya,joya
3781,a circular disc-shaped object,un disco circular,disco
3782,A piece of fabric worn around the neck for warmth or fashion.,Un trozo de tela que se viste al cuello para calentar o para decorar,bufanda
3783,to fix one's gaze on something or someone for a long time,fijar la mirada en algo o alguien durante un tiempo prolongado,mirada fija
3784,The quantity of something is its amount or size.,La cantidad de algo es su cantidad o tamaño.,cantidad
3785,the act of giving something valuable to a good cause,el acto de dar algo valioso a una buena causa,donación
3786,The way in which something is shared or allocated.,El modo en que algo se comparte o asigna.,distribución
3787,the act of giving someone the strength to do something,el acto de darle a alguien la fuerza para hacer algo,ánimo
3788,"to coat or cover something, especially glass, with a thin layer of material.",cobrar o cubrir algo con una capa delgada de materia,vidriar
3789,a person who is very thin and slender.,un persona delgada y delgada.,delgado/delgada
3790,having or showing a strong feeling of opposition or aggression,teniendo o demostrando un fuerte sentimiento de oposición o agresividad,hostil
3791,a person sent ahead to explore a situation or area,un hombre o mujer enviado ante para explorar una situación o área,explorador/exploradora
3792,extremely gloomy or bleak in appearance or atmosphere,muy sombrío o desolado en apariencia o atmósfera,crudo/cruda
3793,"A person who specializes in the prevention, diagnosis, and treatment of dental problems.","Una persona que se especializa en la prevención, diagnóstico y tratamiento de problemas dentales.",dentista
3794,of unknown or unidentifiable origin,de origen desconocido o no identificable,anónimo/anónima
3795,a series of points or events that occur one after another,una serie de puntos o eventos que ocurren uno después del otro,raya
3796,to bog down in difficulties,que arrastrar a sí mismo en dificultades,pantano
3797,A flat piece of material used for sitting or lying on.,Un pedazo plano de material utilizado para sentarse o acostarse.,esterilla
3798,The act of breaking into a building with the intention of stealing something.,El acto de entrar forzadamente en un edificio con la intención de robar algo.,robo con allanamiento
3799,A motivation or reward that encourages someone to work harder or achieve something better.,Un motivador o recompensa que anima a alguien a trabajar más duro o alcanzar algo mejor.,incentivo
3800,"giving off light and heat due to chemical reactions, typically producing a bright, glowing effect.","dando luz y calor debido a reacciones químicas, típicamente produciendo un efecto brillante.",brillante
3801,to give up all hope of winning a conflict or to stop fighting,dar por vencido o cesar la lucha,rendición
3802,a formal permission or approval to do something,un permiso o autorización formal para hacer algo,autorización
3803,Lacking the usual quality or tone of what is expected in a given situation.,Falta la calidad o tono habitual de lo esperado en una situación.,inapropiado/inapropiada
3804,"A person or country that supports and assists another in a conflict, political struggle, or other challenging situation.","Un persona o país que apoya y ayuda a otro en una conflicto, lucha política o situación desafiante.",aliado/aliada
3805,a collection of data or elements organized in a structured format.,una colección de datos o elementos organizados en un formato estructurado.,matriz
3806,to provide accommodations for travelers,ofrecer alojamiento a viajeros,cabaña
3807,to give money or something of value to a charity,dar dinero o algo de valor a una organización benéfica,donar
3808,to remove or take out something from a place or situation,sacar o tomar algo de un lugar o situación,extraer
3809,relating to genes or heredity.,relacionado con genes o herencia.,genético/genética
3810,a quick look or glance at something,un vistazo rápido o una mirada a algo,vistazo
3811,A person who sails on a ship or boat.,Un hombre o mujer que navega en un barco o barco.,marinero/marinera
3812,a very painful and distressing mental or physical sensation,una sensación muy dolorosa y angustiosa mental o física,agonía
3813,A pair of glasses or a device used to control the amount of light that enters one's eyes.,Un par de gafas o un dispositivo utilizado para controlar la cantidad de luz que entra en los ojos.,sombras
3814,The release of harmful substances or pollutants into the environment.,La emisión de sustancias o contaminantes perjudiciales en el medio ambiente.,contaminación
3815,A strong and often irresistible desire or attraction,Una fuerte y a menudo irresistible atracción,tentación
3816,the ability to judge wisely and discreetly about what is right or wrong,la capacidad de juzgar sabiamente y discrecionalmente lo que es derecho o incorrecto,discreción
3817,"A state of being controlled by a desire or craving for something, especially one that is unhealthy.","Un estado de ser controlado por una desección o anhelo para algo, especialmente uno que es dañino",adicción
3818,the ability to generate new ideas or find novel solutions,la capacidad de generar nuevas ideas o encontrar soluciones innovadoras,creatividad
3819,"A soft light that is typically produced by a living thing, such as a firefly or a glowing mushroom.","Un suave resplandor producido por un ser vivo, como una chinea o un hongos que emiten luz.",resplandor
3820,A public room in a building where visitors can meet with staff or officials.,Un salón público en un edificio donde los visitantes pueden reunirse con personal o funcionarios.,vestíbulo
3821,to burst or rupture violently,estallar o romperse violentamente,explotar
3822,a long thin stick used for support by people with mobility issues.,un palo largo y delgado utilizado para apoyo por personas con problemas de movilidad.,caña
3823,lacking strength or vitality,poco fuerte o vital,débil
3824,A type of dance characterized by a rise and fall movement,Un tipo de baile caracterizado por un movimiento de levantamiento y bajada,vals
3825,distinguished from others in a noticeable way,distinguido de otros de una manera notoria,distinto/distinta
3826,A unit of measurement equal to one trillion.,Unidad de medición igual a un billón.,billón
3827,relating to or consisting of machinery or mechanisms.,relacionado con o consistente en máquinas o mecanismos.,mecánico/mecánica
3828,"A person who fishes, especially professionally.","Una persona que pescan, especialmente de manera profesional.",pescador/pescadora
3829,"A long journey or trip, especially one undertaken for pleasure.",Un viaje prolongado o una excursión,viaje
3830,A collection of documents or other records kept for reference or preservation.,Una colección de documentos o registros guardados para referencia o conservación.,archivo
3831,causing or resulting in psychological pain or distress.,producido por o causando dolor psicológico o angustia.,traumático/traumática
3832,"A monument is a structure that commemorates or honors something, such as a person, event, or idea.","Un monumento es una estructura que conmemora o honra algo, como una persona, un evento o una idea.",monumento
3833,The process of restoring a building or structure to its original condition.,El proceso de restaurar un edificio o estructura a su condición original.,renovación
3834,A level or point beyond which something cannot fall below,Un nivel o punto por debajo del cual algo no puede caer más abajo,umbral
3835,to restore health or fix something,restaurar la salud o reparar algo,curar
3836,a false or unverified statement about someone or something,una afirmación falsa o no verificada sobre alguien o algo,rumor
3837,A highly addictive and potent stimulant derived from coca leaves.,Un estimulante altamente adictivo y potente derivado de las hojas de coca.,cocaína
3838,The act of making an exact replica.,El acto de hacer una réplica exacta.,copia
3839,a company or organization that produces and manufactures goods.,una empresa o organización que produce y fabrica bienes.,fabricante
3840,completely unreasonable or illogical,completamente razonable o lógico,absurdo/absurda
3841,causing a feeling of intense fear or unease,provocando un sentimiento de miedo intenso o ansiedad,espeluznante
3842,pretending to be something one is not,pretendiendo ser algo que no es,falso/falsa
3843,the good news about Jesus Christ,la buena noticia sobre Jesucristo,evangelio
3844,the act of quickly shutting one's eyes,el acto de cerrar rápidamente los ojos,parpadeo
3845,A place of refuge for people who have been persecuted or are in danger.,Un lugar de refugio para personas que han sido perseguidas o están en peligro.,asilo
3846,the filling in a chicken or turkey,el relleno en un pollo o pavo,relleno
3847,relating to or characteristic of a particular season,relacionado con o característico de una temporada,estacional
3848,showing concern and kindness for people in need.,mostrando preocupación y amabilidad hacia las personas en necesidad.,humanitario/humanitaria
3849,A person who works for an organization or company.,Una persona que trabaja para una organización o empresa.,empleado/empleada
3850,occurring or followed by other events in a series,ocurriendo o siguiéndose a otros eventos en una serie,sucesivo/sucesiva
3851,to cut off or remove unnecessary parts of something,cortar o eliminar los partes innecesarias de algo,recortar
3852,to refuse or deny something,negar o rechazar algo,rechazar
3853,a short fight or argument,un breve combate o disputa,combate
3854,A knot is a type of fastening that joins two or more ends together.,Un nudo es un tipo de acoplamiento que une dos o más extremidades juntas.,nudo
3855,"A formal announcement or release of information, such as a news article or academic paper.","Una declaración oficial o publicación de información, como un artículo de noticias o un papel académico.",publicación
3856,a feeling of shame or self-consciousness about something embarrassing.,un sentimiento de vergüenza o autoconciencia sobre algo que se considera vergonzoso.,vergüenza
3857,quickly and effectively removing waste or excess,raspido y efectivamente eliminando residuos o exceso,descargar
3858,to strike or hit something with force,hacer un golpe o golpear algo con fuerza,golpe
3859,A continuous part of a fabric or a sequence of events.,Una parte continua de una tela o secuencia de eventos.,hilo
3860,A terminal is a location where a train or tram ends its journey.,El terminal es un lugar donde un tren o tranvía termina su viaje.,terminal
3861,The ability or skill to do something.,La capacidad o habilidad para hacer algo.,capacidad
3862,given or implying more than is needed,dado o suponiendo más de lo necesario,redundante
3863,functioning as intended and effective in operation.,funcionando como correspondiente y efectivo en operación.,operativo/operativa
3864,A tall structure with a long movable arm used for lifting heavy objects.,Una estructura alta con un brazo móvil largo utilizado para levantar objetos pesados.,grúa
3865,A person who pays rent for the use of a property.,Una persona que paga alquiler por el uso de una propiedad.,inquilino/quilina
3866,the position or attitude of someone's legs,la posición o actitud de las piernas de alguien,postura
3867,having been ridden or used for riding,tenido cabalgado o utilizado para montar,cabalgado/cabalgada
3868,a long talk given to a class or group,un largo discurso dirigido a una clase o grupo,conferencia
3869,a feeling of deep emotional warmth or tenderness,un sentimiento de calor emocional o ternura profunda,afecto
3870,A state of being alone or disconnected from others.,Un estado de soledad o desconexión con otros.,aislamiento
3871,a forecast or estimate of something that may happen in the future.,un pronóstico o estimación de algo que puede suceder en el futuro.,predicción
3872,contrary to what is expected or customary,en oposición a lo que se espera o está acostumbrado,contrario/contraria
3873,A mathematical statement that expresses the relationship between variables,Un enunciado matemático que expresa la relación entre variables,ecuación
3874,A formation is a group of things arranged in a particular way to achieve a specific purpose.,Una formación es un grupo de cosas organizadas de manera específica para lograr un fin determinado.,formación
3875,more than what is needed or required,más de lo necesario o requerido,excesivo/excesiva
3876,to make something or someone stronger in quality or amount.,hacer que algo o a alguien sea más fuerte en calidad o cantidad.,fortalecer
3877,A state of being temporarily halted or postponed.,Un estado de ser momentáneamente detenido o pospuesto.,suspensión
3878,to pinch or bite sharply,pinchar o mordicar con fuerza,pellizco
3879,very tightly packed with a lot of material in a small space,muy apretado con mucho material en un espacio pequeño,denso/densa
3880,to change or modify something to make it fit or suitable.,modificar o ajustar algo para que se adapte o se ajuste a sus necesidades.,ajustar
3881,to try to entice or persuade someone,intentar tentar a alguien,tentar
3882,to cause something to exist or be present as a result of an infection,causar que algo exista o esté presente como resultado de una infección,plaga
3883,a rounded structure that is typically shaped like a hemisphere and is often covered with a dome-shaped roof.,una estructura redondeada que generalmente tiene la forma de un hemisferio y está cubierta con una parte superior en forma de cúpula.,cúpula
3884,the act of applying force to move something forward,el acto de aplicar fuerza para mover algo hacia adelante,empuje
3885,A person's understanding of a complex piece of information or a creative work.,La comprensión de una pieza compleja de información o un trabajo creativo.,interpretación
3886,A person who performs magic tricks.,Un individuo que realiza trucos de magia.,mago/maga
3887,a small boat used in sports such as rugby and soccer.,un pequeño bote utilizado en deportes como el fútbol y el rugbí,bote
3888,the fact of two events being opposite in what is expected,el hecho de que dos eventos tengan una oposición en lo que se espera,ironía
3889,A person who scores points for a team in a sport.,Un persona que anota puntos para un equipo en un deporte.,marcador/marcadora
3890,a chemical compound consisting of one or more oxygen atoms bonded to another element,una sustancia química que consiste en uno o más átomos de oxígeno unidos a otro elemento,dióxido
3891,"a feeling of hatred or ill will towards someone, often expressed by doing something to hurt them.","un sentimiento de odio o mala voluntad hacia alguien, a menudo expresado haciéndoles algo para lastimarles.",rencor
3892,to come back to a group or organization that you have previously left,venir a un grupo o organización que ya has abandonado,reunirse
3893,relating to or outside something's own limits or boundaries,relacionado con o fuera de los límites de algo,externo/externa
3894,the scientific study of numbers and their relationships,el estudio cientñfico de los nùmeros y sus relaciones,matemáticas
3895,extremely detailed and exhaustive in its treatment of a subject,detallado y exhaustivo en su tratamiento de un tema,exhaustivo/exhaustiva
3896,"a conclusion about the nature of a person's condition, especially one that is reached after a medical examination.","una conclusión sobre la naturaleza de una condición de una persona, especialmente aquella alcanzada después de un examen médico.",diagnóstico
3897,characterized by the process of heating food in oil or fat,caracterizada por el proceso de calentar alimentos en aceite o grasa,fritura
3898,A type of igneous rock,Un tipo de roca ígnea,granito
3899,to make a foul smell,hacer un mal olor,apestar
3900,To be against something or someone.,Encontrarse en oponer algo o a alguien.,oponerse
3901,to express strong disapproval of something,expresar fuerte desaprobación de algo,criticar
3902,the act or fact that makes one thing different from another,la calidad o hecho que hace que algo sea diferente de otro,distinción
3903,A person who manages investments on behalf of clients.,Un profesional que gestiona inversiones a nombre de los clientes.,banquero/banquera
3904,A pillow is a cushion designed for sleeping or resting.,Una almohada es un cojín diseñado para dormir o descansar.,almohada
3905,A batch of something is a group or collection of items.,Un lote es un grupo o colección de elementos.,lote
3906,a large vehicle with an open platform and wheels for carrying goods,un vehñculo grande con plataforma abierta y ruedas para transportar mercancías,vagón
3907,a process of physical change that occurs over time,un proceso de cambio físico que ocurre con el tiempo,envejecimiento
3908,A type of reptile that has scales and a long tail.,Un tipo de reptil que tiene escamas y una cola larga.,lagartija
3909,A type of dry sherry wine.,Un tipo de vino de jerez seco.,jerez
3910,A renewed interest in something that was previously popular or fashionable.,Un interés renovado en algo que fue anteriormente popular o de moda.,revival/renacimiento
3911,a path in space that an object follows as it revolves around a celestial body.,una ruta en el espacio que sigue un objeto como revoluciona alrededor de una cuerpo celeste.,órbita
3912,A patio is a outdoor room or area used for recreation or relaxation.,Un patio es una habitación o área al aire libre utilizado para recreación o relajación.,patio
3913,to move on all fours,moverse a cuatro patas,gatear
3914,A paddle is a flat piece of material used for propelling a boat through the water.,Una pala es una pieza plana de material utilizado para impulsar un barco a través del agua.,pala
3915,"A fossil is the preserved remains or traces of animals, plants, and other organisms from the remote past.","Un fósil es las reliquias o huellas preservadas de animales, plantas y otros organismos del pasado lejano.",fósil
3916,The person responsible for determining the cause and manner of a death.,La persona responsable de determinar la causa y modo del fallecimiento.,forense
3917,a particular style of cooking that is typically associated with a specific region or culture,un estilo de cocina típica de una región o cultura específica,cocina
3918,The flooring in this room needs to be replaced.,El suelo en este salón necesita ser reemplazado.,suelo
3919,unpopular means disliked or unwanted by many people.,impopular describe a persona o una cosa que no es bien recibida por la gente.,impopular
3920,A person or thing that takes your attention away from something else.,Una persona o cosa que te retiene la atención de algo más.,distracción
3921,not aware of one's thoughts or feelings at the moment.,no consciente del pensamiento o la emoción en este momento.,inconsciente
3922,Having a higher quality or standard than something else.,Teniendo una calidad o estándar superior que algo más.,superior
3923,relating to or characteristic of the original state or condition,relacionado con o característico del estado original o condición,auténtico/auténtica
3924,A narrow strip of flexible material used for decorative purposes.,Un estrecho trozo de material flexible utilizado para fines decorativos.,encaje
3925,a harsh word meant to cut or wound someone's feelings,una palabra áspera destinada a herir o lastimar los sentimientos de alguien,insulto
3926,"A type of tree nut prized for its rich, dark flavor and nutritional value.",Un fruto del árbol de bellota valorado por su rico sabor y contenido nutricional.,nuez
3927,to create or bring into existence something new,crear o introducir algo nuevo en existencia,inventar
3928,The morale of a story is its overall message or theme.,El moral de una historia es su mensaje o tema general.,moral
3929,A navigation tool used to determine direction.,Un instrumento de navegación utilizado para determinar dirección.,brújula
3930,relating or affecting both parties involved in a relationship or transaction,apartido o afectando ambos partes involucradas en una relación o transacción,mutuo/mutua
3931,The number twenty is a decimal value used to measure quantities.,El número veinte es un valor decimal utilizado para medir cantidades.,veinte
3932,showing courage or confidence in a bold and unconventional way,mostrando coraje o confianza en una forma audaz e inusual,atrevido/atrevida
3933,a person or thing that takes the place of another,una persona o cosa que sustituye a otra,sustituto/sustituta
3934,having or commanding respect and admiration,teniendo o ejerciendo respeto y admiración,prestigioso/prestigiosa
3935,relating to the air or atmosphere,relacionado con el aire o la atmósfera,aéreo/aérea
3936,"A tree with slender branches and a long, narrow crown.",Un árbol con ramas delgadas y una corona larga y estrecha.,sauce
3937,the act of searching something through a disorganized way,el acto de buscar algo de manera desordenada,rebuscar
3938,A feeling of deep emotional pain or sorrow.,Un sentimiento profundo de dolor emocional o tristeza.,tristeza
3939,"A small enclosure or structure, typically used for holding something or providing shelter.","Un pequeño recinto o estructura, comúnmente utilizado para contener algo o brindar refugio.",cabina
3940,a person who habitually intimidates or bullies others,un hombre que a menudo intimidada o empuja a otros,matón/matona
3941,the amount of money or profit earned from an investment or a project,el rendimiento obtenido de una inversión o proyecto,rendimiento
3942,used to describe something sophisticated and stylish.,se utiliza para describir algo sofisticado y elegante.,elegante
3943,The final piece in a musical composition.,El último pieza de una composición musical.,final
3944,a sudden and often steep downward movement,un movimiento repentino y a menudo pronunciado hacia abajo,caída
3945,A spiral is a three-dimensional shape that winds around a central axis in a continuous loop.,Una espiral es una forma tridimensional que se vuelve en un eje central en un bucle continuo.,espiral
3946,"A syndrome is a set of symptoms or other signs that, when present together, can indicate a specific medical condition or disease.","Un síndrome es un conjunto de signos o otros síntomas que, cuando están presentes juntos, pueden indicar una condición médica o enfermedad específica.",síndrome
3947,"A person who starts and runs their own business, often with a great deal of personal risk.","Un individuo que funda y dirige su propio negocio, a menudo con un gran riesgo personal.",empresario/empresaria
3948,Providing motivation and encouragement to achieve something.,Proporcionando motivación y aliento para lograr algo.,inspirador/inspiradora
3949,"A narrative refers to the representation of events in a sequential manner, often through storytelling or written account.","Una narrativa es la representación de eventos en un orden secuencial, a menudo a través de la narrativa o cuenta escrita.",narrativa
3950,describing a situation that is the opposite of what is expected,descrito una situación que es la oposición de lo que se espera,irónico/irónica
3951,"lacking hair, especially on the head.","sin cabello, especialmente en la cabeza.",calvo/calva
3952,the act or process of being exposed to something,el acto o proceso de ser expuesto a algo,exposición
3953,A planned sequence of topics or courses offered at a school or educational institution.,Una secuencia planificada de temas o cursos ofrecidos en una escuela o institución educativa.,currículo
3954,occurring or done on a regular but not constant basis.,"ocasional, sucediendo o realizada en un plan regular pero no constante.",ocasional
3955,showing or feeling kindness and consideration,mostrando o sintiendo amabilidad y consideración,agraciado/agraciada
3956,the state of being absolutely sure about something,el estado de estar completamente seguro sobre algo,certidumbre
3957,something that is gilded or has a golden color,algo que se doró o tiene un color dorado,dorado/dorada
3958,a flat metal surface for cooking food over direct heat,un plano metálico para cocinar alimentos sobre calor directo,parrilla
3959,a public meeting or gathering for discussion and exchange of ideas,una reunión pública o reunión de intercambio de ideas y discusión,foro
3960,to move slowly and stealthily,moverse lentamente y sigilosamente,arrastrarse
3961,A small insect with a hard outer covering and usually six legs.,Un pequeño insecto con una capa exterior dura y seis piernas.,escarabajo
3962,the act or process of disposing of something,el acto o proceso de eliminación de algo,eliminación
3963,A stimulus is something that arouses a response or reaction.,Un estímulo es algo que desencadena una respuesta o reacción.,estímulo
3964,relating to cooking or the preparation and presentation of food.,relacionado con la cocina o la preparación y presentación de alimentos.,culinario/culinaria
3965,A flashy or ornate object that is admired for its beauty or value.,Un objeto brillante o decorado que se admira por su belleza o valor.,blin
3966,covered or filled with dust.,Cubierto o lleno de polvo.,polvoriento/polvorienta
3967,"the act of washing, drying, and folding clothes",el proceso de lavar y secar ropa,lavandería
3968,a small piece of chewy material that is usually white or pink in color and is used for cleaning teeth,un pequeño trozo de material suave y pegajoso que suele ser blanco o rosa y se utiliza para limpiar los dientes,encía
3969,Characterized by or accompanied by rain.,Caracterizado por o acompañado de lluvia.,lluvioso/lluviosa
3970,An animal that produces milk to feed its young.,Un animal que produce leche para alimentar a sus crías.,mamífero
3971,stealthy or cunning in a way that is not overtly obvious,astuto o engañoso de manera que no es evidente,furtivo/furtiva
3972,to fulfill or meet a need or desire,satisfacer una necesidad o deseo,satisfacer
3973,A request made to a person in authority for a change or action.,Una solicitud hecha a una persona en autoridad para un cambio o acción.,petición
3974,Having or showing a lack of confidence in the truth or validity of something.,Teniendo o mostrando duda sobre la verdad o validez de algo.,escéptico/escéptica
3975,A sudden and intense attack or assault.,Un ataque o asalto repentino e intenso.,blitz
3976,a statement or phrase that forms part of a legal document,una declaración o frase que forma parte de un documento legal,cláusula
3977,a narrow border or edge; a small part of something that sticks out on one side,una frontera o borde estrecho; una pequeña parte de algo que sobresale en un lado,franja
3978,A low seat for sitting,Un asiento bajo para sentarse,taburete
3979,"A long, narrow passageway between rows of shelves in a shop or other building.",Un pasillo estrecho y largo que se encuentra entre filas de estantes en una tienda o edificio.,pasillo
3980,a belief that racial characteristics are superior to those of other racial or ethnic groups,una creencia que las características raciales son superiores a esas de otras grupos étnicos o raciales,racismo
3981,A quantity or amount equal to one plus ten.,Una cantidad o cantidad igual a uno más diez.,once
3982,A person who reads or interprets written material.,Una persona que lee o interpreta material escrito.,lector/lectora
3983,a degree of temperature that is higher than before,un grado de temperatura que es más alto que antes,más caliente
3984,showing no mercy or pity,mostrando poca compasión o clemencia,despiadado/despiadada
3985,A false impression or perception that is not based on reality.,Una falsa impresión o percepción que no se basa en la realidad.,ilusión
3986,A parachute is a device used to slow the descent of an object or person through the air.,Un paracaídas es un dispositivo utilizado para ralentizar la caída de un objeto o persona a través del aire.,paracaídas
3987,relating to or established by law; statutory,relacionado con o establecido por ley; estatutario,estatutario/estatutaria
3988,capable of generating a profit.,capaz de generar una ganancia.,rentable
3989,satisfying the minimum requirements for something,satisface los requisitos mínimos para algo,adecuado/adecuada
3990,"A carnival is a festive event with games, rides, and entertainment.","Un carnaval es un evento festivo con juegos, carruseles y entretenimiento.",carnaval
3991,persisting in existence or activity; not giving up,persistente en existencia o actividad; no abandonando,persistente
3992,Having an empty or cavity-like interior.,Teniendo un interior vacío o hueco.,hueco/hueca
3993,A set of polyhedral objects used to generate random numbers.,Un conjunto de objetos poliedricos utilizados para generar números aleatorios.,dado
3994,The waist is the narrowest part of the human body between the ribs and hips.,La cintura es el estrecho punto del cuerpo humano entre las costillas y caderas.,cintura
3995,Having a wavy or irregular shape,Teniendo una forma ondulada o irregulares,rizado/rizada
3996,to reveal or make something visible or known,revelar o hacer visible algo,exponer
3997,relating to or resembling a volcano,relacionado o similar a un volcán,volcánico/volcánica
3998,"Information, especially of a biased or misleading nature, used to promote a political cause or ideology.","Informacion, especialmente de una naturaleza sesgada o engañosa, utilizada para promover una causa o ideologia politicas.",propaganda
3999,the process of finding and hiring candidates for a job,el proceso de encontrar y contratar candidatos para un puesto,reclutamiento
4000,difficult to catch or find; hard to pin down.,dificil de alcanzar o encontrar; difícil de acotar.,escurridizo/escurridiza
4001,"A large group of people, especially one that is hostile or violent.","Un gran grupo de personas, especialmente uno hostil o violento.",multitud
4002,A person who plays the drums in a band or musical group.,Un músico que toca la batería en una banda o grupo musical.,baterista
4003,Relating to or based on law and justice.,Relacionado con la ley y justicia.,judicial
4004,"the act of showing commitment or loyalty to a person, activity, or institution","el acto de mostrar compromiso o lealtad a una persona, actividad o institución",dedicación
4005,A feeling of being certain about something in the future.,Un sentimiento de certeza sobre algo en el futuro.,garantía
4006,A dimension is a measurable extent or dimension of something in space and time.,Una dimensión es una medida de extensión o dimensión de algo en espacio y tiempo.,dimensión
4007,A song or poem of praise to God,Un canto o poema de alabanza a Dios,himno
4008,a violent blow,un golpe violento,golpe
4009,to look at or perceive something with great interest,mirar con gran interés,contemplar
4010,Remains of something that has been destroyed or damaged.,Restos de algo que ha sido destruido o dañado.,escombros
4011,to move quickly or become larger on a device's screen,moverse rápidamente o aumentar en tamaño en la pantalla de un dispositivo,zoom
4012,relating to the face or expression of a person,relacionado con el rostro o expresión de una persona,facial
4013,to make something clear or easier to understand,hacer algo más claro o fácil de comprender,aclarar
4014,"A young person, typically below the age of twenty-one.","Un joven, generalmente por debajo de los veintiún años.",joven
4015,A revolt against authority or established order.,Una revuelta contra la autoridad o el orden establecido.,rebelión
4016,A central place or location from which something is distributed or radiates.,Un lugar o ubicación central desde la cual se distribuye o emite algo.,centro
4017,to notice or perceive something,notar o percibir algo,observar
4018,to flow out of a wound or cut,sangrar de una herida o corte,sangrar
4019,to cause a problem or annoyance,causar problemas o molestias,perturbar
4020,A female deity worshipped as a powerful symbol of spiritual power and fertility.,Una diosa es una mujer diosa considerada como un símbolo poderoso de la potencia espiritual y la fertilidad.,diosa
4021,relating to the visual appearance of something,relacionado con la apariencia visual de algo,gráfico/gráfica
4022,the land or surface on which something is located,el suelo o superficie sobre la cual se encuentra algo,terreno
4023,A female child of a brother.,Una niña que es hija de un hermano.,sobrina
4024,Showing great courage or strength in a difficult situation.,Mostrando gran coraje o fuerza en una situación difícil.,heroico/heroica
4025,carefully planned or thought out in advance,planeado o pensado con anticipación,deliberado/deliberada
4026,no longer in use or maintenance,más no se utiliza o mantiene,abandonado/abandonada
4027,relating to the environment or to ecological concerns,relacionado con el medio ambiente o con preocupaciones ecológicas,ecológico/ecológica
4028,capable of being eaten without causing harm,capaz de ser comido sin causar daño,comestible
4029,cautiously warn or advise someone to be careful,avisa precauciónmente a alguien,cuidado
4030,A container for holding water used in showers and bathtubs.,Un recipiente para contener agua utilizado en duchas y bañeras.,bañera
4031,very unpleasantly gaudy or tasteless,muy feo o de mal gusto,cursi
4032,a book of instructions on how to perform a particular task,un libro de instrucciones sobre cómo realizar una tarea específica,manual
4033,A cemetery is a place where people are buried.,Un cementerio es un lugar donde las personas son enterradas.,cementerio
4034,"a frightening or suspenseful story, movie, or book",una historia aterradora o emocionante,thriller
4035,a thing that is annoying or troublesome.,un objeto que es molesto o causante de incomodidad.,molestia
4036,extremely valuable and irreplaceable.,muy valioso e inalienable.,invaluable
4037,A person who competes in a contest,Una persona que compite en un concurso,concursante
4038,a kind word or expression that praises someone's qualities,una palabra amable o expresión que elogia las cualidades de alguien,cumplido
4039,A place where experiments and research are conducted.,Un lugar donde se realizan experimentos y investigaciones.,laboratorio
4040,"The act of perceiving or noting something, especially in a careful and deliberate way.","El acto de percibir o notar algo, especialmente de manera cuidadosa y deliberada.",observación
4041,a lure used to attract a fish or other animal.,un engaño utilizado para atrapar un pescado o otro animal.,cebo
4042,A national song or hymn that is played on special occasions.,Una cancion nacional o himno que se toca en ocasiones especiales.,himno
4043,"a way of organizing or structuring something, especially data or a document.","una forma de organizar o estructurar algo, especialmente datos o un documento.",formato
4044,The act of voting or surveying people to determine their opinions.,El proceso de votar o encuestar a las personas para determinar sus opiniones.,encuesta
4045,"A state of competition or opposition between individuals, groups, or organizations.","Un estado de competencia o oposición entre individuos, grupos o organizaciones.",rivalidad
4046,in the middle of something,en el centro de algo,en medio de
4047,a line or stanza in a poem,una línea o estrofa en un poema,verso
4048,A magnet is a material object that produces a magnetic field.,Un imán es un objeto que produce un campo magnético.,imán
4049,relating to the spine or vertebrae,relacionado con la columna vertebral,espinal
4050,to make something look attractive or pleasing,hacer algo más atractivo o agradable,decorar
4051,a tendency to behave aggressively towards others,una tendencia a comportarse de manera agresiva hacia los demás,agresión
4052,Lacking a sense of duty or responsibility.,Carencial o negligente con las obligaciones.,irresponsable
4053,the act or process of becoming qualified,el proceso o acto de obtener la calificación,calificación
4054,the act of showing respect or consideration for others,el acto de mostrar respeto o consideración por otros,cortesía
4055,a skillful move or action that helps to achieve a goal,un movimiento habilidoso o acción que ayuda a lograr un objetivo,maniobra
4056,fully developed and ready to be picked,completamente desarrollado y listo para ser recogido,maduro/madura
4057,cautious in one's actions or decisions,cauto en sus acciones o decisiones,cauto/cauta
4058,A person who guides and advises another in a particular activity or profession.,Una persona que guía y asesora a otra en una actividad o profesión específica.,mentor/mentora
4059,A person who performs evil or criminal actions.,Una persona que lleva a cabo acciones malvadas o criminales.,villano/villana
4060,to strike or hit something forcefully.,hacer golpear algo con fuerza.,chicle
4061,A person who is deceived or exploited,Un persona que se engaña o explota,chupador/chupadora
4062,a slight or unsteady movement from side to side,un movimiento ligeramente o inestable de lado a lado,tambaleo
4063,having the ability to understand and share the feelings of another person.,teniendo la capacidad de comprender y compartir los sentimientos de otra persona.,compasivo/compasiva
4064,characterized by a willingness to take risks and face new challenges.,caracterizado por una voluntad de asumir riesgos y enfrentar nuevos desafíos.,aventurero/aventurera
4065,a large quantity of something discarded or unwanted,una gran cantidad de algo descartado o indeseado,montón
4066,"a structure for holding a dead body, typically built underground.","una estructura para contener un cuerpo muerto, típicamente construida debajo de tierra.",tumba
4067,relaxed and not formal in style or behavior,relajado y no formale en estilo o comportamiento,informal
4068,"a ceremony to honor the dead after they have died, often involving burial in a grave.","una ceremonia para honrar a los muertos después de que han muerto, a menudo implicando entierro en una tumba.",entierro
4069,"Relating to or characteristic of a group of people living in a small, isolated area and traditionally organized around kinship ties.",Relacionado o característico de un grupo de personas que viven en una pequeña zona aislada y se organizan tradicionalmente alrededor de lazos de parentesco.,tribal
4070,Lasting forever; having no beginning or end.,Duradero; sin principio ni fin.,eterno/eterna
4071,a thin sheet of aluminum used to wrap food,un delgado plato de aluminio utilizado para envolver alimentos,papel de aluminio
4072,A very small unit of measurement equal to one billionth of a meter.,Unidad muy pequeña de medición equivalente a un billónésimo de metro.,micro
4073,a pleasing or catchy sound,un sonido agradable o pegajoso,ranura
4074,the act of teaching or learning to spell words,el arte de enseñar o aprender a escribir palabras,ortografía
4075,a feeling of remembering and thinking about a person or event from the past,un sentimiento de recordar y pensar en una persona o evento del pasado,recuerdo
4076,the act of giving something its due respect and recognition,el acto de dar a algo su merecido respeto y reconocimiento,apreciación
4077,a device used to measure the size or amount of something,un dispositivo utilizado para medir el tamaño o cantidad de algo,calibre
4078,a brush or tool used to clean surfaces,un cepillo o herramienta utilizada para limpiar superficies,estregar
4079,to provide expert advice or information to someone in need of guidance.,proponer asesoramiento especializado o información a alguien que necesita orientación.,consultar
4080,lacking confidence or certainty about something.,falta de confianza o certeza sobre algo.,inseguro/insegura
4081,a medical condition that affects the body,una condición médica que afecta el cuerpo,enfermedad
4082,the art of using language effectively and persuasively,el arte de utilizar el lenguaje de manera efectiva y persuasiva,retórica
4083,relating to or consisting of fiction,relacionado con o consistente en ficción,ficcional
4084,pleasing or gratifying,satisface o gratifica,satisfactorio/satisfactoria
4085,"A person or organization that provides financial or material support to a cause, charity, or event.","Una persona o organizacion que proporciona apoyo financiero o material a una causa, organizacion benéfica o evento.",donante
4086,having a sound basis in reason,teniendo un fundamento sólido en razón,lógico/lógica
4087,feeling physically dry and needing a drink,sintiéndose físicamente seco y necesitando un trago,sediento/sedienta
4088,A puzzle in the shape of a complex path,Un acertijo en forma de un camino complejo,laberinto
4089,"corrupt refers to the act of giving or receiving something in return for a benefit, favor, or service that is not deserved.","corrupto significa el acto de dar o recibir algo a cambio de un beneficio, favor o servicio que no se merece.",corrupto/corrupta
4090,to meet or face someone or something directly,enfrentar a alguien o algo directamente,enfrentar
4091,a binding legal or social commitment that is considered to be a responsibility.,una obligación legal o social que se considera un compromiso de responsabilidad.,obligación
4092,a process or state of being divided into parts,un proceso o estado de dividirse en partes,división
4093,having a cool and calming effect,teniendo un efecto refrescante,refrescante
4094,"A group of people related by blood, marriage, or culture.","Un grupo de personas relacionadas por sangre, matrimonio o cultura.",tribu
4095,A razor is a cutting tool with a sharp edge.,Una afieadora es un herramienta de corte con una borla afilada.,afeitadora
4096,informal pajamas worn for sleeping or lounging.,trajes de dormir o relajación informal,pijama
4097,Having a pleasing flavor that is not sweet,Con un sabor que no es dulce,sabroso/sabrosa
4098,A massage is a treatment that involves manipulating the muscles and other soft tissues of the body to promote relaxation and relieve pain.,Un masaje es un tratamiento que implica manipular los músculos y otros tejidos blandos del cuerpo para promover la relajación y aliviar el dolor.,masaje
4099,a thin thread or strand of material,un hilo delgado o fibra de materia,fibra
4100,characterized by a gentle wind,caracterizado por un viento suave,ventoso/ventosa
4101,"A device used to open or turn on a system, such as a computer.","Un dispositivo utilizado para abrir o activar un sistema, como un ordenador.",abridor
4102,occurring or done every month in a regular cycle.,ocurriendo o realizándose cada mes en un ciclo regular.,mensual
4103,moving at a great rate of speed.,muy rápido o muy rápida.,rápido/rápida
4104,A person who receives a regular income from a pension.,Un individuo que recibe una ganancia regular de pensión.,pensionista
4105,lacking relevance or importance.,falta de relevancia o importancia.,irrelevante
4106,completely unable to speak or find words,completamente sin palabras,sin palabras
4107,to fix or repair something,arreglar algo,reparar
4108,to change or modify something,cambiar o modificar algo,alterar
4109,a large floating piece of ice that remains above the water,un gran pedazo de hielo que permanece en el agua,iceberg
4110,a small hand closed into a ball for punching,un puño cerrado en la mano para golpear,puño
4111,Lacking subtlety or nuance,Falta de sutileza o sutoreidad,contundente
4112,"A summary or review of a conversation, meeting, or event.","Un resumen o revisión de una conversación, reunión o evento.",recapitulación
4113,relating to or resembling the movement of the tides,relacionado con o semejante al movimiento de las mareas,mareal
4114,A device or machine that is used for a particular purpose.,Un dispositivo o máquina destinada a una función específica.,artilugio
4115,A small particle of rock that forms the surface layer of a road or path.,Una pequeú parte de roca que forma la capa superior de una carretera o camino.,grava
4116,to discover or reveal something that was previously unknown or hidden.,descubrir algo que estaba oculto o desconocido.,descubrir
4117,A document showing the amount of money paid for goods or services.,Un documento que muestra el monto de dinero pagado por bienes o servicios.,recibo
4118,A person who prepares and examines financial records.,Un individuo que prepara y examina registros financieros.,contador/contadora
4119,A person who teaches or guides others in a particular subject.,Una persona que enseña o guía a otros en un tema específico.,instructor/instructora
4120,Relating to the direction or point of the west.,Relacionado con la dirección o punto del oeste.,occidental
4121,the determination and energy needed to succeed in a difficult situation,la determinación y energía necesarias para triunfar en una situación difícil,arena
4122,"a vehicle attached to the rear of a larger vehicle, such as a truck or train.","un vehículo que se ata al extremo trasero de un vehículo más grande, como un camión o tren.",remolque
4123,A light source that produces light through electricity.,Una fuente de luz que produce luz a través de la electricidad.,bombilla
4124,to remove hair from a person's face or body using a razor.,sacar vello de la cara o cuerpo de una persona usando una cuchilla,afeitar
4125,A sticky substance that reduces friction.,Un líquido viscoso que reduce la fricción.,grasa
4126,A set of materials used to protect and transport goods.,Un conjunto de materiales utilizados para proteger y transportar bienes.,embalaje
4127,full of excitement or thrill.,llena de emociones o emoción.,emocionante
4128,extremely large in amount or degree,muy grande en cantidad o grado,innumerable
4129,A false or unjustified claim or assertion,Una afirmación falsa o injustificada,acusación
4130,a narrow passageway between buildings,un estrecho pasillo entre edificios,callejón
4131,to examine or investigate something closely,examinar o investigar algo de cerca,analizar
4132,covered or covered with fur.,cubierto o cubierto de pelo.,peludo/peluda
4133,"A person who analyzes and evaluates the quality of something, such as a work of art or a movie.","Un crítico es una persona que analiza y evalúa la calidad de algo, como una obra de arte o un film.",crítico/crítica
4134,The act of creating a hole or opening by means of a drill.,El proceso de crear un agujero o apertura mediante una perforadora.,perforación
4135,"A layer of stone, brick, or concrete on a road or walkway.","Una capa de piedra, ladrillo o concreto sobre una carretera o paseo.",acera
4136,A sudden and widespread disaster or catastrophe with devastating effects,Una desastre repentino y general con efectos devastadores,catástrofe
4137,Characterized by a pleasing and attractive quality of landscape or scenery.,Caracterizado por una calidad atractiva y agradable de paisaje o escena.,pintoresco/pintoresca
4138,to prosper or flourish,prosperar o florecer,prosperar
4139,extremely unpleasant or repulsive in appearance or nature.,muy feo o desagradable,horrible
4140,a state of intense confusion or disturbance.,un estado de confusión o perturbación intensa.,confusión
4141,to choose or decide on something,eliger o decidir algo,optar
4142,waste material discarded as unwanted or useless,materia de desecho desechada como material inútil o indeseado,basura
4143,A payment made back to a customer after they have returned goods or services.,Un pago hecho de regreso al cliente después de que haya devuelto bienes o servicios.,reembolso
4144,"the study of myths and legends, especially those concerning the gods and supernatural beings","el estudio de las mitologñas y leyendas, especialmente aquellas que tratan sobre los dioses y seres sobrenaturales",mitología
4145,occurring one after another without interruption or break.,ocurriendo uno después de otro sin interrupción o retraso.,consecutivo/consecutiva
4146,The ability to think and act with cleverness and quick wit.,El ingenio es la capacidad de pensar y actuar con astucia y rapidez.,ingenio
4147,A persistent and frequently recurring cough can be a symptom of an underlying medical condition.,Una tos persistente y frecuente puede ser un síntoma de una condición médica subyacente.,tos
4148,a design or arrangement that adds beauty and structure to a place or object,un diseño o disposición que agrega belleza y estructura a un lugar o objeto,decoración
4149,to welcome or address someone,saludar a alguien,saludar
4150,A person who sells goods or services.,Una persona que vende bienes o servicios.,vendedor/vendedora
4151,having or showing an excessive love for one's own appearance or accomplishments.,teniendo o mostrando un amor excesivo por su propia apariencia o logros.,vanidoso/vanidosa
4152,"A blog is an online journal or informational website where an individual, group, or organization posts articles, stories, and other content.","Un blog es un diario o sitio web en línea donde una persona, grupo o organización publica artículos, historias y otros contenido.",blog
4153,extremely disorganized or confusing.,extremadamente desordenado o confuso.,caótico/caótica
4154,the act of treating someone unfairly because of their characteristics or background,el acto de tratar a alguien de manera desigual debido a sus características o su origen,discriminación
4155,"A chemical element with the symbol Al and atomic number 13, used in a wide range of applications including aircraft and packaging.","Un elemento quúmico con el simbolo Al y número atómico 13, utilizado en una amplia gama de aplicaciones incluyendo aviones y embalajes.",aluminio
4156,a need or condition that must be met,una necesidad o condición que debe ser cumplida,requisito
4157,a sudden intense fall of snow in the form of ice pellets,un granizo repentino y intenso que cae en forma de películas de hielo,granizo
4158,acceptable or sufficient as stated or implied,aceptable o suficiente como se establece o se implica,válido/válida
4159,a person who cares for someone or something,una persona que cuida a alguien o algo,cuidador/cuidadora
4160,to fix or fasten something in place,fijar o fustigar algo en su lugar,ancla
4161,relating to or produced in sequences,relacionado o producido en secuencias,serie
4162,to greet or show respect to someone,saludar a alguien o mostrar respeto a alguien,saludo
4163,having a bitter and distrustful attitude towards people or things.,teniendo una actitud amarga y desconfiada hacia las personas o cosas.,cínico/cínica
4164,a set of actions or ceremonies that are followed regularly and considered to be important,un conjunto de acciones o ceremonias que se siguen regularmente y se consideran importantes,ritual
4165,"a soft and quiet sound, often made by moving one's lips near someone's ear.","un sonido suave y silencioso, a menudo hecho al mover la boca cerca del oído de alguien.",susurro
4166,causing laughter or pleasure,causando risa o placer,divertido/divertida
4167,having or forming a circle in shape,teniendo o formado por círculo en forma,circular
4168,A man-made source of water that flows from the ground and usually has a decorative design.,Una fuente de agua que fluye desde la tierra y suele tener un diseño decorativo.,fuente
4169,Characterized by being unusual or unconventional in an appealing way,Caracterizado por ser inusual o convencional en un modo atractivo,excéntrico/excéntrica
4170,Underwear for women,Prenda de ropa para mujeres,bragas
4171,relating to or advocating the principles of socialism,relacionado con o que defiende los principios del socialismo,socialista
4172,the state of being the mother of a child,el estado de ser madre de un hijo,maternidad
4173,A person who is unwilling to take risks or stand up for what they believe in.,Un hombre o mujer que carece de valor y no se atreve a tomar riesgos,cobarde
4174,not extreme in amount or degree,no extremo en cantidad o grado,moderado/moderada
4175,showing a willingness to take risks and start new endeavors.,mostrar voluntad de asumir riesgos y iniciar nuevos emprendimientos.,pionero/pionera
4176,"A dam is a barrier constructed across a river or stream to prevent flooding, regulate water supply, or control erosion.","Una presa es un obstáculo construido sobre un río o arroyo para prevenir inundaciones, regular la cantidad de agua o controlar la erosión.",presa
4177,A part of the body that is attached to a limb.,Una parte del cuerpo que está conectada a un miembro.,miembro
4178,too insignificant to be serious or important,demasiado insignificante para ser grave o importante,pequeño/pequeña
4179,a sloping or inclined path for walking or driving up to a higher level,una rampa o pasamanos que permite subir a un nivel superior,rampa
4180,A three-dimensional solid object bounded by six square faces of equal size.,Un sólido tridimensional que está limitado por seis caras cuadradas de igual tamaño.,cubo
4181,A roller coaster is a type of amusement park ride that uses gravity and energy from a lift hill to propel cars along a track.,Un posavasos es un tipo de juego de feria que utiliza la gravedad y la energía de una loma subida para propulsar vehículos a lo largo de un track.,posavasos
4182,A period of time during which something happens or is done.,Un período de tiempo durante el cual algo sucede o se realiza.,intervalo
4183,a preconceived opinion that is unfairly at odds with an individual's experience or facts,una opinión prejuiciosa que está en desacuerdo con una experiencia o hechos individuales de manera injusta,prejuicio
4184,to provide or offer something needed or wanted,producir o ofrecer algo necesario o deseado,acomodar
4185,A cone is a three-dimensional shape that tapers smoothly from a circular base to a point.,Un cono es una forma tridimensional que se acaba en un punto y tiene un grosor constante desde la parte circular base hasta el ápice.,cono
4186,very thick and healthy with plenty of vegetation.,muy espeso y saludable con mucha vegetación.,lujoso/lujosa
4187,A list of keys or references for quick access to specific data.,Una lista de claves o referencias para acceder rápidamente a datos específicos.,índice
4188,A kitchen appliance used for cooking.,Un aparello de la cocina utilizado para cocinar.,estufa
4189,not having knowledge of a fact or situation,no tener conocimiento de un hecho o situación,desconocedor/desconocedora
4190,having a light and delicate quality,teniendo una calidad ligera y delicada,aéreo/aérea
4191,The depths of the ocean are largely unexplored.,Las profundidades del océano están predominantemente sin explorar.,profundidades
4192,to attach or fix something firmly with a peg.,atinar o fijar algo firmemente con una clavija.,clavija
4193,A hawk is a type of bird of prey.,Un halcón es un tipo de ave de presa.,halcón
4194,relating to or affecting a state of insensibility,relacionado con o afectando un estado de insensibilidad,anestésico/anestésica
4195,a thing supposed or assumed to exist or be true,una cosa supuesta o suponiada que existe o es verdadera,suposición
4196,having a high degree of sharpness or intensity.,teniendo un grado alto de agudeza o intensidad.,agudo/aguda
4197,a number equal to ten plus two,un número igual a diez más dos,doce
4198,A projectile that is fired from a weapon and has a high explosive or incendiary charge.,Un proyectil lanzado desde un arma que tiene una carga explosiva o incendiaria alta.,misil
4199,to hold or support something tightly,sostener o apoyar algo de manera firme,abrazo
4200,a regular trip or journey to work,un viaje diario o habitual al trabajo,viaje diario
4201,the quality of being able to see well,la calidad de verse bien,brillo
4202,A measured amount of medicine or a specific quantity given to someone.,Una cantidad medida de medicamento o una cantidad específica dada a alguien.,dosis
4203,relating to the order of items or people in a series,relacionado con el orden de los elementos o personas en una serie,clasificación
4204,the act or process of taking something away,el acto o proceso de eliminar algo,eliminación
4205,"a short discussion or statement made at the beginning of a meeting, film, etc.","una breve discusión o declaración inicial en una reunión, película, etc.",información
4206,the act of stopping something from proceeding or connecting,el acto de parar algo de seguir o conectarse,separación
4207,A sound made by a computer or other device to indicate that it is working properly.,Un sonido producido por un ordenador o otro dispositivo para indicar que funciona correctamente.,ping
4208,A quality of excitement or enthusiasm that is characteristic of someone or something.,Un entusiasmo característico de alguien o algo.,entusiasmo
4209,the information or data provided to a system,la información o datos proporcionados a un sistema,entrada
4210,the external male reproductive organ,el órgano reproductivo masculino externo,pene
4211,a light and playful joke or teasing remark,un chiste ligero o un comentario teñido de broma,broma
4212,relating to race or color,relacionado con la raza o color,racial
4213,Lacking refinement or subtlety; harsh and unpleasant.,Falta de refinamiento o sutileza; áspero e insufferible.,crudo/cruda
4214,Having a tendency to shake or tremble.,Tener una tendencia a temblar o tremer.,tembloroso/temblorosa
4215,a prolonged attack or siege on a city or fortified place by an enemy.,un asedio prolongado o ataque a una ciudad o lugar fortificado por parte de un enemigo.,asedio
4216,A person who serves food and drinks in a restaurant or other eating establishment.,Una persona que sirve comida y bebidas en un restaurante o establecimiento de comidas.,camarero/camarera
4217,"the quality or character that defines a person as male, female, or non-binary.","el género o carácter que define a una persona como masculino, femenino o no binario.",género
4218,A sour or salty liquid in which food is preserved.,Un líquido ácido o salado en el que se conserva la comida.,encurtido
4219,A device used to adjust the tone or volume of an audio signal,Un dispositivo utilizado para ajustar el tono o volumen de un señal de audio,igualador/igualadora
4220,a person with whom one has a close relationship of friendship or affection,una persona con la quien se tiene una relación cercana de amistad o afecto,compañero/compañera
4221,A person who creates new devices or processes,Una persona que crea nuevos dispositivos o procesos,inventor/inventora
4222,A crack or break in a bone.,Una grieta o rostro en un hueso.,fractura
4223,the act of producing sweat,el acto de producir sudor,sudoración
4224,A type of beer that is typically darker and stronger than lager.,Un tipo de cerveza que suele ser más oscura y fuerte que el lager.,cerveza
4225,A device designed to melt and break electrical contact to disconnect a circuit.,Un dispositivo diseñado para fundir y romper el contacto eléctrico para desconectar un circuito.,fusible
4226,A feeling of deep anxiety or fear about something that may happen in the future.,Un sentimiento profundo de ansiedad o miedo a algo que podría suceder en el futuro.,temor
4227,"relating to the past, especially in terms of style or technology.","relacionado con el pasado, especialmente en términos de estilo o tecnología.",retro
4228,a device that produces a high flame,un dispositivo que produce una llama alta,quemador
4229,A device used to move or control something with a force applied to it.,Un dispositivo utilizado para mover o controlar algo con una fuerza aplicada a ello.,palanca
4230,completely soaked through with liquid,completamente empapado/a,empapado/empapada
4231,The tenth of a series or sequence.,El décimo de una serie o secuencia.,décimo/décima
4232,a stringed musical instrument played by drawing the bow across its strings,un instrumento musical con cuerdas tocado tocando el arco sobre sus cuerdas,violín
4233,The state of being aware of one's thoughts and feelings.,El estado de ser consciente de sus pensamientos y sentimientos.,conciencia
4234,A person who studies and analyzes economic systems and policies.,Un profesional que estudia y analiza sistemas económicos y políticas.,economista
4235,describing a system or process that can be used reliably and efficiently,descrito un sistema o proceso que puede ser utilizado de manera confiable y eficiente,funcional
4236,"a deep breath made by forcing air out through the nose or mouth, often expressing disappointment or boredom.","un profundo suspiro hecho forzando aire por la nariz o boca, a menudo expresando desánimo o aburrimiento.",suspiro
4237,a system of religious beliefs and practices,un sistema de creencias y prácticas religiosas,culte
4238,"to change or differ in amount, degree, or character","cambiar o diferir en cantidad, grado o carácter",variar
4239,to take in and use up something for energy or information,tomar y utilizar algo para energía o información,absorber
4240,Spoilt means being spoiled or rotten.,Spoilt significa estar roto o podrido.,mimado/mimada
4241,A mixture of water and sand used to hold together mortar in construction.,Una mezcla de agua y arena utilizada para sostener el mortero en la construcción.,mortero
4242,to fasten or connect something to something else,fijar o conectar algo con algo más,adjuntar
4243,A type of food made from processed grains.,Un tipo de alimento hecho a partir de granos procesados.,cereal
4244,to receive something from a parent or ancestor,recibir algo de un padre o abuelo,heredar
4245,extending or directed straight up and down,extendiendo o dirigido hacia arriba y abajo,vertical
4246,relating to the sea or its activities.,relacionado con el mar o sus actividades.,marítimo/marítima
4247,to disrupt or hinder the normal functioning of something,interrumpir o obstaculizar el funcionamiento normal de algo,interferir
4248,"A reservoir is a body of water or a container for holding water, often used for storage or irrigation.","Un embalse es un cuerpo de agua o un contenedor para almacenar agua, a menudo utilizado para el almacenamiento o la irrigación.",embalse
4249,The exterior of a building is the outer surface.,El exterior de un edificio es la superficie externa.,exterior
4250,A detailed direction for the use of a medicinal substance.,Una instrucción detallada para el uso de una sustancia médica.,receta
4251,A colloquial term used to express camaraderie or friendship.,Un término coloquial utilizado para expresar amistad o lealtad.,hermano
4252,A male sheep or goat,Un cabrón o chivo macho,carnero
4253,extremely bad or threatening.,grave o amenazante,grave
4254,"A logo is a symbol or design used to represent a brand, company, or organization.","Un logo es un símbolo o diseño utilizado para representar una marca, empresa o organización.",logo
4255,a short phrase used to express the purpose or aim of an organization,un breve frase usada para expresar el fin o propósito de una organización,eslogan
4256,"The leaves of a plant, especially those that grow in clusters or form a dense covering.","Las hojas de un planta, especialmente aquellas que crecen en grupos o forman una densa cobertura.",follaje
4257,a female horse in its first four years,una yegua en sus primeros cuatro años,yegua
4258,a small animal that makes a high-pitched call,una pequeña criatura que hace un llamado agudo,ojeada
4259,A person who invests money in a business or company in hopes of earning a profit.,Una persona que invierte dinero en una empresa o compañía con la esperanza de obtener un beneficio.,inversor/inversora
4260,A peninsula is a piece of land that is connected to the mainland on one side and surrounded by water on the other sides.,Una península es una pieza de tierra que está conectada al continente por un lado y rodeada de agua por los otros lados.,península
4261,"the act of killing a large number of animals or people, often in a cruel manner","el acto de matar a una gran cantidad de animales o personas, a menudo de manera cruel",matanza
4262,a feeling of deep sympathy and support for someone who is struggling,un sentimiento de gran simpatía y apoyo para alguien que está luchando,consuelo
4263,the act of formally recording or verifying someone's identity or details,el acto de registrar o verificar formalmente la identidad o detalles de alguien,registro
4264,the process of restoring someone's health or ability after an illness or injury,el proceso de restaurar la salud o habilidad de alguien después de una enfermedad o lesión,rehabilitación
4265,to cause someone to feel let down or sad,causar que alguien se sienta decepcionado o triste,decepcionar
4266,No longer existing or found in nature.,Ya no existente o encontrado en la naturaleza.,extinto/extinta
4267,"A systematic examination and evaluation of an organization's or individual's activities, assets, and liabilities.","Una examen y evaluación sistemática de las actividades, activos y pasivos de una organización o individuo.",auditoría
4268,"A small sweet baked food typically made with flour, sugar, and fat.","Un pequeño alimento dulce horneado comúnmente hecho con harina, azúcar y grasa.",galleta
4269,a person who supports or recommends something,un defensor de algo o persona,defensor/defensora
4270,to convert a word or phrase from one language to another,convertir una palabra o frase de un idioma a otro,traducir
4271,A person who explores or travels to discover new things.,Una persona que explora o viaja para descubrir cosas nuevas.,explorador/exploradora
4272,used to indicate a meaning that is understood rather than explicitly stated,usado para indicar un significado entendido más que expresado de manera explícita,simbólico/simbólica
4273,characterized by or relating to the stage or performance of actors and actresses.,caracterizado por o relacionado con el escenario o actuación de actores y actrices.,teatral
4274,The study of the human mind and its functions.,El estudio del cerebro humano y sus funciones.,psicología
4275,the act of searching for or investigating something in order to learn more about it,el acto de buscar o investigar algo para obtener más información sobre ello,exploración
4276,A travel document issued by a country that allows the holder to enter and stay in that country for a specified period.,Un documento de viaje emitido por un país que permite al titular entrada y permanencia en ese país durante un período específico.,visado
4277,a slight movement of the head,un movimiento ligero de la cabeza,cabeceo
4278,a strong feeling of dislike or hostility towards someone or something,un sentimiento fuerte de desdén o hostilidad hacia alguien o algo,odio
4279,the act of intentionally failing to care for something or someone.,el acto de intencionalmente descuidar algo o alguien.,negligencia
4280,completely unable to pay debts,totalmente incapable de pagar deudas,bancarrota
4281,having the quality of producing poison or being poisonous.,teniendo la calidad de producir veneno o siendo venenoso.,venenoso/venenosa
4282,a smiley face is used to convey happiness or friendliness.,una sonrisa sonriente se utiliza para expresar alegría o amistad.,sonrisa
4283,A type of undergarment for women that provides support and separation from the body.,Un tipo de ropa interior para mujeres que proporciona apoyo y separación del cuerpo.,sostén
4284,"A cord is a length of flexible material, such as rope or wire, used for connecting or supporting something.","Una cuerda es una longitud de material elástico, como cuerdas o cables, utilizado para conectar o apoyar algo.",cuerda
4285,A large black bird with a distinctive call.,Un grande cuervo negro con un llamado caracteristico.,cuervo
4286,a remarkable achievement or accomplishment,un logro notabilísimo o logro,hazaña
4287,The missus is a term of endearment for one's wife.,La missus es un término de cariño utilizado para una esposa.,señora
4288,a layer of glass or ceramic material applied to a surface for protection and decoration.,una capa de vidrio o cerámica aplicada a una superficie para protección y decoración.,vidriera
4289,the desire to know about something,el deseo de saber algo,curiosidad
4290,the state of being exceptionally good or outstanding,el estado de ser excepcionalmente bueno o destacado,excelencia
4291,a point or moment of being on the edge of something,un punto o momento de estar en el borde de algo,borde
4292,"A person who installs and maintains pipes, fixtures, and appliances that are connected to water and gas systems.","Un persona que instala y mantiene tuberías, fuentes y equipos conectados a sistemas de agua y gas.",fontanero/fontanera
4293,"A mineral is a naturally occurring inorganic element or compound having an orderly internal structure and characteristic chemical composition, crystal form, and physical properties.","Un mineral es un elemento o compuesto naturalmente ocurrente e inorgánico con una estructura interna ordenada y una composición química, forma cristalina y propiedades físicas característicos.",mineral
4294,a mixture of powdered limestone and clay used for building construction.,una mezcla de polvo de caliza y barro utilizado para la construcción de edificios.,cemento
4295,a place or situation that is less noisy,un lugar o situación que es menos ruidoso,más silencioso
4296,A person who swims as a form of exercise or recreation.,Una persona que nata como forma de ejercicio o recreación.,nadador/nadadora
4297,relating to or consisting of idea rather than concrete form.,relacionado con o consistente en idea más que forma concreta.,abstracto/abstracta
4298,pleasantly enjoyable or stimulating,agradablemente disfrutable o estimulante,gratificante
4299,"A person who makes or presents commentaries or analyses of events, especially on television.","Una persona que hace o presenta comentarios o análisis de eventos, especialmente en televisión.",comentarista
4300,Providing false or misleading information with the intention of deceiving.,Proporcionar información falsa o engañosa con la intención de engañar.,engañoso/engañosa
4301,to till the soil with a plough,arar el suelo con una pala,arado
4302,very cool or enjoyable,muy bueno o agradable,groovy
4303,A brief overview of a longer document or situation.,Un resumen breve de un documento o situación más largo.,resumen
4304,A medical procedure where a substance is introduced into the body.,Un procedimiento médico donde un sustancia se introduce en el cuerpo.,inyección
4305,A person who travels from place to place.,Un viajero es una persona que se desplaza de un lugar a otro.,viajero/viajera
4306,the fluid produced by the kidneys to eliminate waste from the body,el líquido producido por los riñones para eliminar desechos del cuerpo,orina
4307,A device for sealing envelopes by compressing air inside.,Un dispositivo para sellar envoltorios de correo comprimiendo aire dentro.,cremallera
4308,to inflict a penalty or punishment on someone for a wrong or offense.,impedir que alguien padezca una sanción o castigo por un error o infracción.,castigar
4309,A marker is a symbol or sign used to identify a point on a map.,Un marcador es un símbolo o señal utilizado para identificar un punto en un mapa.,marcador/marcadora
4310,relating to or characterized by physical fitness and athletic ability.,relacionado con o caracterizado por la condición física y la capacidad atlética.,atlético/atlética
4311,a record of an individual's ancestry or descent,un registro de la ascendencia o descendencia de una persona,pedigree
4312,A series of events or offices held by a person in an official position.,Una serie de eventos o cargos ocupados por una persona en un puesto oficial.,sucesión
4313,having or showing an exaggerated sense of superiority,tener o mostrar un exceso de orgullo,arrogante
4314,A unit of length or distance,Unidad de longitud o distancia,metro
4315,A ship that does not carry cargo but provides accommodations for passengers,Un barco que no transporta carga pero ofrece alojamiento para pasajeros,transatlántico
4316,to think again about something in order to change one's mind,pensar de nuevo sobre algo para cambiar la mente,reconsiderar
4317,to create fabric by interlocking loops of yarn with two needles.,crear tela creando lazos entrelazados con dos agujeros de hilo,tejer
4318,A warden is an official who supervises and manages a correctional facility or institution.,Un guardián es un funcionario oficial que supervisa y administra una institución correccional.,guardián/guardiana
4319,"relating to the health and beauty of the body, especially through the use of products such as shampoos and cosmetics.","relacionado con la salud y belleza del cuerpo, especialmente a través de los productos como champús y cosméticos.",cosmético/cosmética
4320,A powerful emotional response to a frightening or exciting situation.,Un poderoso respuesta emocional a una situación asustadora o emocionante.,adrenalina
4321,the feeling of expecting something to happen or be done,la sensación de esperar que suceda algo o esté en curso,anticipación
4322,the state of being accurate or exact in a situation,el estado de ser preciso o exacto en una situación,precisión
4323,A microwave is a cooking appliance that uses electromagnetic waves to heat and cook food.,Una microondas es un electrodoméstico que utiliza ondas electromagnéticas para calentar y cocinar alimentos.,microondas
4324,a feeling of discontent and resentment towards someone else's success or possessions.,un sentimiento de incomodidad y resentimiento hacia el éxito o poseiciones de alguien más.,envidia
4325,a short phrase expressing a person's philosophy or aim,una breve frase que expresa la filosofía o el objetivo de una persona,lema
4326,"a group of objects or elements that are closely related in form, function, or origin.","un grupo de objetos o elementos que están estrechamente relacionados en forma, función o origen.",grupo
4327,to make something better or more effective,aumentar o mejorar algo,mejorar
4328,showing a disregard for danger or rules,mostrando una desobediencia ante peligro o reglas,temerario/temeraria
4329,A person who measures the area and boundaries of land,Un agrimensor es un profesional que mide las áreas y límites de la tierra,agrimensor/agrimensora
4330,A unit of distance equal to one thousand metres.,Unidad de medida de distancia igual a un mil metro.,kilómetro
4331,A material or system used to reduce heat transfer between objects.,Un material o sistema utilizado para reducir la transferencia de calor entre objetos.,aislamiento
4332,clearly expressed in a way that can be easily grasped by the mind.,expresado de manera clara que puede ser fácilmente comprendido por la mente.,comprensible
4333,a request or appeal made in order to influence someone's decision or action.,una solicitud o apelación hecha para influir en la decisión o acción de alguien.,súplica
4334,A group consisting of three people or things.,Un grupo formado por tres personas o cosas.,trío
4335,A pedal is a mechanical device used to operate a vehicle or other machine.,El pedal es un dispositivo mecánico utilizado para operar una vehículo o otra máquina.,pedal
4336,"to defeat or subdue a country, city, or person decisively and completely","derrotar o someter una nación, ciudad u persona de manera decisiva y completa",conquistar
4337,"a loud and powerful sound, like the noise of a waterfall or an animal.","un ruido fuerte y poderoso, como el sonido de una cascada o un animal.",rugido
4338,the act of feeding livestock on pasture,el acto de alimentar ganado en pastizal,pastoreo
4339,having many uneven or abrupt changes in level or smoothness,teniendo muchos cambios irregular o abruptos en nivel o suavidad,accidentado/accidentada
4340,having or expressing a feeling of happiness and optimism.,teniendo o expresando un sentimiento de alegría y optimismo.,alegre
4341,to increase the amount or degree of something,aumentar la cantidad o grado de algo,maximizar
4342,A person or company that supplies goods or services.,Una persona o empresa que proporciona bienes o servicios.,proveedor/proveedora
4343,to choose or pick,eligen,elegir
4344,to work very hard at something,trabajar muy duro en algo,moler
4345,"A ruler is a flat, rigid instrument used for measuring lengths and widths.",Un rèl es una herramienta plana y rígida utilizada para medir longitudes y anchuras.,gobernante
4346,showing signs of aging and corroding,mostrando signos de envejecimiento y corrosión,oxidado/oxidada
4347,A person's sense of self-importance or pride.,El sentido de importancia o orgullo de una persona.,ego
4348,a large area of land covered with grass and other herbaceous plants,una gran área de tierra cubierta con hierba y otras plantas herbáceas,prado
4349,a prolonged and intense experience of suffering or hardship.,un prolongado y intenso experiencia de sufrimiento o dificultad.,calvario
4350,to open or make accessible by removing a lock or other security device,sacar un bloqueo o hacer accesible por remover un dispositivo de seguridad,desbloquear
4351,A person who rides a bicycle.,Un ciclista es una persona que se sube a un bicicleta.,ciclista
4352,a person who supports or favors the interests of their own nation.,un persona que apoya o defiende los intereses de su propia nación,nacionalista
4353,capable of producing a good or useful result; helpful,capaz de producir un buen o resultado útil; útil,constructivo/constructiva
4354,A person or organization that provides goods or services.,Una persona o empresa que proporciona bienes o servicios.,proveedor/proveedora
4355,A person or business that sells goods to customers for resale.,Una persona o negocio que vende bienes a los clientes para su venta en segunda mano.,minorista
4356,the act of making someone or something poisonous,el acto de hacer que alguien o algo sea venenoso,envenenamiento
4357,causing someone to be quiet or preventing them from speaking,faciendo que alguien se quede callado o impidiéndole hablar,shhh
4358,A person who rescues or saves someone from a difficult or dangerous situation.,Una persona que rescat\ucdota o salva a alguien de una situaci\u00f3n complicada o peligrosa.,salvador/salvadora
4359,Most important in importance or position.,Más importante en importancia o posición.,principal
4360,a strong feeling of wanting something eagerly,una fuerte sensación de deseo intensivo,codicia
4361,a soft and smooth fabric made from cotton or silk,un tejido suave y suave hecho de seda o lana,terciopelo
4362,"a person who accompanies and protects someone, especially a woman, on an event or journey.","una persona que acompaña y protege a alguien, especialmente una mujer, en un evento o viaje.",escolta
4363,a device or process used to select and exclude unwanted elements from a mixture or data set.,un dispositivo o proceso utilizado para seleccionar y excluir elementos no deseados de una mezcla o conjunto de datos.,filtro
4364,"Lacking coordination and skill, resulting in accidental injuries or embarrassing situations.","Falta de coordinación y habilidad, lo que conduce a lesiones accidentales o situaciones incómodas.",torpe
4365,to find the position or location of something,encontrar la posición o ubicación de algo,localizar
4366,a device or system for storing energy or power,un dispositivo o sistema para almacenar energía o potencia,arnés
4367,the act or process of making or creating something,el acto o proceso de hacer o crear algo,fabricación
4368,a performance that mimics action without speaking,un espectáculo que imita acción sin hablar,pantomima
4369,the leading part of a movement or party,la parte líder de un movimiento o partido,vanguardia
4370,the state of being free from guilt or sin,el estado de ser libre de culpa o pecado,inocencia
4371,A composition is a piece of writing that expresses the writer's thoughts and feelings on a particular subject.,Una composición es una pieza de escritura que expresa las ideas y sentimientos del escritor sobre un tema determinado.,composición
4372,A snug fit is one that is comfortable and closely tailored.,Un ajuste cómodo es uno que es cómodo y estrechamente acoplado.,cómodo/cómoda
4373,used to describe a small or young dog,usado para describir un perro pequeño o joven,perrito
4374,Smooth and glossy in appearance.,Liso y brillante en apariencia.,elegante
4375,"Characterized by or indicating a lack of brightness and warmth, often with a sad or depressing atmosphere.","Caracterizado por o indicativo de falta de brillo y calor, a menudo con un estado triste o depresivo.",lúgubre
4376,A source of record for events or experiences.,Fuente de registro para eventos o experiencias.,revista
4377,having a tendency to be overly concerned with small details.,tendencia a ser demasiado preoccupado con detalles pequeños.,quisquilloso/quisquillosa
4378,not changing or moving,inmóvil o inmutable,estático/estática
4379,relating to or resembling something in a simulated or imaginary way,relacionado o semejante a algo de manera simulada o imaginaria,virtual
4380,occurring or done often,ocurriendo o realizándose con frecuencia,frecuente
4381,extremely fierce or violent in nature,extremadamente feroz o violento en naturaleza,feroz
4382,showing kindness and generosity to those in need,mostrando amabilidad y generosidad hacia aquellos en necesidad,caritativo/caritativa
4383,occurring or done at all times; not interrupted or stopped,ocurriendo o realizado sin interrupción,continuo/continua
4384,the process of joining or combining two or more things to create a unified whole,el proceso de unir o combinar dos o más cosas para crear una unidad integral,integración
4385,to take an active part in a activity or process,participar en una actividad o proceso,participar
4386,A juicy and sweet stone fruit often eaten in the summer.,Una deliciosa y dulce fruta de piedra que se come comúnmente en el verano.,melocotón
4387,not susceptible to infection or disease,no susceptible a infeccion o enfermedad,inmune
4388,characterized by a sweet and pleasant taste,caracterizado por un sabor dulce y agradable,afrutado/afrutada
4389,relating to or characteristic of the countryside or rural areas.,relacionado con o característico de las zonas rurales o campesinas.,rústico/rústica
4390,"a small amount of shining or sparkling light or particles, especially in a decorative way.","un pequeño montón de luz brillante o partículas, especialmente en un modo decorativo.",brillo
4391,a waxy or transparent substance used for cosmetic purposes,un material cero o transparente utilizado para fines cosméticos,gel
4392,A loud noisy disturbance,Un ruido fuerte y agudo,raqueta
4393,to give up or admit something as true,dar o admitir algo como verdadero,conceder
4394,a long strap or band used to fasten something,una larga correa o cinta utilizada para asegurar algo,correa
4395,the extent or measure of something from side to side,el tamaño o medida de algo desde un lado al otro,ancho
4396,A swelling or growth in size or amount.,Una hinchazón o crecimiento en tamaño o cantidad.,hinchazón
4397,A long duration of time during which a particular person or family is in power or control.,Un período prolongado de tiempo durante el cual una persona o familia mantiene el poder o el control.,dinastía
4398,the quality of remaining unchanged or uninterrupted,la calidad de permanecer sin cambios o interrumpidos,continuidad
4399,Relating to the East or to Eastern cultures.,Relacionado con el Este o con las culturas del este.,oriental
4400,very persuasive or attractive,muy persuasivo o atractivo,convincente
4401,the act of introducing something new or existing into a country,el proceso de introducir algo nuevo o existente en un país,importación
4402,thriving or prospering greatly,en auge,en auge
4403,A greater amount of something than is needed or required.,Una cantidad mayor de algo que es necesaria o requerida.,excedente
4404,"a short sleep, especially one taken in the early afternoon",una siesta corta,siesta
4405,A firearm that uses cartridges to launch projectiles.,Un arma de fuego que utiliza cártridges para lanzar proyectiles.,fusil
4406,extremely heavy or strong,extremadamente pesado o fuerte,fuerte
4407,very bright and clear in sight or feeling,muy brillante y claro de vista o sentimiento,vívido/vívida
4408,used to introduce a contrast or qualification to what has been said before,se utiliza para introducir una contradicción o cualificación a lo dicho anteriormente,aunque
4409,a cosmetic used to color the lips.,un cosmético utilizado para colorear las labios.,lápiz labial
4410,the act of dismantling or destroying something,el acto de desmantelar o destruir algo,demolición
4411,a financial transaction in which money is taken out of a bank account or fund.,una transacción financiera en la que se retira dinero de una cuenta bancaria o fondo.,retirada
4412,"relating to two things that are equal in size, amount, or degree","relacionado con dos cosas que son iguales en tamaño, cantidad o grado",doble
4413,to pay back or compensate for something,pagar de nuevo o compensar algo,reembolsar
4414,A strong wind blowing from a particular direction.,Un fuerte viento que blae desde una dirección en particular.,vendaval
4415,A piece of furniture for sitting or reclining.,Un mueble para sentarse o recostarse.,sofá
4416,causing or characterized by sweating.,causando o caracterizado por sudoración.,sudoroso/sudorosa
4417,a set of letters used to write a language,un conjunto de letras utilizadas para escribir una lengua,alfabeto
4418,not causing harm or injury,no causando daño o daño a otros,inofensivo/inofensiva
4419,able to be carried or transported easily,capaz de ser llevado o transportado fácilmente,portátil
4420,A part of an animal's foot,Un parte de la mano o patas de un animal,garra
4421,a structure for supporting or holding something,una estructura para soportar o sostener algo,plataforma
4422,having or giving the appearance of being deceitful,teniendo o dándose la apariencia de ser engañoso,sospechoso/sospechosa
4423,characterized by dignity and gravity,caracterizado por dignidad y gravedad,imponente
4424,a strong feeling of anger or hostility,una fuerte sensación de ira o hostilidad,furia
4425,marked by an intense and passionate quality; fiercely hot.,caracterizado por una intensidad y pasión aparentes; extremadamente caliente.,ardiente
4426,A set of objects used for carrying personal items on a trip.,Un conjunto de objetos utilizados para transportar objetos personales en un viaje.,equipaje
4427,the activity of driving a car or other vehicle for pleasure,el arte de conducir un coche o otro vehículo con fines de ocio,automovilismo
4428,A person who writes novels.,Una persona que escribe novelas.,novelista
4429,the state of being saved from danger or suffering,el estado de ser rescatado de peligro o sufrimiento,salvación
4430,a state of extreme destruction or ruin,un estado de destrucción extrema o ruina,devastación
4431,existing or occurring alone without other things,existente o ocurriendo sola sin otras cosas,solitario/solitaria
4432,"A rash is a skin eruption that results from an allergic reaction, infection, or irritant exposure.","Un sarpullido es una erupción de la piel que se produce como resultado de una reacción alérgica, infección o exposición a un irritante.",sarpullido
4433,the state of being fair and just,el estado de ser justo y equitativo,equidad
4434,relating or consisting of a tie that holds things together,relacionado o consistente en una relación de vínculo que mantiene las cosas juntas,vinculante
4435,The act of urinating or producing urine.,El acto de orinar o producir orina.,pis
4436,a residential area on the outskirts of a city or town,un área residencial en las afueras de una ciudad o pueblo,suburbio
4437,Lacking stability; not firm or secure.,Falta de estabilidad; no firme o seguro.,inestable
4438,The military supplies used to arm and equip soldiers.,Las armas y suministros militares utilizados para equipar y armar a los soldados.,municiones
4439,relating to surgery,relacionado con la cirugía,quirúrgico/quirúrgica
4440,to grow or thrive prosperously,crecer o prosperar con fuerza,florecer
4441,Well-known for being bad or evil.,Conocido por ser malo o mala,infame
4442,a person who supports or funds an organization or business.,una persona que apoya o financia una organización o negocio.,patrono/patrona
4443,to take unfair advantage of someone or something,hacerse de algo o a alguien para obtener un beneficio injusto,explotar
4444,a fiery or explosive eruption of flame,un brote de fuego intenso o explosivo,incendio
4445,a sport played mainly in the United Kingdom and other English-speaking countries with a round ball and two teams,un deporte jugado principalmente en el Reino Unido y otros países de habla inglesa con una pelota redonda y dos equipos,fútbol
4446,relating to or involving shared ownership or control,relacionado con o involucrando propiedad o control compartido,comunal
4447,to get rid of or remove something completely,eliminar algo completamente,eliminar
4448,a statement of facts about oneself that are true and honest,un declaración de hechos sobre uno mismo que son verdaderos y honestos,confesión
4449,A group of people who belong to the same religious organization or community.,Un grupo de personas que pertenecen a la misma organización religiosa o comunidad.,congregación
4450,a violent attack in which a large number of people are killed,un ataque violento en el que se matan una gran cantidad de personas,masacre
4451,The process of accepting someone or something into a place or organization.,El proceso de aceptar a alguien o algo en un lugar o organización.,admisión
4452,a dispute or argument between two or more people,un disputa o discusión entre dos o más personas,contienda
4453,a small metal loop used to fasten or unfasten something,un pequeño anillo metálico utilizado para abrochar o desabrochar algo,hebilla
4454,the reason for doing something,la razón por la que algo se hace,motivo
4455,having or showing a reaction of the body to a substance that is not harmful to most people.,teniendo o mostrando una reacción del cuerpo a un sustancia que no es perjudicial para la mayoría de las personas.,alérgico/alérgica
4456,the quality of being seen or perceived,la calidad de ser visto o percibido,visibilidad
4457,capable of being selected or qualified for something,capaz de ser seleccionado o calificado para algo,elegible
4458,A military device for firing shells at a target.,Un arma de fuego destinada a disparar balas en un objetivo.,artillería
4459,to remove the surface layer of something,quitar la capa superficial de algo,raspar
4460,to cause someone or something to sink underwater and be unable to breathe,causar que alguien o algo se ahogue y no pueda respirar,ahogar
4461,a natural inclination or disposition to do something,una inclinación natural o disposición a hacer algo,tendencia
4462,a person who makes or repairs woodwork and other wooden objects.,un hombre o mujer que hace o repara objetos de madera y otros trabajos de madera.,carpintero/carpintera
4463,a long narrow piece of wood or metal that rotates around a joint,un largo y estrecho trozo de madera o metales que gira alrededor de un union,eje
4464,a state of dullness or depression,un estado de opresiva tristeza,penumbra
4465,to make a loud rattling noise,hacer un ruido de golpearse,traqueteo
4466,A slow and deliberate gait of a horse.,Un paso lento y deliberado de un caballo.,trote
4467,to interlock or entwine threads or yarns,entrelazar o entrelazar hilo o hilo,tejer
4468,Fully or mainly depending on someone or something for support or success.,Totalmente o completamente dependiente de alguien o algo para apoyo o éxito.,dependiente
4469,A flat structure that can be used for floating on water.,Un estructura plana que se utiliza para flotar en el agua.,balsa
4470,a feeling or attitude of liking one thing more than another,una sensación o actitud de gustar más uno que otro,preferencia
4471,showing no signs of weakness or yielding to pressure or temptation.,muestra signos de debilidad ni muestra voluntad para ceder ante presión o tentación.,implacable
4472,A locker is a container for storing personal items in a school or gym.,Una taquilla es un contenedor para almacenar objetos personales en una escuela o gimnasio.,taquilla
4473,a bright spot or flash of light,un punto o destello brillante de luz,brillo
